ISBN,Book-Title,Book-Author,Year-Of-Publication,Publisher,Image-URL-S,Image-URL-M,Image-URL-L,content
0440234743,The Testament,John Grisham,1999.0,Dell,http://images.amazon.com/images/P/0440234743.01.THUMBZZZ.jpg,http://images.amazon.com/images/P/0440234743.01.MZZZZZZZ.jpg,http://images.amazon.com/images/P/0440234743.01.LZZZZZZZ.jpg,The Testament John Grisham Dell
0452264464,Beloved (Plume Contemporary Fiction),Toni Morrison,1994.0,Plume,http://images.amazon.com/images/P/0452264464.01.THUMBZZZ.jpg,http://images.amazon.com/images/P/0452264464.01.MZZZZZZZ.jpg,http://images.amazon.com/images/P/0452264464.01.LZZZZZZZ.jpg,Beloved (Plume Contemporary Fiction) Toni Morrison Plume
0971880107,Wild Animus,Rich Shapero,2004.0,Too Far,http://images.amazon.com/images/P/0971880107.01.THUMBZZZ.jpg,http://images.amazon.com/images/P/0971880107.01.MZZZZZZZ.jpg,http://images.amazon.com/images/P/0971880107.01.LZZZZZZZ.jpg,Wild Animus Rich Shapero Too Far
0345402871,Airframe,Michael Crichton,1997.0,Ballantine Books,http://images.amazon.com/images/P/0345402871.01.THUMBZZZ.jpg,http://images.amazon.com/images/P/0345402871.01.MZZZZZZZ.jpg,http://images.amazon.com/images/P/0345402871.01.LZZZZZZZ.jpg,Airframe Michael Crichton Ballantine Books
0345417623,Timeline,MICHAEL CRICHTON,2000.0,Ballantine Books,http://images.amazon.com/images/P/0345417623.01.THUMBZZZ.jpg,http://images.amazon.com/images/P/0345417623.01.MZZZZZZZ.jpg,http://images.amazon.com/images/P/0345417623.01.LZZZZZZZ.jpg,Timeline MICHAEL CRICHTON Ballantine Books
0446310786,To Kill a Mockingbird,Harper Lee,1988.0,Little Brown &amp; Company,http://images.amazon.com/images/P/0446310786.01.THUMBZZZ.jpg,http://images.amazon.com/images/P/0446310786.01.MZZZZZZZ.jpg,http://images.amazon.com/images/P/0446310786.01.LZZZZZZZ.jpg,To Kill a Mockingbird Harper Lee Little Brown &amp; Company
0449005615,Seabiscuit: An American Legend,LAURA HILLENBRAND,2002.0,Ballantine Books,http://images.amazon.com/images/P/0449005615.01.THUMBZZZ.jpg,http://images.amazon.com/images/P/0449005615.01.MZZZZZZZ.jpg,http://images.amazon.com/images/P/0449005615.01.LZZZZZZZ.jpg,Seabiscuit: An American Legend LAURA HILLENBRAND Ballantine Books
0671888587,I'll Be Seeing You,Mary Higgins Clark,1994.0,Pocket,http://images.amazon.com/images/P/0671888587.01.THUMBZZZ.jpg,http://images.amazon.com/images/P/0671888587.01.MZZZZZZZ.jpg,http://images.amazon.com/images/P/0671888587.01.LZZZZZZZ.jpg,I'll Be Seeing You Mary Higgins Clark Pocket
0425182908,Isle of Dogs,Patricia Cornwell,2002.0,Berkley Publishing Group,http://images.amazon.com/images/P/0425182908.01.THUMBZZZ.jpg,http://images.amazon.com/images/P/0425182908.01.MZZZZZZZ.jpg,http://images.amazon.com/images/P/0425182908.01.LZZZZZZZ.jpg,Isle of Dogs Patricia Cornwell Berkley Publishing Group
042518630X,Purity in Death,J.D. Robb,2002.0,Berkley Publishing Group,http://images.amazon.com/images/P/042518630X.01.THUMBZZZ.jpg,http://images.amazon.com/images/P/042518630X.01.MZZZZZZZ.jpg,http://images.amazon.com/images/P/042518630X.01.LZZZZZZZ.jpg,Purity in Death J.D. Robb Berkley Publishing Group
0440225701,The Street Lawyer,JOHN GRISHAM,1999.0,Dell,http://images.amazon.com/images/P/0440225701.01.THUMBZZZ.jpg,http://images.amazon.com/images/P/0440225701.01.MZZZZZZZ.jpg,http://images.amazon.com/images/P/0440225701.01.LZZZZZZZ.jpg,The Street Lawyer JOHN GRISHAM Dell
042511774X,Breathing Lessons,Anne Tyler,1994.0,Berkley Publishing Group,http://images.amazon.com/images/P/042511774X.01.THUMBZZZ.jpg,http://images.amazon.com/images/P/042511774X.01.MZZZZZZZ.jpg,http://images.amazon.com/images/P/042511774X.01.LZZZZZZZ.jpg,Breathing Lessons Anne Tyler Berkley Publishing Group
0804106304,The Joy Luck Club,Amy Tan,1994.0,Prentice Hall (K-12),http://images.amazon.com/images/P/0804106304.01.THUMBZZZ.jpg,http://images.amazon.com/images/P/0804106304.01.MZZZZZZZ.jpg,http://images.amazon.com/images/P/0804106304.01.LZZZZZZZ.jpg,The Joy Luck Club Amy Tan Prentice Hall (K-12)
0140067477,The Tao of Pooh,Benjamin Hoff,1983.0,Penguin Books,http://images.amazon.com/images/P/0140067477.01.THUMBZZZ.jpg,http://images.amazon.com/images/P/0140067477.01.MZZZZZZZ.jpg,http://images.amazon.com/images/P/0140067477.01.LZZZZZZZ.jpg,The Tao of Pooh Benjamin Hoff Penguin Books
0345465083,Seabiscuit,LAURA HILLENBRAND,2003.0,Ballantine Books,http://images.amazon.com/images/P/0345465083.01.THUMBZZZ.jpg,http://images.amazon.com/images/P/0345465083.01.MZZZZZZZ.jpg,http://images.amazon.com/images/P/0345465083.01.LZZZZZZZ.jpg,Seabiscuit LAURA HILLENBRAND Ballantine Books
1558531025,Life's Little Instruction Book (Life's Little Instruction Books (Paperback)),H. Jackson Brown,1991.0,Thomas Nelson,http://images.amazon.com/images/P/1558531025.01.THUMBZZZ.jpg,http://images.amazon.com/images/P/1558531025.01.MZZZZZZZ.jpg,http://images.amazon.com/images/P/1558531025.01.LZZZZZZZ.jpg,Life's Little Instruction Book (Life's Little Instruction Books (Paperback)) H. Jackson Brown Thomas Nelson
0679429220,Midnight in the Garden of Good and Evil: A Savannah Story,John Berendt,1994.0,Random House,http://images.amazon.com/images/P/0679429220.01.THUMBZZZ.jpg,http://images.amazon.com/images/P/0679429220.01.MZZZZZZZ.jpg,http://images.amazon.com/images/P/0679429220.01.LZZZZZZZ.jpg,Midnight in the Garden of Good and Evil: A Savannah Story John Berendt Random House
0671867156,Pretend You Don't See Her,Mary Higgins Clark,1998.0,Pocket,http://images.amazon.com/images/P/0671867156.01.THUMBZZZ.jpg,http://images.amazon.com/images/P/0671867156.01.MZZZZZZZ.jpg,http://images.amazon.com/images/P/0671867156.01.LZZZZZZZ.jpg,Pretend You Don't See Her Mary Higgins Clark Pocket
0451166892,The Pillars of the Earth,Ken Follett,1996.0,Signet Book,http://images.amazon.com/images/P/0451166892.01.THUMBZZZ.jpg,http://images.amazon.com/images/P/0451166892.01.MZZZZZZZ.jpg,http://images.amazon.com/images/P/0451166892.01.LZZZZZZZ.jpg,The Pillars of the Earth Ken Follett Signet Book
067976397X,Corelli's Mandolin : A Novel,LOUIS DE BERNIERES,1995.0,Vintage,http://images.amazon.com/images/P/067976397X.01.THUMBZZZ.jpg,http://images.amazon.com/images/P/067976397X.01.MZZZZZZZ.jpg,http://images.amazon.com/images/P/067976397X.01.LZZZZZZZ.jpg,Corelli's Mandolin : A Novel LOUIS DE BERNIERES Vintage
0786868716,The Five People You Meet in Heaven,Mitch Albom,2003.0,Hyperion,http://images.amazon.com/images/P/0786868716.01.THUMBZZZ.jpg,http://images.amazon.com/images/P/0786868716.01.MZZZZZZZ.jpg,http://images.amazon.com/images/P/0786868716.01.LZZZZZZZ.jpg,The Five People You Meet in Heaven Mitch Albom Hyperion
0446612545,The Beach House,James Patterson,2003.0,Warner Books,http://images.amazon.com/images/P/0446612545.01.THUMBZZZ.jpg,http://images.amazon.com/images/P/0446612545.01.MZZZZZZZ.jpg,http://images.amazon.com/images/P/0446612545.01.LZZZZZZZ.jpg,The Beach House James Patterson Warner Books
0671027360,Angels &amp; Demons,Dan Brown,2001.0,Pocket Star,http://images.amazon.com/images/P/0671027360.01.THUMBZZZ.jpg,http://images.amazon.com/images/P/0671027360.01.MZZZZZZZ.jpg,http://images.amazon.com/images/P/0671027360.01.LZZZZZZZ.jpg,Angels &amp; Demons Dan Brown Pocket Star
0671042858,The Girl Who Loved Tom Gordon,Stephen King,2000.0,Pocket,http://images.amazon.com/images/P/0671042858.01.THUMBZZZ.jpg,http://images.amazon.com/images/P/0671042858.01.MZZZZZZZ.jpg,http://images.amazon.com/images/P/0671042858.01.LZZZZZZZ.jpg,The Girl Who Loved Tom Gordon Stephen King Pocket
0425184226,The Sum of All Fears,Tom Clancy,2002.0,Berkley Publishing Group,http://images.amazon.com/images/P/0425184226.01.THUMBZZZ.jpg,http://images.amazon.com/images/P/0425184226.01.MZZZZZZZ.jpg,http://images.amazon.com/images/P/0425184226.01.LZZZZZZZ.jpg,The Sum of All Fears Tom Clancy Berkley Publishing Group
0060976845,Little Altars Everywhere: A Novel,Rebecca Wells,1996.0,Perennial,http://images.amazon.com/images/P/0060976845.01.THUMBZZZ.jpg,http://images.amazon.com/images/P/0060976845.01.MZZZZZZZ.jpg,http://images.amazon.com/images/P/0060976845.01.LZZZZZZZ.jpg,Little Altars Everywhere: A Novel Rebecca Wells Perennial
0671004573,Before I Say Good-Bye,Mary Higgins Clark,2001.0,Pocket,http://images.amazon.com/images/P/0671004573.01.THUMBZZZ.jpg,http://images.amazon.com/images/P/0671004573.01.MZZZZZZZ.jpg,http://images.amazon.com/images/P/0671004573.01.LZZZZZZZ.jpg,Before I Say Good-Bye Mary Higgins Clark Pocket
0446601640,Slow Waltz in Cedar Bend,Robert James Waller,1994.0,Warner Books,http://images.amazon.com/images/P/0446601640.01.THUMBZZZ.jpg,http://images.amazon.com/images/P/0446601640.01.MZZZZZZZ.jpg,http://images.amazon.com/images/P/0446601640.01.LZZZZZZZ.jpg,Slow Waltz in Cedar Bend Robert James Waller Warner Books
038572179X,Atonement : A Novel,IAN MCEWAN,2003.0,Anchor,http://images.amazon.com/images/P/038572179X.01.THUMBZZZ.jpg,http://images.amazon.com/images/P/038572179X.01.MZZZZZZZ.jpg,http://images.amazon.com/images/P/038572179X.01.LZZZZZZZ.jpg,Atonement : A Novel IAN MCEWAN Anchor
0446527165,Wish You Well,David Baldacci,2000.0,Warner Books,http://images.amazon.com/images/P/0446527165.01.THUMBZZZ.jpg,http://images.amazon.com/images/P/0446527165.01.MZZZZZZZ.jpg,http://images.amazon.com/images/P/0446527165.01.LZZZZZZZ.jpg,Wish You Well David Baldacci Warner Books
0060977493,The God of Small Things,Arundhati Roy,1998.0,Perennial,http://images.amazon.com/images/P/0060977493.01.THUMBZZZ.jpg,http://images.amazon.com/images/P/0060977493.01.MZZZZZZZ.jpg,http://images.amazon.com/images/P/0060977493.01.LZZZZZZZ.jpg,The God of Small Things Arundhati Roy Perennial
0345378490,Congo,Michael Crichton,1995.0,Ballantine Books,http://images.amazon.com/images/P/0345378490.01.THUMBZZZ.jpg,http://images.amazon.com/images/P/0345378490.01.MZZZZZZZ.jpg,http://images.amazon.com/images/P/0345378490.01.LZZZZZZZ.jpg,Congo Michael Crichton Ballantine Books
0375705856,Plainsong (Vintage Contemporaries),KENT HARUF,2000.0,Vintage,http://images.amazon.com/images/P/0375705856.01.THUMBZZZ.jpg,http://images.amazon.com/images/P/0375705856.01.MZZZZZZZ.jpg,http://images.amazon.com/images/P/0375705856.01.LZZZZZZZ.jpg,Plainsong (Vintage Contemporaries) KENT HARUF Vintage
0380717018,Body of Evidence (Kay Scarpetta Mysteries (Paperback)),Patricia D. Cornwell,1992.0,Avon,http://images.amazon.com/images/P/0380717018.01.THUMBZZZ.jpg,http://images.amazon.com/images/P/0380717018.01.MZZZZZZZ.jpg,http://images.amazon.com/images/P/0380717018.01.LZZZZZZZ.jpg,Body of Evidence (Kay Scarpetta Mysteries (Paperback)) Patricia D. Cornwell Avon
0380718332,All That Remains (Kay Scarpetta Mysteries (Paperback)),Patricia D. Cornwell,1993.0,Avon,http://images.amazon.com/images/P/0380718332.01.THUMBZZZ.jpg,http://images.amazon.com/images/P/0380718332.01.MZZZZZZZ.jpg,http://images.amazon.com/images/P/0380718332.01.LZZZZZZZ.jpg,All That Remains (Kay Scarpetta Mysteries (Paperback)) Patricia D. Cornwell Avon
0385497466,The Brethren,JOHN GRISHAM,2000.0,Doubleday,http://images.amazon.com/images/P/0385497466.01.THUMBZZZ.jpg,http://images.amazon.com/images/P/0385497466.01.MZZZZZZZ.jpg,http://images.amazon.com/images/P/0385497466.01.LZZZZZZZ.jpg,The Brethren JOHN GRISHAM Doubleday
0385508042,The King of Torts,John Grisham,2003.0,Doubleday Books,http://images.amazon.com/images/P/0385508042.01.THUMBZZZ.jpg,http://images.amazon.com/images/P/0385508042.01.MZZZZZZZ.jpg,http://images.amazon.com/images/P/0385508042.01.LZZZZZZZ.jpg,The King of Torts John Grisham Doubleday Books
0385511612,Bleachers,John Grisham,2003.0,Doubleday,http://images.amazon.com/images/P/0385511612.01.THUMBZZZ.jpg,http://images.amazon.com/images/P/0385511612.01.MZZZZZZZ.jpg,http://images.amazon.com/images/P/0385511612.01.LZZZZZZZ.jpg,Bleachers John Grisham Doubleday
0385730586,Sisterhood of the Traveling Pants,ANN BRASHARES,2003.0,Delacorte Books for Young Readers,http://images.amazon.com/images/P/0385730586.01.THUMBZZZ.jpg,http://images.amazon.com/images/P/0385730586.01.MZZZZZZZ.jpg,http://images.amazon.com/images/P/0385730586.01.LZZZZZZZ.jpg,Sisterhood of the Traveling Pants ANN BRASHARES Delacorte Books for Young Readers
0446605484,Roses Are Red (Alex Cross Novels),James Patterson,2001.0,Warner Vision,http://images.amazon.com/images/P/0446605484.01.THUMBZZZ.jpg,http://images.amazon.com/images/P/0446605484.01.MZZZZZZZ.jpg,http://images.amazon.com/images/P/0446605484.01.LZZZZZZZ.jpg,Roses Are Red (Alex Cross Novels) James Patterson Warner Vision
0446610399,The Rescue,Nicholas Sparks,2001.0,Warner Books,http://images.amazon.com/images/P/0446610399.01.THUMBZZZ.jpg,http://images.amazon.com/images/P/0446610399.01.MZZZZZZZ.jpg,http://images.amazon.com/images/P/0446610399.01.LZZZZZZZ.jpg,The Rescue Nicholas Sparks Warner Books
0449911004,Patty Jane's House of Curl (Ballantine Reader's Circle),LORNA LANDVIK,1996.0,Ballantine Books,http://images.amazon.com/images/P/0449911004.01.THUMBZZZ.jpg,http://images.amazon.com/images/P/0449911004.01.MZZZZZZZ.jpg,http://images.amazon.com/images/P/0449911004.01.LZZZZZZZ.jpg,Patty Jane's House of Curl (Ballantine Reader's Circle) LORNA LANDVIK Ballantine Books
0452282152,Girl with a Pearl Earring,Tracy Chevalier,2001.0,Plume Books,http://images.amazon.com/images/P/0452282152.01.THUMBZZZ.jpg,http://images.amazon.com/images/P/0452282152.01.MZZZZZZZ.jpg,http://images.amazon.com/images/P/0452282152.01.LZZZZZZZ.jpg,Girl with a Pearl Earring Tracy Chevalier Plume Books
0671027387,Deception Point,Dan Brown,2002.0,Pocket,http://images.amazon.com/images/P/0671027387.01.THUMBZZZ.jpg,http://images.amazon.com/images/P/0671027387.01.MZZZZZZZ.jpg,http://images.amazon.com/images/P/0671027387.01.LZZZZZZZ.jpg,Deception Point Dan Brown Pocket
0684848783,Tis : A Memoir,Frank McCourt,1999.0,Scribner,http://images.amazon.com/images/P/0684848783.01.THUMBZZZ.jpg,http://images.amazon.com/images/P/0684848783.01.MZZZZZZZ.jpg,http://images.amazon.com/images/P/0684848783.01.LZZZZZZZ.jpg,Tis : A Memoir Frank McCourt Scribner
155874262X,Chicken Soup for the Soul (Chicken Soup for the Soul),Jack Canfield,1993.0,Health Communications,http://images.amazon.com/images/P/155874262X.01.THUMBZZZ.jpg,http://images.amazon.com/images/P/155874262X.01.MZZZZZZZ.jpg,http://images.amazon.com/images/P/155874262X.01.LZZZZZZZ.jpg,Chicken Soup for the Soul (Chicken Soup for the Soul) Jack Canfield Health Communications
0060987103,Wicked: The Life and Times of the Wicked Witch of the West,Gregory Maguire,1996.0,Regan Books,http://images.amazon.com/images/P/0060987103.01.THUMBZZZ.jpg,http://images.amazon.com/images/P/0060987103.01.MZZZZZZZ.jpg,http://images.amazon.com/images/P/0060987103.01.LZZZZZZZ.jpg,Wicked: The Life and Times of the Wicked Witch of the West Gregory Maguire Regan Books
0151008116,Life of Pi,Yann Martel,2002.0,Harcourt,http://images.amazon.com/images/P/0151008116.01.THUMBZZZ.jpg,http://images.amazon.com/images/P/0151008116.01.MZZZZZZZ.jpg,http://images.amazon.com/images/P/0151008116.01.LZZZZZZZ.jpg,Life of Pi Yann Martel Harcourt
0525947647,Lies and the Lying Liars Who Tell Them: A Fair and Balanced Look at the Right,Al Franken,2003.0,Dutton Books,http://images.amazon.com/images/P/0525947647.01.THUMBZZZ.jpg,http://images.amazon.com/images/P/0525947647.01.MZZZZZZZ.jpg,http://images.amazon.com/images/P/0525947647.01.LZZZZZZZ.jpg,Lies and the Lying Liars Who Tell Them: A Fair and Balanced Look at the Right Al Franken Dutton Books
0804111359,Secret History,DONNA TARTT,1993.0,Ballantine Books,http://images.amazon.com/images/P/0804111359.01.THUMBZZZ.jpg,http://images.amazon.com/images/P/0804111359.01.MZZZZZZZ.jpg,http://images.amazon.com/images/P/0804111359.01.LZZZZZZZ.jpg,Secret History DONNA TARTT Ballantine Books
1558744150,Chicken Soup for the Woman's Soul (Chicken Soup for the Soul Series (Paper)),Jack Canfield,1996.0,Health Communications,http://images.amazon.com/images/P/1558744150.01.THUMBZZZ.jpg,http://images.amazon.com/images/P/1558744150.01.MZZZZZZZ.jpg,http://images.amazon.com/images/P/1558744150.01.LZZZZZZZ.jpg,Chicken Soup for the Woman's Soul (Chicken Soup for the Soul Series (Paper)) Jack Canfield Health Communications
0684833395,Catch 22,Joseph Heller,1996.0,Simon &amp; Schuster,http://images.amazon.com/images/P/0684833395.01.THUMBZZZ.jpg,http://images.amazon.com/images/P/0684833395.01.MZZZZZZZ.jpg,http://images.amazon.com/images/P/0684833395.01.LZZZZZZZ.jpg,Catch 22 Joseph Heller Simon &amp; Schuster
044023722X,A Painted House,John Grisham,2001.0,Dell Publishing Company,http://images.amazon.com/images/P/044023722X.01.THUMBZZZ.jpg,http://images.amazon.com/images/P/044023722X.01.MZZZZZZZ.jpg,http://images.amazon.com/images/P/044023722X.01.LZZZZZZZ.jpg,A Painted House John Grisham Dell Publishing Company
0380730138,Vinegar Hill (Oprah's Book Club (Paperback)),A. Manette Ansay,1998.0,Perennial,http://images.amazon.com/images/P/0380730138.01.THUMBZZZ.jpg,http://images.amazon.com/images/P/0380730138.01.MZZZZZZZ.jpg,http://images.amazon.com/images/P/0380730138.01.LZZZZZZZ.jpg,Vinegar Hill (Oprah's Book Club (Paperback)) A. Manette Ansay Perennial
0142001740,The Secret Life of Bees,Sue Monk Kidd,2003.0,Penguin Books,http://images.amazon.com/images/P/0142001740.01.THUMBZZZ.jpg,http://images.amazon.com/images/P/0142001740.01.MZZZZZZZ.jpg,http://images.amazon.com/images/P/0142001740.01.LZZZZZZZ.jpg,The Secret Life of Bees Sue Monk Kidd Penguin Books
0312995423,Digital Fortress : A Thriller,Dan Brown,2003.0,St. Martin's Press,http://images.amazon.com/images/P/0312995423.01.THUMBZZZ.jpg,http://images.amazon.com/images/P/0312995423.01.MZZZZZZZ.jpg,http://images.amazon.com/images/P/0312995423.01.LZZZZZZZ.jpg,Digital Fortress : A Thriller Dan Brown St. Martin's Press
038542471X,The Client,John Grisham,1993.0,Doubleday Books,http://images.amazon.com/images/P/038542471X.01.THUMBZZZ.jpg,http://images.amazon.com/images/P/038542471X.01.MZZZZZZZ.jpg,http://images.amazon.com/images/P/038542471X.01.LZZZZZZZ.jpg,The Client John Grisham Doubleday Books
0380012863,Jonathan Livingston Seagull,Richard Bach,1976.0,Avon,http://images.amazon.com/images/P/0380012863.01.THUMBZZZ.jpg,http://images.amazon.com/images/P/0380012863.01.MZZZZZZZ.jpg,http://images.amazon.com/images/P/0380012863.01.LZZZZZZZ.jpg,Jonathan Livingston Seagull Richard Bach Avon
0671867113,Moonlight Becomes You,Mary Higgins Clark,1997.0,Pocket,http://images.amazon.com/images/P/0671867113.01.THUMBZZZ.jpg,http://images.amazon.com/images/P/0671867113.01.MZZZZZZZ.jpg,http://images.amazon.com/images/P/0671867113.01.LZZZZZZZ.jpg,Moonlight Becomes You Mary Higgins Clark Pocket
0060173289,Divine Secrets of the Ya-Ya Sisterhood : A Novel,Rebecca Wells,1996.0,HarperCollins,http://images.amazon.com/images/P/0060173289.01.THUMBZZZ.jpg,http://images.amazon.com/images/P/0060173289.01.MZZZZZZZ.jpg,http://images.amazon.com/images/P/0060173289.01.LZZZZZZZ.jpg,Divine Secrets of the Ya-Ya Sisterhood : A Novel Rebecca Wells HarperCollins
006101351X,The Perfect Storm : A True Story of Men Against the Sea,Sebastian Junger,1998.0,HarperTorch,http://images.amazon.com/images/P/006101351X.01.THUMBZZZ.jpg,http://images.amazon.com/images/P/006101351X.01.MZZZZZZZ.jpg,http://images.amazon.com/images/P/006101351X.01.LZZZZZZZ.jpg,The Perfect Storm : A True Story of Men Against the Sea Sebastian Junger HarperTorch
0440224675,Hannibal,Thomas Harris,2000.0,Dell Publishing Company,http://images.amazon.com/images/P/0440224675.01.THUMBZZZ.jpg,http://images.amazon.com/images/P/0440224675.01.MZZZZZZZ.jpg,http://images.amazon.com/images/P/0440224675.01.LZZZZZZZ.jpg,Hannibal Thomas Harris Dell Publishing Company
0553569058,The Robber Bride,Margaret Atwood,1995.0,Bantam,http://images.amazon.com/images/P/0553569058.01.THUMBZZZ.jpg,http://images.amazon.com/images/P/0553569058.01.MZZZZZZZ.jpg,http://images.amazon.com/images/P/0553569058.01.LZZZZZZZ.jpg,The Robber Bride Margaret Atwood Bantam
044021145X,The Firm,John Grisham,1992.0,Bantam Dell Publishing Group,http://images.amazon.com/images/P/044021145X.01.THUMBZZZ.jpg,http://images.amazon.com/images/P/044021145X.01.MZZZZZZZ.jpg,http://images.amazon.com/images/P/044021145X.01.LZZZZZZZ.jpg,The Firm John Grisham Bantam Dell Publishing Group
0449212084,Murder at the Kennedy Center (Capital Crime Mysteries),Margaret Truman,1990.0,Fawcett Books,http://images.amazon.com/images/P/0449212084.01.THUMBZZZ.jpg,http://images.amazon.com/images/P/0449212084.01.MZZZZZZZ.jpg,http://images.amazon.com/images/P/0449212084.01.LZZZZZZZ.jpg,Murder at the Kennedy Center (Capital Crime Mysteries) Margaret Truman Fawcett Books
0345424719,A Widow for One Year,JOHN IRVING,1999.0,Ballantine Books,http://images.amazon.com/images/P/0345424719.01.THUMBZZZ.jpg,http://images.amazon.com/images/P/0345424719.01.MZZZZZZZ.jpg,http://images.amazon.com/images/P/0345424719.01.LZZZZZZZ.jpg,A Widow for One Year JOHN IRVING Ballantine Books
0375726403,Empire Falls,Richard Russo,2002.0,Vintage Books USA,http://images.amazon.com/images/P/0375726403.01.THUMBZZZ.jpg,http://images.amazon.com/images/P/0375726403.01.MZZZZZZZ.jpg,http://images.amazon.com/images/P/0375726403.01.LZZZZZZZ.jpg,Empire Falls Richard Russo Vintage Books USA
0385503857,Oryx and Crake,Margaret Atwood,2003.0,Nan A. Talese,http://images.amazon.com/images/P/0385503857.01.THUMBZZZ.jpg,http://images.amazon.com/images/P/0385503857.01.MZZZZZZZ.jpg,http://images.amazon.com/images/P/0385503857.01.LZZZZZZZ.jpg,Oryx and Crake Margaret Atwood Nan A. Talese
0440226104,Black and Blue,ANNA QUINDLEN,1999.0,Dell,http://images.amazon.com/images/P/0440226104.01.THUMBZZZ.jpg,http://images.amazon.com/images/P/0440226104.01.MZZZZZZZ.jpg,http://images.amazon.com/images/P/0440226104.01.LZZZZZZZ.jpg,Black and Blue ANNA QUINDLEN Dell
0452277337,Le Divorce (William Abrahams Book),Diane Johnson,1997.0,Plume Books,http://images.amazon.com/images/P/0452277337.01.THUMBZZZ.jpg,http://images.amazon.com/images/P/0452277337.01.MZZZZZZZ.jpg,http://images.amazon.com/images/P/0452277337.01.LZZZZZZZ.jpg,Le Divorce (William Abrahams Book) Diane Johnson Plume Books
0671021001,She's Come Undone (Oprah's Book Club),Wally Lamb,1998.0,Pocket,http://images.amazon.com/images/P/0671021001.01.THUMBZZZ.jpg,http://images.amazon.com/images/P/0671021001.01.MZZZZZZZ.jpg,http://images.amazon.com/images/P/0671021001.01.LZZZZZZZ.jpg,She's Come Undone (Oprah's Book Club) Wally Lamb Pocket
0805063897,Nickel and Dimed: On (Not) Getting By in America,Barbara Ehrenreich,2002.0,Owl Books,http://images.amazon.com/images/P/0805063897.01.THUMBZZZ.jpg,http://images.amazon.com/images/P/0805063897.01.MZZZZZZZ.jpg,http://images.amazon.com/images/P/0805063897.01.LZZZZZZZ.jpg,Nickel and Dimed: On (Not) Getting By in America Barbara Ehrenreich Owl Books
0671002481,The First Wives Club Movie Tie In,Olivia Goldsmith,1996.0,Pocket,http://images.amazon.com/images/P/0671002481.01.THUMBZZZ.jpg,http://images.amazon.com/images/P/0671002481.01.MZZZZZZZ.jpg,http://images.amazon.com/images/P/0671002481.01.LZZZZZZZ.jpg,The First Wives Club Movie Tie In Olivia Goldsmith Pocket
0842329129,Left Behind: A Novel of the Earth's Last Days (Left Behind No. 1),Tim Lahaye,1996.0,Tyndale House Publishers,http://images.amazon.com/images/P/0842329129.01.THUMBZZZ.jpg,http://images.amazon.com/images/P/0842329129.01.MZZZZZZZ.jpg,http://images.amazon.com/images/P/0842329129.01.LZZZZZZZ.jpg,Left Behind: A Novel of the Earth's Last Days (Left Behind No. 1) Tim Lahaye Tyndale House Publishers
0060915544,The Bean Trees,Barbara Kingsolver,1989.0,Perennial,http://images.amazon.com/images/P/0060915544.01.THUMBZZZ.jpg,http://images.amazon.com/images/P/0060915544.01.MZZZZZZZ.jpg,http://images.amazon.com/images/P/0060915544.01.LZZZZZZZ.jpg,The Bean Trees Barbara Kingsolver Perennial
0060932759,Daughter of Fortune,Isabel Allende,2000.0,Perennial,http://images.amazon.com/images/P/0060932759.01.THUMBZZZ.jpg,http://images.amazon.com/images/P/0060932759.01.MZZZZZZZ.jpg,http://images.amazon.com/images/P/0060932759.01.LZZZZZZZ.jpg,Daughter of Fortune Isabel Allende Perennial
0312195516,The Red Tent (Bestselling Backlist),Anita Diamant,1998.0,Picador USA,http://images.amazon.com/images/P/0312195516.01.THUMBZZZ.jpg,http://images.amazon.com/images/P/0312195516.01.MZZZZZZZ.jpg,http://images.amazon.com/images/P/0312195516.01.LZZZZZZZ.jpg,The Red Tent (Bestselling Backlist) Anita Diamant Picador USA
0312278586,The Nanny Diaries: A Novel,Emma McLaughlin,2002.0,St. Martin's Press,http://images.amazon.com/images/P/0312278586.01.THUMBZZZ.jpg,http://images.amazon.com/images/P/0312278586.01.MZZZZZZZ.jpg,http://images.amazon.com/images/P/0312278586.01.LZZZZZZZ.jpg,The Nanny Diaries: A Novel Emma McLaughlin St. Martin's Press
0380710218,Postmortem,Patricia Daniels Cornwell,1993.0,Harper Mass Market Paperbacks (Mm),http://images.amazon.com/images/P/0380710218.01.THUMBZZZ.jpg,http://images.amazon.com/images/P/0380710218.01.MZZZZZZZ.jpg,http://images.amazon.com/images/P/0380710218.01.LZZZZZZZ.jpg,Postmortem Patricia Daniels Cornwell Harper Mass Market Paperbacks (Mm)
0671673688,While My Pretty One Sleeps,Mary Higgins Clark,1990.0,Pocket,http://images.amazon.com/images/P/0671673688.01.THUMBZZZ.jpg,http://images.amazon.com/images/P/0671673688.01.MZZZZZZZ.jpg,http://images.amazon.com/images/P/0671673688.01.LZZZZZZZ.jpg,While My Pretty One Sleeps Mary Higgins Clark Pocket
0156027321,Life of Pi,Yann Martel,2003.0,Harvest Books,http://images.amazon.com/images/P/0156027321.01.THUMBZZZ.jpg,http://images.amazon.com/images/P/0156027321.01.MZZZZZZZ.jpg,http://images.amazon.com/images/P/0156027321.01.LZZZZZZZ.jpg,Life of Pi Yann Martel Harvest Books
0385721420,Three Junes,JULIA GLASS,2003.0,Anchor,http://images.amazon.com/images/P/0385721420.01.THUMBZZZ.jpg,http://images.amazon.com/images/P/0385721420.01.MZZZZZZZ.jpg,http://images.amazon.com/images/P/0385721420.01.LZZZZZZZ.jpg,Three Junes JULIA GLASS Anchor
0451202341,Back Roads,Tawni O'Dell,2001.0,Signet Book,http://images.amazon.com/images/P/0451202341.01.THUMBZZZ.jpg,http://images.amazon.com/images/P/0451202341.01.MZZZZZZZ.jpg,http://images.amazon.com/images/P/0451202341.01.LZZZZZZZ.jpg,Back Roads Tawni O'Dell Signet Book
0449907481,A Thousand Acres (Ballantine Reader's Circle),JANE SMILEY,1992.0,Ballantine Books,http://images.amazon.com/images/P/0449907481.01.THUMBZZZ.jpg,http://images.amazon.com/images/P/0449907481.01.MZZZZZZZ.jpg,http://images.amazon.com/images/P/0449907481.01.LZZZZZZZ.jpg,A Thousand Acres (Ballantine Reader's Circle) JANE SMILEY Ballantine Books
0515127833,River's End,Nora Roberts,2003.0,Jove Books,http://images.amazon.com/images/P/0515127833.01.THUMBZZZ.jpg,http://images.amazon.com/images/P/0515127833.01.MZZZZZZZ.jpg,http://images.amazon.com/images/P/0515127833.01.LZZZZZZZ.jpg,River's End Nora Roberts Jove Books
0385424728,The Chamber,John Grisham,1994.0,Doubleday Books,http://images.amazon.com/images/P/0385424728.01.THUMBZZZ.jpg,http://images.amazon.com/images/P/0385424728.01.MZZZZZZZ.jpg,http://images.amazon.com/images/P/0385424728.01.LZZZZZZZ.jpg,The Chamber John Grisham Doubleday Books
0425182878,Chosen Prey,John Sandford,2004.0,Berkley Publishing Group,http://images.amazon.com/images/P/0425182878.01.THUMBZZZ.jpg,http://images.amazon.com/images/P/0425182878.01.MZZZZZZZ.jpg,http://images.amazon.com/images/P/0425182878.01.LZZZZZZZ.jpg,Chosen Prey John Sandford Berkley Publishing Group
0553564528,Guilty as Sin,TAMI HOAG,1997.0,Bantam,http://images.amazon.com/images/P/0553564528.01.THUMBZZZ.jpg,http://images.amazon.com/images/P/0553564528.01.MZZZZZZZ.jpg,http://images.amazon.com/images/P/0553564528.01.LZZZZZZZ.jpg,Guilty as Sin TAMI HOAG Bantam
055356451X,Night Sins,TAMI HOAG,1995.0,Bantam,http://images.amazon.com/images/P/055356451X.01.THUMBZZZ.jpg,http://images.amazon.com/images/P/055356451X.01.MZZZZZZZ.jpg,http://images.amazon.com/images/P/055356451X.01.LZZZZZZZ.jpg,Night Sins TAMI HOAG Bantam
0345369947,The Mummy or Ramses the Damned,Anne Rice,1991.0,Ballantine Books,http://images.amazon.com/images/P/0345369947.01.THUMBZZZ.jpg,http://images.amazon.com/images/P/0345369947.01.MZZZZZZZ.jpg,http://images.amazon.com/images/P/0345369947.01.LZZZZZZZ.jpg,The Mummy or Ramses the Damned Anne Rice Ballantine Books
0446394521,Daisy Fay and the Miracle Man,Fannie Flagg,1992.0,Warner Books,http://images.amazon.com/images/P/0446394521.01.THUMBZZZ.jpg,http://images.amazon.com/images/P/0446394521.01.MZZZZZZZ.jpg,http://images.amazon.com/images/P/0446394521.01.LZZZZZZZ.jpg,Daisy Fay and the Miracle Man Fannie Flagg Warner Books
068484267X,Angela's Ashes: A Memoir,Frank McCourt,1999.0,Scribner,http://images.amazon.com/images/P/068484267X.01.THUMBZZZ.jpg,http://images.amazon.com/images/P/068484267X.01.MZZZZZZZ.jpg,http://images.amazon.com/images/P/068484267X.01.LZZZZZZZ.jpg,Angela's Ashes: A Memoir Frank McCourt Scribner
0060938455,Fast Food Nation: The Dark Side of the All-American Meal,Eric Schlosser,2002.0,Perennial,http://images.amazon.com/images/P/0060938455.01.THUMBZZZ.jpg,http://images.amazon.com/images/P/0060938455.01.MZZZZZZZ.jpg,http://images.amazon.com/images/P/0060938455.01.LZZZZZZZ.jpg,Fast Food Nation: The Dark Side of the All-American Meal Eric Schlosser Perennial
0440122090,Echoes,Maeve Binchy,1989.0,Dell,http://images.amazon.com/images/P/0440122090.01.THUMBZZZ.jpg,http://images.amazon.com/images/P/0440122090.01.MZZZZZZZ.jpg,http://images.amazon.com/images/P/0440122090.01.LZZZZZZZ.jpg,Echoes Maeve Binchy Dell
0061009059,One for the Money (Stephanie Plum Novels (Paperback)),Janet Evanovich,1995.0,HarperTorch,http://images.amazon.com/images/P/0061009059.01.THUMBZZZ.jpg,http://images.amazon.com/images/P/0061009059.01.MZZZZZZZ.jpg,http://images.amazon.com/images/P/0061009059.01.LZZZZZZZ.jpg,One for the Money (Stephanie Plum Novels (Paperback)) Janet Evanovich HarperTorch
0446364193,Along Came a Spider (Alex Cross Novels),James Patterson,1993.0,Warner Books,http://images.amazon.com/images/P/0446364193.01.THUMBZZZ.jpg,http://images.amazon.com/images/P/0446364193.01.MZZZZZZZ.jpg,http://images.amazon.com/images/P/0446364193.01.LZZZZZZZ.jpg,Along Came a Spider (Alex Cross Novels) James Patterson Warner Books
0446672211,Where the Heart Is (Oprah's Book Club (Paperback)),Billie Letts,1998.0,Warner Books,http://images.amazon.com/images/P/0446672211.01.THUMBZZZ.jpg,http://images.amazon.com/images/P/0446672211.01.MZZZZZZZ.jpg,http://images.amazon.com/images/P/0446672211.01.LZZZZZZZ.jpg,Where the Heart Is (Oprah's Book Club (Paperback)) Billie Letts Warner Books
0140293248,The Girls' Guide to Hunting and Fishing,Melissa Bank,2000.0,Penguin Books,http://images.amazon.com/images/P/0140293248.01.THUMBZZZ.jpg,http://images.amazon.com/images/P/0140293248.01.MZZZZZZZ.jpg,http://images.amazon.com/images/P/0140293248.01.LZZZZZZZ.jpg,The Girls' Guide to Hunting and Fishing Melissa Bank Penguin Books
0142000205,Icy Sparks,Gwyn Hyman Rubio,2001.0,Penguin Books,http://images.amazon.com/images/P/0142000205.01.THUMBZZZ.jpg,http://images.amazon.com/images/P/0142000205.01.MZZZZZZZ.jpg,http://images.amazon.com/images/P/0142000205.01.LZZZZZZZ.jpg,Icy Sparks Gwyn Hyman Rubio Penguin Books
0385504209,The Da Vinci Code,Dan Brown,2003.0,Doubleday,http://images.amazon.com/images/P/0385504209.01.THUMBZZZ.jpg,http://images.amazon.com/images/P/0385504209.01.MZZZZZZZ.jpg,http://images.amazon.com/images/P/0385504209.01.LZZZZZZZ.jpg,The Da Vinci Code Dan Brown Doubleday
0446525502,The Rescue,Nicholas Sparks,2000.0,Warner Books,http://images.amazon.com/images/P/0446525502.01.THUMBZZZ.jpg,http://images.amazon.com/images/P/0446525502.01.MZZZZZZZ.jpg,http://images.amazon.com/images/P/0446525502.01.LZZZZZZZ.jpg,The Rescue Nicholas Sparks Warner Books
0670892963,Bridget Jones : The Edge of Reason,Helen Fielding,2000.0,Viking Books,http://images.amazon.com/images/P/0670892963.01.THUMBZZZ.jpg,http://images.amazon.com/images/P/0670892963.01.MZZZZZZZ.jpg,http://images.amazon.com/images/P/0670892963.01.LZZZZZZZ.jpg,Bridget Jones : The Edge of Reason Helen Fielding Viking Books
0385505833,Skipping Christmas,JOHN GRISHAM,2001.0,Doubleday,http://images.amazon.com/images/P/0385505833.01.THUMBZZZ.jpg,http://images.amazon.com/images/P/0385505833.01.MZZZZZZZ.jpg,http://images.amazon.com/images/P/0385505833.01.LZZZZZZZ.jpg,Skipping Christmas JOHN GRISHAM Doubleday
0743206045,Daddy's Little Girl,Mary Higgins Clark,2002.0,Simon &amp; Schuster,http://images.amazon.com/images/P/0743206045.01.THUMBZZZ.jpg,http://images.amazon.com/images/P/0743206045.01.MZZZZZZZ.jpg,http://images.amazon.com/images/P/0743206045.01.LZZZZZZZ.jpg,Daddy's Little Girl Mary Higgins Clark Simon &amp; Schuster
0446527793,The Guardian,Nicholas Sparks,2003.0,Warner Books,http://images.amazon.com/images/P/0446527793.01.THUMBZZZ.jpg,http://images.amazon.com/images/P/0446527793.01.MZZZZZZZ.jpg,http://images.amazon.com/images/P/0446527793.01.LZZZZZZZ.jpg,The Guardian Nicholas Sparks Warner Books
0446531332,Nights in Rodanthe,Nicholas Sparks,2002.0,Warner Books,http://images.amazon.com/images/P/0446531332.01.THUMBZZZ.jpg,http://images.amazon.com/images/P/0446531332.01.MZZZZZZZ.jpg,http://images.amazon.com/images/P/0446531332.01.LZZZZZZZ.jpg,Nights in Rodanthe Nicholas Sparks Warner Books
0316776963,Me Talk Pretty One Day,David Sedaris,2001.0,Back Bay Books,http://images.amazon.com/images/P/0316776963.01.THUMBZZZ.jpg,http://images.amazon.com/images/P/0316776963.01.MZZZZZZZ.jpg,http://images.amazon.com/images/P/0316776963.01.LZZZZZZZ.jpg,Me Talk Pretty One Day David Sedaris Back Bay Books
0451181379,The Door to December,Dean R. Koontz,1994.0,Signet Book,http://images.amazon.com/images/P/0451181379.01.THUMBZZZ.jpg,http://images.amazon.com/images/P/0451181379.01.MZZZZZZZ.jpg,http://images.amazon.com/images/P/0451181379.01.LZZZZZZZ.jpg,The Door to December Dean R. Koontz Signet Book
0425142485,The Funhouse,Dean R. Koontz,1994.0,Berkley Publishing Group,http://images.amazon.com/images/P/0425142485.01.THUMBZZZ.jpg,http://images.amazon.com/images/P/0425142485.01.MZZZZZZZ.jpg,http://images.amazon.com/images/P/0425142485.01.LZZZZZZZ.jpg,The Funhouse Dean R. Koontz Berkley Publishing Group
0440218535,Smilla's Sense of Snow,Peter Hoeg,1997.0,Island,http://images.amazon.com/images/P/0440218535.01.THUMBZZZ.jpg,http://images.amazon.com/images/P/0440218535.01.MZZZZZZZ.jpg,http://images.amazon.com/images/P/0440218535.01.LZZZZZZZ.jpg,Smilla's Sense of Snow Peter Hoeg Island
0345391802,The Hitchhiker's Guide to the Galaxy,Douglas Adams,1995.0,Ballantine Books,http://images.amazon.com/images/P/0345391802.01.THUMBZZZ.jpg,http://images.amazon.com/images/P/0345391802.01.MZZZZZZZ.jpg,http://images.amazon.com/images/P/0345391802.01.LZZZZZZZ.jpg,The Hitchhiker's Guide to the Galaxy Douglas Adams Ballantine Books
0440219078,The Giver (21st Century Reference),LOIS LOWRY,1994.0,Laure Leaf,http://images.amazon.com/images/P/0440219078.01.THUMBZZZ.jpg,http://images.amazon.com/images/P/0440219078.01.MZZZZZZZ.jpg,http://images.amazon.com/images/P/0440219078.01.LZZZZZZZ.jpg,The Giver (21st Century Reference) LOIS LOWRY Laure Leaf
0440211727,A Time to Kill,JOHN GRISHAM,1992.0,Dell,http://images.amazon.com/images/P/0440211727.01.THUMBZZZ.jpg,http://images.amazon.com/images/P/0440211727.01.MZZZZZZZ.jpg,http://images.amazon.com/images/P/0440211727.01.LZZZZZZZ.jpg,A Time to Kill JOHN GRISHAM Dell
0446364762,The Stars Shine Down,Sidney Sheldon,1993.0,Warner Books,http://images.amazon.com/images/P/0446364762.01.THUMBZZZ.jpg,http://images.amazon.com/images/P/0446364762.01.MZZZZZZZ.jpg,http://images.amazon.com/images/P/0446364762.01.LZZZZZZZ.jpg,The Stars Shine Down Sidney Sheldon Warner Books
0553561618,Dark Paradise,TAMI HOAG,1994.0,Bantam,http://images.amazon.com/images/P/0553561618.01.THUMBZZZ.jpg,http://images.amazon.com/images/P/0553561618.01.MZZZZZZZ.jpg,http://images.amazon.com/images/P/0553561618.01.LZZZZZZZ.jpg,Dark Paradise TAMI HOAG Bantam
044022165X,The Rainmaker,JOHN GRISHAM,1996.0,Dell,http://images.amazon.com/images/P/044022165X.01.THUMBZZZ.jpg,http://images.amazon.com/images/P/044022165X.01.MZZZZZZZ.jpg,http://images.amazon.com/images/P/044022165X.01.LZZZZZZZ.jpg,The Rainmaker JOHN GRISHAM Dell
0425124347,The Bad Place,Dean R. Koontz,1994.0,Berkley Publishing Group,http://images.amazon.com/images/P/0425124347.01.THUMBZZZ.jpg,http://images.amazon.com/images/P/0425124347.01.MZZZZZZZ.jpg,http://images.amazon.com/images/P/0425124347.01.LZZZZZZZ.jpg,The Bad Place Dean R. Koontz Berkley Publishing Group
0312282990,The Amazing Adventures of Kavalier &amp; Clay,Michael Chabon,2001.0,Picador,http://images.amazon.com/images/P/0312282990.01.THUMBZZZ.jpg,http://images.amazon.com/images/P/0312282990.01.MZZZZZZZ.jpg,http://images.amazon.com/images/P/0312282990.01.LZZZZZZZ.jpg,The Amazing Adventures of Kavalier &amp; Clay Michael Chabon Picador
0394820371,The Phantom Tollbooth,Norton Juster,1993.0,Yearling Books,http://images.amazon.com/images/P/0394820371.01.THUMBZZZ.jpg,http://images.amazon.com/images/P/0394820371.01.MZZZZZZZ.jpg,http://images.amazon.com/images/P/0394820371.01.LZZZZZZZ.jpg,The Phantom Tollbooth Norton Juster Yearling Books
0449134482,Dances With Wolves,Michael Blake,1990.0,Fawcett Books,http://images.amazon.com/images/P/0449134482.01.THUMBZZZ.jpg,http://images.amazon.com/images/P/0449134482.01.MZZZZZZZ.jpg,http://images.amazon.com/images/P/0449134482.01.LZZZZZZZ.jpg,Dances With Wolves Michael Blake Fawcett Books
0345348036,The Princess Bride: S Morgenstern's Classic Tale of True Love and High Adventure,WILLIAM GOLDMAN,1987.0,Del Rey,http://images.amazon.com/images/P/0345348036.01.THUMBZZZ.jpg,http://images.amazon.com/images/P/0345348036.01.MZZZZZZZ.jpg,http://images.amazon.com/images/P/0345348036.01.LZZZZZZZ.jpg,The Princess Bride: S Morgenstern's Classic Tale of True Love and High Adventure WILLIAM GOLDMAN Del Rey
0671510053,SHIPPING NEWS,Annie Proulx,1994.0,Scribner,http://images.amazon.com/images/P/0671510053.01.THUMBZZZ.jpg,http://images.amazon.com/images/P/0671510053.01.MZZZZZZZ.jpg,http://images.amazon.com/images/P/0671510053.01.LZZZZZZZ.jpg,SHIPPING NEWS Annie Proulx Scribner
055321313X,Anne of Green Gables (Anne of Green Gables Novels (Paperback)),L.M. MONTGOMERY,1982.0,Bantam Classics,http://images.amazon.com/images/P/055321313X.01.THUMBZZZ.jpg,http://images.amazon.com/images/P/055321313X.01.MZZZZZZZ.jpg,http://images.amazon.com/images/P/055321313X.01.LZZZZZZZ.jpg,Anne of Green Gables (Anne of Green Gables Novels (Paperback)) L.M. MONTGOMERY Bantam Classics
0743237188,Fall On Your Knees (Oprah #45),Ann-Marie MacDonald,2002.0,Touchstone,http://images.amazon.com/images/P/0743237188.01.THUMBZZZ.jpg,http://images.amazon.com/images/P/0743237188.01.MZZZZZZZ.jpg,http://images.amazon.com/images/P/0743237188.01.LZZZZZZZ.jpg,Fall On Your Knees (Oprah #45) Ann-Marie MacDonald Touchstone
0345443284,While I Was Gone,Sue Miller,1999.0,Ballantine Books,http://images.amazon.com/images/P/0345443284.01.THUMBZZZ.jpg,http://images.amazon.com/images/P/0345443284.01.MZZZZZZZ.jpg,http://images.amazon.com/images/P/0345443284.01.LZZZZZZZ.jpg,While I Was Gone Sue Miller Ballantine Books
0553273914,The House of the Spirits,Isabel Allende,1986.0,Bantam Books,http://images.amazon.com/images/P/0553273914.01.THUMBZZZ.jpg,http://images.amazon.com/images/P/0553273914.01.MZZZZZZZ.jpg,http://images.amazon.com/images/P/0553273914.01.LZZZZZZZ.jpg,The House of the Spirits Isabel Allende Bantam Books
0060928336,Divine Secrets of the Ya-Ya Sisterhood: A Novel,Rebecca Wells,1997.0,Perennial,http://images.amazon.com/images/P/0060928336.01.THUMBZZZ.jpg,http://images.amazon.com/images/P/0060928336.01.MZZZZZZZ.jpg,http://images.amazon.com/images/P/0060928336.01.LZZZZZZZ.jpg,Divine Secrets of the Ya-Ya Sisterhood: A Novel Rebecca Wells Perennial
0671003755,She's Come Undone (Oprah's Book Club (Paperback)),Wally Lamb,1996.0,Washington Square Press,http://images.amazon.com/images/P/0671003755.01.THUMBZZZ.jpg,http://images.amazon.com/images/P/0671003755.01.MZZZZZZZ.jpg,http://images.amazon.com/images/P/0671003755.01.LZZZZZZZ.jpg,She's Come Undone (Oprah's Book Club (Paperback)) Wally Lamb Washington Square Press
0440215625,Dragonfly in Amber,DIANA GABALDON,1993.0,Dell,http://images.amazon.com/images/P/0440215625.01.THUMBZZZ.jpg,http://images.amazon.com/images/P/0440215625.01.MZZZZZZZ.jpg,http://images.amazon.com/images/P/0440215625.01.LZZZZZZZ.jpg,Dragonfly in Amber DIANA GABALDON Dell
0446601241,Kiss the Girls,James Patterson,1995.0,Warner Books,http://images.amazon.com/images/P/0446601241.01.THUMBZZZ.jpg,http://images.amazon.com/images/P/0446601241.01.MZZZZZZZ.jpg,http://images.amazon.com/images/P/0446601241.01.LZZZZZZZ.jpg,Kiss the Girls James Patterson Warner Books
0345384466,The Witching Hour (Lives of the Mayfair Witches),ANNE RICE,1993.0,Ballantine Books,http://images.amazon.com/images/P/0345384466.01.THUMBZZZ.jpg,http://images.amazon.com/images/P/0345384466.01.MZZZZZZZ.jpg,http://images.amazon.com/images/P/0345384466.01.LZZZZZZZ.jpg,The Witching Hour (Lives of the Mayfair Witches) ANNE RICE Ballantine Books
0446604801,Jack &amp; Jill (Alex Cross Novels),James Patterson,1997.0,Warner Books,http://images.amazon.com/images/P/0446604801.01.THUMBZZZ.jpg,http://images.amazon.com/images/P/0446604801.01.MZZZZZZZ.jpg,http://images.amazon.com/images/P/0446604801.01.LZZZZZZZ.jpg,Jack &amp; Jill (Alex Cross Novels) James Patterson Warner Books
0679734775,The House on Mango Street (Vintage Contemporaries),SANDRA CISNEROS,1991.0,Vintage,http://images.amazon.com/images/P/0679734775.01.THUMBZZZ.jpg,http://images.amazon.com/images/P/0679734775.01.MZZZZZZZ.jpg,http://images.amazon.com/images/P/0679734775.01.LZZZZZZZ.jpg,The House on Mango Street (Vintage Contemporaries) SANDRA CISNEROS Vintage
006019491X,Daughter of Fortune : A Novel (Oprah's Book Club (Hardcover)),Isabel Allende,1999.0,HarperCollins,http://images.amazon.com/images/P/006019491X.01.THUMBZZZ.jpg,http://images.amazon.com/images/P/006019491X.01.MZZZZZZZ.jpg,http://images.amazon.com/images/P/006019491X.01.LZZZZZZZ.jpg,Daughter of Fortune : A Novel (Oprah's Book Club (Hardcover)) Isabel Allende HarperCollins
0380789035,American Gods,Neil Gaiman,2002.0,HarperTorch,http://images.amazon.com/images/P/0380789035.01.THUMBZZZ.jpg,http://images.amazon.com/images/P/0380789035.01.MZZZZZZZ.jpg,http://images.amazon.com/images/P/0380789035.01.LZZZZZZZ.jpg,American Gods Neil Gaiman HarperTorch
0440206154,Red Dragon,Thomas Harris,2000.0,Dell Publishing Company,http://images.amazon.com/images/P/0440206154.01.THUMBZZZ.jpg,http://images.amazon.com/images/P/0440206154.01.MZZZZZZZ.jpg,http://images.amazon.com/images/P/0440206154.01.LZZZZZZZ.jpg,Red Dragon Thomas Harris Dell Publishing Company
0345370775,Jurassic Park,Michael Crichton,1999.0,Ballantine Books,http://images.amazon.com/images/P/0345370775.01.THUMBZZZ.jpg,http://images.amazon.com/images/P/0345370775.01.MZZZZZZZ.jpg,http://images.amazon.com/images/P/0345370775.01.LZZZZZZZ.jpg,Jurassic Park Michael Crichton Ballantine Books
0380789019,Neverwhere,Neil Gaiman,1998.0,Avon,http://images.amazon.com/images/P/0380789019.01.THUMBZZZ.jpg,http://images.amazon.com/images/P/0380789019.01.MZZZZZZZ.jpg,http://images.amazon.com/images/P/0380789019.01.LZZZZZZZ.jpg,Neverwhere Neil Gaiman Avon
0380018179,The Thorn Birds,Colleen McCullough,1978.0,Avon,http://images.amazon.com/images/P/0380018179.01.THUMBZZZ.jpg,http://images.amazon.com/images/P/0380018179.01.MZZZZZZZ.jpg,http://images.amazon.com/images/P/0380018179.01.LZZZZZZZ.jpg,The Thorn Birds Colleen McCullough Avon
0679457313,The God of Small Things,Arundhati Roy,1997.0,Random House Inc,http://images.amazon.com/images/P/0679457313.01.THUMBZZZ.jpg,http://images.amazon.com/images/P/0679457313.01.MZZZZZZZ.jpg,http://images.amazon.com/images/P/0679457313.01.LZZZZZZZ.jpg,The God of Small Things Arundhati Roy Random House Inc
0553571656,The Beekeeper's Apprentice,LAURIE R. KING,1996.0,Bantam,http://images.amazon.com/images/P/0553571656.01.THUMBZZZ.jpg,http://images.amazon.com/images/P/0553571656.01.MZZZZZZZ.jpg,http://images.amazon.com/images/P/0553571656.01.LZZZZZZZ.jpg,The Beekeeper's Apprentice LAURIE R. KING Bantam
0786866276,Mother of Pearl,Melinda Haynes,1999.0,Hyperion,http://images.amazon.com/images/P/0786866276.01.THUMBZZZ.jpg,http://images.amazon.com/images/P/0786866276.01.MZZZZZZZ.jpg,http://images.amazon.com/images/P/0786866276.01.LZZZZZZZ.jpg,Mother of Pearl Melinda Haynes Hyperion
0099771519,Memoirs of a Geisha Uk,Arthur Golden,0.0,Trafalgar Square,http://images.amazon.com/images/P/0099771519.01.THUMBZZZ.jpg,http://images.amazon.com/images/P/0099771519.01.MZZZZZZZ.jpg,http://images.amazon.com/images/P/0099771519.01.LZZZZZZZ.jpg,Memoirs of a Geisha Uk Arthur Golden Trafalgar Square
0439404371,The Thief Lord,Cornelia Funke,2002.0,Scholastic,http://images.amazon.com/images/P/0439404371.01.THUMBZZZ.jpg,http://images.amazon.com/images/P/0439404371.01.MZZZZZZZ.jpg,http://images.amazon.com/images/P/0439404371.01.LZZZZZZZ.jpg,The Thief Lord Cornelia Funke Scholastic
1573225789,The Color of Water: A Black Man's Tribute to His White Mother,James McBride,1997.0,Riverhead Books,http://images.amazon.com/images/P/1573225789.01.THUMBZZZ.jpg,http://images.amazon.com/images/P/1573225789.01.MZZZZZZZ.jpg,http://images.amazon.com/images/P/1573225789.01.LZZZZZZZ.jpg,The Color of Water: A Black Man's Tribute to His White Mother James McBride Riverhead Books
0553296981,Anne Frank: The Diary of a Young Girl,ANNE FRANK,1993.0,Bantam,http://images.amazon.com/images/P/0553296981.01.THUMBZZZ.jpg,http://images.amazon.com/images/P/0553296981.01.MZZZZZZZ.jpg,http://images.amazon.com/images/P/0553296981.01.LZZZZZZZ.jpg,Anne Frank: The Diary of a Young Girl ANNE FRANK Bantam
0451169530,The Stand: Complete and Uncut,Stephen King,1991.0,Signet Book,http://images.amazon.com/images/P/0451169530.01.THUMBZZZ.jpg,http://images.amazon.com/images/P/0451169530.01.MZZZZZZZ.jpg,http://images.amazon.com/images/P/0451169530.01.LZZZZZZZ.jpg,The Stand: Complete and Uncut Stephen King Signet Book
0385335881,Shopaholic Takes Manhattan (Summer Display Opportunity),Sophie Kinsella,2002.0,Delta,http://images.amazon.com/images/P/0385335881.01.THUMBZZZ.jpg,http://images.amazon.com/images/P/0385335881.01.MZZZZZZZ.jpg,http://images.amazon.com/images/P/0385335881.01.LZZZZZZZ.jpg,Shopaholic Takes Manhattan (Summer Display Opportunity) Sophie Kinsella Delta
0385335482,Confessions of a Shopaholic (Summer Display Opportunity),SOPHIE KINSELLA,2001.0,Delta,http://images.amazon.com/images/P/0385335482.01.THUMBZZZ.jpg,http://images.amazon.com/images/P/0385335482.01.MZZZZZZZ.jpg,http://images.amazon.com/images/P/0385335482.01.LZZZZZZZ.jpg,Confessions of a Shopaholic (Summer Display Opportunity) SOPHIE KINSELLA Delta
0553582658,Summer Light,Luanne Rice,2002.0,Bantam Books,http://images.amazon.com/images/P/0553582658.01.THUMBZZZ.jpg,http://images.amazon.com/images/P/0553582658.01.MZZZZZZZ.jpg,http://images.amazon.com/images/P/0553582658.01.LZZZZZZZ.jpg,Summer Light Luanne Rice Bantam Books
0373218400,Table For Two,Nora Roberts,2002.0,Silhouette,http://images.amazon.com/images/P/0373218400.01.THUMBZZZ.jpg,http://images.amazon.com/images/P/0373218400.01.MZZZZZZZ.jpg,http://images.amazon.com/images/P/0373218400.01.LZZZZZZZ.jpg,Table For Two Nora Roberts Silhouette
0441003257,Good Omens,Neil Gaiman,1996.0,Ace Books,http://images.amazon.com/images/P/0441003257.01.THUMBZZZ.jpg,http://images.amazon.com/images/P/0441003257.01.MZZZZZZZ.jpg,http://images.amazon.com/images/P/0441003257.01.LZZZZZZZ.jpg,Good Omens Neil Gaiman Ace Books
0451202503,The Songcatcher: A Ballad Novel,Sharyn McCrumb,2002.0,Signet Book,http://images.amazon.com/images/P/0451202503.01.THUMBZZZ.jpg,http://images.amazon.com/images/P/0451202503.01.MZZZZZZZ.jpg,http://images.amazon.com/images/P/0451202503.01.LZZZZZZZ.jpg,The Songcatcher: A Ballad Novel Sharyn McCrumb Signet Book
0446606812,Message in a Bottle,Nicholas Sparks,1999.0,Warner Vision,http://images.amazon.com/images/P/0446606812.01.THUMBZZZ.jpg,http://images.amazon.com/images/P/0446606812.01.MZZZZZZZ.jpg,http://images.amazon.com/images/P/0446606812.01.LZZZZZZZ.jpg,Message in a Bottle Nicholas Sparks Warner Vision
0671028375,Fatal Voyage,Kathy Reichs,2002.0,Pocket,http://images.amazon.com/images/P/0671028375.01.THUMBZZZ.jpg,http://images.amazon.com/images/P/0671028375.01.MZZZZZZZ.jpg,http://images.amazon.com/images/P/0671028375.01.LZZZZZZZ.jpg,Fatal Voyage Kathy Reichs Pocket
0060930535,The Poisonwood Bible: A Novel,Barbara Kingsolver,1999.0,Perennial,http://images.amazon.com/images/P/0060930535.01.THUMBZZZ.jpg,http://images.amazon.com/images/P/0060930535.01.MZZZZZZZ.jpg,http://images.amazon.com/images/P/0060930535.01.LZZZZZZZ.jpg,The Poisonwood Bible: A Novel Barbara Kingsolver Perennial
0375702709,A Lesson Before Dying (Vintage Contemporaries (Paperback)),Ernest J. Gaines,1997.0,Vintage Books USA,http://images.amazon.com/images/P/0375702709.01.THUMBZZZ.jpg,http://images.amazon.com/images/P/0375702709.01.MZZZZZZZ.jpg,http://images.amazon.com/images/P/0375702709.01.LZZZZZZZ.jpg,A Lesson Before Dying (Vintage Contemporaries (Paperback)) Ernest J. Gaines Vintage Books USA
0671038184,Jewel,Bret Lott,1999.0,Washington Square Press,http://images.amazon.com/images/P/0671038184.01.THUMBZZZ.jpg,http://images.amazon.com/images/P/0671038184.01.MZZZZZZZ.jpg,http://images.amazon.com/images/P/0671038184.01.LZZZZZZZ.jpg,Jewel Bret Lott Washington Square Press
0060916508,Their Eyes Were Watching God: A Novel,Zora Neale Hurston,1990.0,Perennial,http://images.amazon.com/images/P/0060916508.01.THUMBZZZ.jpg,http://images.amazon.com/images/P/0060916508.01.MZZZZZZZ.jpg,http://images.amazon.com/images/P/0060916508.01.LZZZZZZZ.jpg,Their Eyes Were Watching God: A Novel Zora Neale Hurston Perennial
0345361792,A Prayer for Owen Meany,John Irving,1990.0,Ballantine Books,http://images.amazon.com/images/P/0345361792.01.THUMBZZZ.jpg,http://images.amazon.com/images/P/0345361792.01.MZZZZZZZ.jpg,http://images.amazon.com/images/P/0345361792.01.LZZZZZZZ.jpg,A Prayer for Owen Meany John Irving Ballantine Books
0743225406,The Shipping News : A Novel,Annie Proulx,2001.0,Scribner,http://images.amazon.com/images/P/0743225406.01.THUMBZZZ.jpg,http://images.amazon.com/images/P/0743225406.01.MZZZZZZZ.jpg,http://images.amazon.com/images/P/0743225406.01.LZZZZZZZ.jpg,The Shipping News : A Novel Annie Proulx Scribner
1400034779,The No. 1 Ladies' Detective Agency (Today Show Book Club #8),Alexander McCall Smith,2003.0,Anchor,http://images.amazon.com/images/P/1400034779.01.THUMBZZZ.jpg,http://images.amazon.com/images/P/1400034779.01.MZZZZZZZ.jpg,http://images.amazon.com/images/P/1400034779.01.LZZZZZZZ.jpg,The No. 1 Ladies' Detective Agency (Today Show Book Club #8) Alexander McCall Smith Anchor
0786885688,Shopgirl,Steve Martin,2001.0,Hyperion,http://images.amazon.com/images/P/0786885688.01.THUMBZZZ.jpg,http://images.amazon.com/images/P/0786885688.01.MZZZZZZZ.jpg,http://images.amazon.com/images/P/0786885688.01.LZZZZZZZ.jpg,Shopgirl Steve Martin Hyperion
0671880187,Kitchen,Banana Yoshimoto,1994.0,Washington Square Press,http://images.amazon.com/images/P/0671880187.01.THUMBZZZ.jpg,http://images.amazon.com/images/P/0671880187.01.MZZZZZZZ.jpg,http://images.amazon.com/images/P/0671880187.01.LZZZZZZZ.jpg,Kitchen Banana Yoshimoto Washington Square Press
0767902521,A Walk in the Woods: Rediscovering America on the Appalachian Trail (Official Guides to the Appalachian Trail),Bill Bryson,1999.0,Broadway Books,http://images.amazon.com/images/P/0767902521.01.THUMBZZZ.jpg,http://images.amazon.com/images/P/0767902521.01.MZZZZZZZ.jpg,http://images.amazon.com/images/P/0767902521.01.LZZZZZZZ.jpg,A Walk in the Woods: Rediscovering America on the Appalachian Trail (Official Guides to the Appalachian Trail) Bill Bryson Broadway Books
080410753X,The Kitchen God's Wife,Amy Tan,1992.0,Ivy Books,http://images.amazon.com/images/P/080410753X.01.THUMBZZZ.jpg,http://images.amazon.com/images/P/080410753X.01.MZZZZZZZ.jpg,http://images.amazon.com/images/P/080410753X.01.LZZZZZZZ.jpg,The Kitchen God's Wife Amy Tan Ivy Books
0140244824,Songs in Ordinary Time (Oprah's Book Club (Paperback)),Mary McGarry Morris,1996.0,Penguin Books,http://images.amazon.com/images/P/0140244824.01.THUMBZZZ.jpg,http://images.amazon.com/images/P/0140244824.01.MZZZZZZZ.jpg,http://images.amazon.com/images/P/0140244824.01.LZZZZZZZ.jpg,Songs in Ordinary Time (Oprah's Book Club (Paperback)) Mary McGarry Morris Penguin Books
014025448X,At Home in Mitford (The Mitford Years),Jan Karon,1996.0,Viking Books,http://images.amazon.com/images/P/014025448X.01.THUMBZZZ.jpg,http://images.amazon.com/images/P/014025448X.01.MZZZZZZZ.jpg,http://images.amazon.com/images/P/014025448X.01.LZZZZZZZ.jpg,At Home in Mitford (The Mitford Years) Jan Karon Viking Books
0060934417,Bel Canto: A Novel,Ann Patchett,2002.0,Perennial,http://images.amazon.com/images/P/0060934417.01.THUMBZZZ.jpg,http://images.amazon.com/images/P/0060934417.01.MZZZZZZZ.jpg,http://images.amazon.com/images/P/0060934417.01.LZZZZZZZ.jpg,Bel Canto: A Novel Ann Patchett Perennial
0671793489,All Around the Town,Mary Higgins Clark,1993.0,Pocket Star,http://images.amazon.com/images/P/0671793489.01.THUMBZZZ.jpg,http://images.amazon.com/images/P/0671793489.01.MZZZZZZZ.jpg,http://images.amazon.com/images/P/0671793489.01.LZZZZZZZ.jpg,All Around the Town Mary Higgins Clark Pocket Star
0679772677,A Civil Action,JONATHAN HARR,1996.0,Vintage,http://images.amazon.com/images/P/0679772677.01.THUMBZZZ.jpg,http://images.amazon.com/images/P/0679772677.01.MZZZZZZZ.jpg,http://images.amazon.com/images/P/0679772677.01.LZZZZZZZ.jpg,A Civil Action JONATHAN HARR Vintage
0312983824,Faking It,Jennifer Crusie,2003.0,St. Martin's Paperbacks,http://images.amazon.com/images/P/0312983824.01.THUMBZZZ.jpg,http://images.amazon.com/images/P/0312983824.01.MZZZZZZZ.jpg,http://images.amazon.com/images/P/0312983824.01.LZZZZZZZ.jpg,Faking It Jennifer Crusie St. Martin's Paperbacks
0440224624,The Loop,Nicholas Evans,1999.0,Dell Publishing Company,http://images.amazon.com/images/P/0440224624.01.THUMBZZZ.jpg,http://images.amazon.com/images/P/0440224624.01.MZZZZZZZ.jpg,http://images.amazon.com/images/P/0440224624.01.LZZZZZZZ.jpg,The Loop Nicholas Evans Dell Publishing Company
0743418174,Good in Bed,Jennifer Weiner,2002.0,Washington Square Press,http://images.amazon.com/images/P/0743418174.01.THUMBZZZ.jpg,http://images.amazon.com/images/P/0743418174.01.MZZZZZZZ.jpg,http://images.amazon.com/images/P/0743418174.01.LZZZZZZZ.jpg,Good in Bed Jennifer Weiner Washington Square Press
0345370805,How to Make an American Quilt,Whitney Otto,1992.0,Ballantine Books,http://images.amazon.com/images/P/0345370805.01.THUMBZZZ.jpg,http://images.amazon.com/images/P/0345370805.01.MZZZZZZZ.jpg,http://images.amazon.com/images/P/0345370805.01.LZZZZZZZ.jpg,How to Make an American Quilt Whitney Otto Ballantine Books
0375703055,Ellen Foster,Kaye Gibbons,1997.0,Vintage Books,http://images.amazon.com/images/P/0375703055.01.THUMBZZZ.jpg,http://images.amazon.com/images/P/0375703055.01.MZZZZZZZ.jpg,http://images.amazon.com/images/P/0375703055.01.LZZZZZZZ.jpg,Ellen Foster Kaye Gibbons Vintage Books
0156006529,Where or When  : A Novel,Anita Shreve,1999.0,Harvest Books,http://images.amazon.com/images/P/0156006529.01.THUMBZZZ.jpg,http://images.amazon.com/images/P/0156006529.01.MZZZZZZZ.jpg,http://images.amazon.com/images/P/0156006529.01.LZZZZZZZ.jpg,Where or When  : A Novel Anita Shreve Harvest Books
0446673544,Sex &amp; the City,Candace Bushnell,1997.0,Warner Books,http://images.amazon.com/images/P/0446673544.01.THUMBZZZ.jpg,http://images.amazon.com/images/P/0446673544.01.MZZZZZZZ.jpg,http://images.amazon.com/images/P/0446673544.01.LZZZZZZZ.jpg,Sex &amp; the City Candace Bushnell Warner Books
0312243022,The Hours : A Novel,Michael Cunningham,2000.0,Picador,http://images.amazon.com/images/P/0312243022.01.THUMBZZZ.jpg,http://images.amazon.com/images/P/0312243022.01.MZZZZZZZ.jpg,http://images.amazon.com/images/P/0312243022.01.LZZZZZZZ.jpg,The Hours : A Novel Michael Cunningham Picador
0385490445,Alias Grace : A Novel,Margaret Atwood,1997.0,Anchor,http://images.amazon.com/images/P/0385490445.01.THUMBZZZ.jpg,http://images.amazon.com/images/P/0385490445.01.MZZZZZZZ.jpg,http://images.amazon.com/images/P/0385490445.01.LZZZZZZZ.jpg,Alias Grace : A Novel Margaret Atwood Anchor
0375700757,Cold Mountain : A Novel,CHARLES FRAZIER,1998.0,Vintage,http://images.amazon.com/images/P/0375700757.01.THUMBZZZ.jpg,http://images.amazon.com/images/P/0375700757.01.MZZZZZZZ.jpg,http://images.amazon.com/images/P/0375700757.01.LZZZZZZZ.jpg,Cold Mountain : A Novel CHARLES FRAZIER Vintage
0070212570,Fried Green Tomatoes at the Whistle Stop Cafe,Fannie Flagg,1989.0,McGraw-Hill,http://images.amazon.com/images/P/0070212570.01.THUMBZZZ.jpg,http://images.amazon.com/images/P/0070212570.01.MZZZZZZZ.jpg,http://images.amazon.com/images/P/0070212570.01.LZZZZZZZ.jpg,Fried Green Tomatoes at the Whistle Stop Cafe Fannie Flagg McGraw-Hill
0061098361,Circle of Three: A Novel,Patricia Gaffney,2001.0,HarperTorch,http://images.amazon.com/images/P/0061098361.01.THUMBZZZ.jpg,http://images.amazon.com/images/P/0061098361.01.MZZZZZZZ.jpg,http://images.amazon.com/images/P/0061098361.01.LZZZZZZZ.jpg,Circle of Three: A Novel Patricia Gaffney HarperTorch
0316781266,The Last Time They Met : A Novel,Anita Shreve,2002.0,Back Bay Books,http://images.amazon.com/images/P/0316781266.01.THUMBZZZ.jpg,http://images.amazon.com/images/P/0316781266.01.MZZZZZZZ.jpg,http://images.amazon.com/images/P/0316781266.01.LZZZZZZZ.jpg,The Last Time They Met : A Novel Anita Shreve Back Bay Books
0375725784,A Heartbreaking Work of Staggering Genius,Dave Eggers,2001.0,Vintage Books USA,http://images.amazon.com/images/P/0375725784.01.THUMBZZZ.jpg,http://images.amazon.com/images/P/0375725784.01.MZZZZZZZ.jpg,http://images.amazon.com/images/P/0375725784.01.LZZZZZZZ.jpg,A Heartbreaking Work of Staggering Genius Dave Eggers Vintage Books USA
0345436911,The Dress Lodger (Ballantine Reader's Circle),Sheri Holman,2001.0,Ballantine Books,http://images.amazon.com/images/P/0345436911.01.THUMBZZZ.jpg,http://images.amazon.com/images/P/0345436911.01.MZZZZZZZ.jpg,http://images.amazon.com/images/P/0345436911.01.LZZZZZZZ.jpg,The Dress Lodger (Ballantine Reader's Circle) Sheri Holman Ballantine Books
0670030643,The Eyre Affair (Alex Awards (Awards)),Jasper Fforde,2002.0,Viking Books,http://images.amazon.com/images/P/0670030643.01.THUMBZZZ.jpg,http://images.amazon.com/images/P/0670030643.01.MZZZZZZZ.jpg,http://images.amazon.com/images/P/0670030643.01.LZZZZZZZ.jpg,The Eyre Affair (Alex Awards (Awards)) Jasper Fforde Viking Books
0440940001,Island of the Blue Dolphins (Laurel Leaf Books),Scott O'Dell,1978.0,Laure Leaf,http://images.amazon.com/images/P/0440940001.01.THUMBZZZ.jpg,http://images.amazon.com/images/P/0440940001.01.MZZZZZZZ.jpg,http://images.amazon.com/images/P/0440940001.01.LZZZZZZZ.jpg,Island of the Blue Dolphins (Laurel Leaf Books) Scott O'Dell Laure Leaf
0425163385,The Night Crew,John Sandford,2004.0,Berkley Publishing Group,http://images.amazon.com/images/P/0425163385.01.THUMBZZZ.jpg,http://images.amazon.com/images/P/0425163385.01.MZZZZZZZ.jpg,http://images.amazon.com/images/P/0425163385.01.LZZZZZZZ.jpg,The Night Crew John Sandford Berkley Publishing Group
0671042262,The Blue Nowhere : A Novel,Jeffery Deaver,2002.0,Pocket,http://images.amazon.com/images/P/0671042262.01.THUMBZZZ.jpg,http://images.amazon.com/images/P/0671042262.01.MZZZZZZZ.jpg,http://images.amazon.com/images/P/0671042262.01.LZZZZZZZ.jpg,The Blue Nowhere : A Novel Jeffery Deaver Pocket
0679731148,A Year in Provence,Peter Mayle,1991.0,Vintage Books USA,http://images.amazon.com/images/P/0679731148.01.THUMBZZZ.jpg,http://images.amazon.com/images/P/0679731148.01.MZZZZZZZ.jpg,http://images.amazon.com/images/P/0679731148.01.LZZZZZZZ.jpg,A Year in Provence Peter Mayle Vintage Books USA
0380600129,The Indian in the Cupboard,Lynne Reid Banks,1999.0,HarperTrophy,http://images.amazon.com/images/P/0380600129.01.THUMBZZZ.jpg,http://images.amazon.com/images/P/0380600129.01.MZZZZZZZ.jpg,http://images.amazon.com/images/P/0380600129.01.LZZZZZZZ.jpg,The Indian in the Cupboard Lynne Reid Banks HarperTrophy
0440226430,Summer Sisters,Judy Blume,1999.0,Dell Publishing Company,http://images.amazon.com/images/P/0440226430.01.THUMBZZZ.jpg,http://images.amazon.com/images/P/0440226430.01.MZZZZZZZ.jpg,http://images.amazon.com/images/P/0440226430.01.LZZZZZZZ.jpg,Summer Sisters Judy Blume Dell Publishing Company
089480829X,What to Expect When You're Expecting (Revised Edition),Arlene Eisenberg,1996.0,Workman Pub Co,http://images.amazon.com/images/P/089480829X.01.THUMBZZZ.jpg,http://images.amazon.com/images/P/089480829X.01.MZZZZZZZ.jpg,http://images.amazon.com/images/P/089480829X.01.LZZZZZZZ.jpg,What to Expect When You're Expecting (Revised Edition) Arlene Eisenberg Workman Pub Co
0894805770,What to Expect the First Year,Arlene Eisenberg,1989.0,Workman Publishing,http://images.amazon.com/images/P/0894805770.01.THUMBZZZ.jpg,http://images.amazon.com/images/P/0894805770.01.MZZZZZZZ.jpg,http://images.amazon.com/images/P/0894805770.01.LZZZZZZZ.jpg,What to Expect the First Year Arlene Eisenberg Workman Publishing
0688177751,Miss Julia Speaks Her Mind : A Novel,Ann B. Ross,2000.0,Perennial,http://images.amazon.com/images/P/0688177751.01.THUMBZZZ.jpg,http://images.amazon.com/images/P/0688177751.01.MZZZZZZZ.jpg,http://images.amazon.com/images/P/0688177751.01.LZZZZZZZ.jpg,Miss Julia Speaks Her Mind : A Novel Ann B. Ross Perennial
0345438329,Big Stone Gap: A Novel (Ballantine Reader's Circle),Adriana Trigiani,2001.0,Ballantine Books,http://images.amazon.com/images/P/0345438329.01.THUMBZZZ.jpg,http://images.amazon.com/images/P/0345438329.01.MZZZZZZZ.jpg,http://images.amazon.com/images/P/0345438329.01.LZZZZZZZ.jpg,Big Stone Gap: A Novel (Ballantine Reader's Circle) Adriana Trigiani Ballantine Books
0375707972,The Reader,Bernhard Schlink,1999.0,Vintage Books USA,http://images.amazon.com/images/P/0375707972.01.THUMBZZZ.jpg,http://images.amazon.com/images/P/0375707972.01.MZZZZZZZ.jpg,http://images.amazon.com/images/P/0375707972.01.LZZZZZZZ.jpg,The Reader Bernhard Schlink Vintage Books USA
0399501487,Lord of the Flies,William Gerald Golding,1959.0,Perigee Trade,http://images.amazon.com/images/P/0399501487.01.THUMBZZZ.jpg,http://images.amazon.com/images/P/0399501487.01.MZZZZZZZ.jpg,http://images.amazon.com/images/P/0399501487.01.LZZZZZZZ.jpg,Lord of the Flies William Gerald Golding Perigee Trade
0440224764,The Partner,John Grisham,1998.0,Dell Publishing Company,http://images.amazon.com/images/P/0440224764.01.THUMBZZZ.jpg,http://images.amazon.com/images/P/0440224764.01.MZZZZZZZ.jpg,http://images.amazon.com/images/P/0440224764.01.LZZZZZZZ.jpg,The Partner John Grisham Dell Publishing Company
0553572997,The Alienist,Caleb Carr,1995.0,Bantam Books,http://images.amazon.com/images/P/0553572997.01.THUMBZZZ.jpg,http://images.amazon.com/images/P/0553572997.01.MZZZZZZZ.jpg,http://images.amazon.com/images/P/0553572997.01.LZZZZZZZ.jpg,The Alienist Caleb Carr Bantam Books
0373218192,Engaging The Enemy,Nora Roberts,2003.0,Silhouette,http://images.amazon.com/images/P/0373218192.01.THUMBZZZ.jpg,http://images.amazon.com/images/P/0373218192.01.MZZZZZZZ.jpg,http://images.amazon.com/images/P/0373218192.01.LZZZZZZZ.jpg,Engaging The Enemy Nora Roberts Silhouette
0345416260,Pope Joan (Ballantine Reader's Circle),Donna Woolfolk Cross,1996.0,Ballantine Books,http://images.amazon.com/images/P/0345416260.01.THUMBZZZ.jpg,http://images.amazon.com/images/P/0345416260.01.MZZZZZZZ.jpg,http://images.amazon.com/images/P/0345416260.01.LZZZZZZZ.jpg,Pope Joan (Ballantine Reader's Circle) Donna Woolfolk Cross Ballantine Books
0385486804,Into the Wild,Jon Krakauer,1997.0,Anchor,http://images.amazon.com/images/P/0385486804.01.THUMBZZZ.jpg,http://images.amazon.com/images/P/0385486804.01.MZZZZZZZ.jpg,http://images.amazon.com/images/P/0385486804.01.LZZZZZZZ.jpg,Into the Wild Jon Krakauer Anchor
0385512104,The Curious Incident of the Dog in the Night-Time (Today Show Book Club #13),Mark Haddon,2003.0,Doubleday,http://images.amazon.com/images/P/0385512104.01.THUMBZZZ.jpg,http://images.amazon.com/images/P/0385512104.01.MZZZZZZZ.jpg,http://images.amazon.com/images/P/0385512104.01.LZZZZZZZ.jpg,The Curious Incident of the Dog in the Night-Time (Today Show Book Club #13) Mark Haddon Doubleday
0440236673,The Brethren,John Grisham,2000.0,Island,http://images.amazon.com/images/P/0440236673.01.THUMBZZZ.jpg,http://images.amazon.com/images/P/0440236673.01.MZZZZZZZ.jpg,http://images.amazon.com/images/P/0440236673.01.LZZZZZZZ.jpg,The Brethren John Grisham Island
0440235162,The Smoke Jumper,Nicholas Evans,2002.0,Dell Publishing Company,http://images.amazon.com/images/P/0440235162.01.THUMBZZZ.jpg,http://images.amazon.com/images/P/0440235162.01.MZZZZZZZ.jpg,http://images.amazon.com/images/P/0440235162.01.LZZZZZZZ.jpg,The Smoke Jumper Nicholas Evans Dell Publishing Company
0425158616,Cause of Death,Patricia Daniels Cornwell,1997.0,Berkley Publishing Group,http://images.amazon.com/images/P/0425158616.01.THUMBZZZ.jpg,http://images.amazon.com/images/P/0425158616.01.MZZZZZZZ.jpg,http://images.amazon.com/images/P/0425158616.01.LZZZZZZZ.jpg,Cause of Death Patricia Daniels Cornwell Berkley Publishing Group
0060175400,The Poisonwood Bible,Barbara Kingsolver,1999.0,HarperCollins,http://images.amazon.com/images/P/0060175400.01.THUMBZZZ.jpg,http://images.amazon.com/images/P/0060175400.01.MZZZZZZZ.jpg,http://images.amazon.com/images/P/0060175400.01.LZZZZZZZ.jpg,The Poisonwood Bible Barbara Kingsolver HarperCollins
0671537458,Waiting to Exhale,Terry McMillan,1995.0,Pocket,http://images.amazon.com/images/P/0671537458.01.THUMBZZZ.jpg,http://images.amazon.com/images/P/0671537458.01.MZZZZZZZ.jpg,http://images.amazon.com/images/P/0671537458.01.LZZZZZZZ.jpg,Waiting to Exhale Terry McMillan Pocket
0425161242,Chromosome 6,Robin Cook,2000.0,Berkley Publishing Group,http://images.amazon.com/images/P/0425161242.01.THUMBZZZ.jpg,http://images.amazon.com/images/P/0425161242.01.MZZZZZZZ.jpg,http://images.amazon.com/images/P/0425161242.01.LZZZZZZZ.jpg,Chromosome 6 Robin Cook Berkley Publishing Group
0425169863,Point of Origin,Patricia Daniels Cornwell,1999.0,Berkley Publishing Group,http://images.amazon.com/images/P/0425169863.01.THUMBZZZ.jpg,http://images.amazon.com/images/P/0425169863.01.MZZZZZZZ.jpg,http://images.amazon.com/images/P/0425169863.01.LZZZZZZZ.jpg,Point of Origin Patricia Daniels Cornwell Berkley Publishing Group
0345380371,Rising Sun,MICHAEL CRICHTON,1992.0,Ballantine Books,http://images.amazon.com/images/P/0345380371.01.THUMBZZZ.jpg,http://images.amazon.com/images/P/0345380371.01.MZZZZZZZ.jpg,http://images.amazon.com/images/P/0345380371.01.LZZZZZZZ.jpg,Rising Sun MICHAEL CRICHTON Ballantine Books
0446610038,1st to Die: A Novel,James Patterson,2002.0,Warner Vision,http://images.amazon.com/images/P/0446610038.01.THUMBZZZ.jpg,http://images.amazon.com/images/P/0446610038.01.MZZZZZZZ.jpg,http://images.amazon.com/images/P/0446610038.01.LZZZZZZZ.jpg,1st to Die: A Novel James Patterson Warner Vision
0805019375,L Is for Lawless (Kinsey Millhone Mysteries),Sue Grafton,1995.0,Henry Holt &amp; Company,http://images.amazon.com/images/P/0805019375.01.THUMBZZZ.jpg,http://images.amazon.com/images/P/0805019375.01.MZZZZZZZ.jpg,http://images.amazon.com/images/P/0805019375.01.LZZZZZZZ.jpg,L Is for Lawless (Kinsey Millhone Mysteries) Sue Grafton Henry Holt &amp; Company
0385492081,Into Thin Air : A Personal Account of the Mt. Everest Disaster,JON KRAKAUER,1998.0,Anchor,http://images.amazon.com/images/P/0385492081.01.THUMBZZZ.jpg,http://images.amazon.com/images/P/0385492081.01.MZZZZZZZ.jpg,http://images.amazon.com/images/P/0385492081.01.LZZZZZZZ.jpg,Into Thin Air : A Personal Account of the Mt. Everest Disaster JON KRAKAUER Anchor
067976402X,Snow Falling on Cedars,David Guterson,1995.0,Vintage Books USA,http://images.amazon.com/images/P/067976402X.01.THUMBZZZ.jpg,http://images.amazon.com/images/P/067976402X.01.MZZZZZZZ.jpg,http://images.amazon.com/images/P/067976402X.01.LZZZZZZZ.jpg,Snow Falling on Cedars David Guterson Vintage Books USA
0425167313,Here on Earth,Alice Hoffman,1998.0,Berkley Publishing Group,http://images.amazon.com/images/P/0425167313.01.THUMBZZZ.jpg,http://images.amazon.com/images/P/0425167313.01.MZZZZZZZ.jpg,http://images.amazon.com/images/P/0425167313.01.LZZZZZZZ.jpg,Here on Earth Alice Hoffman Berkley Publishing Group
034540288X,The Lost World,Michael Crichton,1996.0,Ballantine Books,http://images.amazon.com/images/P/034540288X.01.THUMBZZZ.jpg,http://images.amazon.com/images/P/034540288X.01.MZZZZZZZ.jpg,http://images.amazon.com/images/P/034540288X.01.LZZZZZZZ.jpg,The Lost World Michael Crichton Ballantine Books
0553282476,CAT'S EYE,MARGARET ATWOOD,1989.0,Bantam,http://images.amazon.com/images/P/0553282476.01.THUMBZZZ.jpg,http://images.amazon.com/images/P/0553282476.01.MZZZZZZZ.jpg,http://images.amazon.com/images/P/0553282476.01.LZZZZZZZ.jpg,CAT'S EYE MARGARET ATWOOD Bantam
0449212602,The Handmaid's Tale,Margaret Atwood,1989.0,Fawcett Books,http://images.amazon.com/images/P/0449212602.01.THUMBZZZ.jpg,http://images.amazon.com/images/P/0449212602.01.MZZZZZZZ.jpg,http://images.amazon.com/images/P/0449212602.01.LZZZZZZZ.jpg,The Handmaid's Tale Margaret Atwood Fawcett Books
0684867621,The Girl Who Loved Tom Gordon : A Novel,Stephen King,1999.0,Scribner,http://images.amazon.com/images/P/0684867621.01.THUMBZZZ.jpg,http://images.amazon.com/images/P/0684867621.01.MZZZZZZZ.jpg,http://images.amazon.com/images/P/0684867621.01.LZZZZZZZ.jpg,The Girl Who Loved Tom Gordon : A Novel Stephen King Scribner
0345413903,The Murder Book,Jonathan Kellerman,2003.0,Ballantine Books,http://images.amazon.com/images/P/0345413903.01.THUMBZZZ.jpg,http://images.amazon.com/images/P/0345413903.01.MZZZZZZZ.jpg,http://images.amazon.com/images/P/0345413903.01.LZZZZZZZ.jpg,The Murder Book Jonathan Kellerman Ballantine Books
0515095826,The Cat Who Knew Shakespeare,Lilian Jackson Braun,1988.0,Jove Books,http://images.amazon.com/images/P/0515095826.01.THUMBZZZ.jpg,http://images.amazon.com/images/P/0515095826.01.MZZZZZZZ.jpg,http://images.amazon.com/images/P/0515095826.01.LZZZZZZZ.jpg,The Cat Who Knew Shakespeare Lilian Jackson Braun Jove Books
0425115801,Lightning,Dean R. Koontz,1996.0,Berkley Publishing Group,http://images.amazon.com/images/P/0425115801.01.THUMBZZZ.jpg,http://images.amazon.com/images/P/0425115801.01.MZZZZZZZ.jpg,http://images.amazon.com/images/P/0425115801.01.LZZZZZZZ.jpg,Lightning Dean R. Koontz Berkley Publishing Group
0671024248,Hearts In Atlantis,Stephen King,2000.0,Pocket,http://images.amazon.com/images/P/0671024248.01.THUMBZZZ.jpg,http://images.amazon.com/images/P/0671024248.01.MZZZZZZZ.jpg,http://images.amazon.com/images/P/0671024248.01.LZZZZZZZ.jpg,Hearts In Atlantis Stephen King Pocket
0446607711,The Simple Truth,David Baldacci,1999.0,Warner Books,http://images.amazon.com/images/P/0446607711.01.THUMBZZZ.jpg,http://images.amazon.com/images/P/0446607711.01.MZZZZZZZ.jpg,http://images.amazon.com/images/P/0446607711.01.LZZZZZZZ.jpg,The Simple Truth David Baldacci Warner Books
038548951X,Sister of My Heart,Chitra Banerjee Divakaruni,2000.0,Anchor Pub,http://images.amazon.com/images/P/038548951X.01.THUMBZZZ.jpg,http://images.amazon.com/images/P/038548951X.01.MZZZZZZZ.jpg,http://images.amazon.com/images/P/038548951X.01.LZZZZZZZ.jpg,Sister of My Heart Chitra Banerjee Divakaruni Anchor Pub
0140254544,A Light in the Window (The Mitford Years),Jan Karon,1996.0,Penguin Books,http://images.amazon.com/images/P/0140254544.01.THUMBZZZ.jpg,http://images.amazon.com/images/P/0140254544.01.MZZZZZZZ.jpg,http://images.amazon.com/images/P/0140254544.01.LZZZZZZZ.jpg,A Light in the Window (The Mitford Years) Jan Karon Penguin Books
0451524934,1984,George Orwell,1990.0,Signet Book,http://images.amazon.com/images/P/0451524934.01.THUMBZZZ.jpg,http://images.amazon.com/images/P/0451524934.01.MZZZZZZZ.jpg,http://images.amazon.com/images/P/0451524934.01.LZZZZZZZ.jpg,1984 George Orwell Signet Book
0345350499,The Mists of Avalon,MARION ZIMMER BRADLEY,1987.0,Del Rey,http://images.amazon.com/images/P/0345350499.01.THUMBZZZ.jpg,http://images.amazon.com/images/P/0345350499.01.MZZZZZZZ.jpg,http://images.amazon.com/images/P/0345350499.01.LZZZZZZZ.jpg,The Mists of Avalon MARION ZIMMER BRADLEY Del Rey
0312976275,Hot Six : A Stephanie Plum Novel (A Stephanie Plum Novel),Janet Evanovich,2001.0,St. Martin's Paperbacks,http://images.amazon.com/images/P/0312976275.01.THUMBZZZ.jpg,http://images.amazon.com/images/P/0312976275.01.MZZZZZZZ.jpg,http://images.amazon.com/images/P/0312976275.01.LZZZZZZZ.jpg,Hot Six : A Stephanie Plum Novel (A Stephanie Plum Novel) Janet Evanovich St. Martin's Paperbacks
0767905180,Jemima J: A Novel About Ugly Ducklings and Swans,Jane Green,2001.0,Broadway Books,http://images.amazon.com/images/P/0767905180.01.THUMBZZZ.jpg,http://images.amazon.com/images/P/0767905180.01.MZZZZZZZ.jpg,http://images.amazon.com/images/P/0767905180.01.LZZZZZZZ.jpg,Jemima J: A Novel About Ugly Ducklings and Swans Jane Green Broadway Books
059035342X,Harry Potter and the Sorcerer's Stone (Harry Potter (Paperback)),J. K. Rowling,1999.0,Arthur A. Levine Books,http://images.amazon.com/images/P/059035342X.01.THUMBZZZ.jpg,http://images.amazon.com/images/P/059035342X.01.MZZZZZZZ.jpg,http://images.amazon.com/images/P/059035342X.01.LZZZZZZZ.jpg,Harry Potter and the Sorcerer's Stone (Harry Potter (Paperback)) J. K. Rowling Arthur A. Levine Books
0316089699,Sea Glass: A Novel,Anita Shreve,2003.0,Back Bay Books,http://images.amazon.com/images/P/0316089699.01.THUMBZZZ.jpg,http://images.amazon.com/images/P/0316089699.01.MZZZZZZZ.jpg,http://images.amazon.com/images/P/0316089699.01.LZZZZZZZ.jpg,Sea Glass: A Novel Anita Shreve Back Bay Books
0671708635,Seven Habits Of Highly Effective People,Stephen R. Covey,1990.0,Free Press,http://images.amazon.com/images/P/0671708635.01.THUMBZZZ.jpg,http://images.amazon.com/images/P/0671708635.01.MZZZZZZZ.jpg,http://images.amazon.com/images/P/0671708635.01.LZZZZZZZ.jpg,Seven Habits Of Highly Effective People Stephen R. Covey Free Press
0345342968,Fahrenheit 451,RAY BRADBURY,1987.0,Del Rey,http://images.amazon.com/images/P/0345342968.01.THUMBZZZ.jpg,http://images.amazon.com/images/P/0345342968.01.MZZZZZZZ.jpg,http://images.amazon.com/images/P/0345342968.01.LZZZZZZZ.jpg,Fahrenheit 451 RAY BRADBURY Del Rey
0812550706,Ender's Game (Ender Wiggins Saga (Paperback)),Orson Scott Card,1994.0,Tor Books,http://images.amazon.com/images/P/0812550706.01.THUMBZZZ.jpg,http://images.amazon.com/images/P/0812550706.01.MZZZZZZZ.jpg,http://images.amazon.com/images/P/0812550706.01.LZZZZZZZ.jpg,Ender's Game (Ender Wiggins Saga (Paperback)) Orson Scott Card Tor Books
0345348109,The Killer Angels,Michael Shaara,1993.0,Ballantine Books,http://images.amazon.com/images/P/0345348109.01.THUMBZZZ.jpg,http://images.amazon.com/images/P/0345348109.01.MZZZZZZZ.jpg,http://images.amazon.com/images/P/0345348109.01.LZZZZZZZ.jpg,The Killer Angels Michael Shaara Ballantine Books
0451177096,Dolores Claiborne,Stephen King,2004.0,Signet Book,http://images.amazon.com/images/P/0451177096.01.THUMBZZZ.jpg,http://images.amazon.com/images/P/0451177096.01.MZZZZZZZ.jpg,http://images.amazon.com/images/P/0451177096.01.LZZZZZZZ.jpg,Dolores Claiborne Stephen King Signet Book
0425122123,Clear and Present Danger (Jack Ryan Novels),Tom Clancy,1996.0,Berkley Publishing Group,http://images.amazon.com/images/P/0425122123.01.THUMBZZZ.jpg,http://images.amazon.com/images/P/0425122123.01.MZZZZZZZ.jpg,http://images.amazon.com/images/P/0425122123.01.LZZZZZZZ.jpg,Clear and Present Danger (Jack Ryan Novels) Tom Clancy Berkley Publishing Group
0060922532,Pigs in Heaven,Barbara Kingsolver,1994.0,Perennial,http://images.amazon.com/images/P/0060922532.01.THUMBZZZ.jpg,http://images.amazon.com/images/P/0060922532.01.MZZZZZZZ.jpg,http://images.amazon.com/images/P/0060922532.01.LZZZZZZZ.jpg,Pigs in Heaven Barbara Kingsolver Perennial
0440236703,Tell No One,Harlan Coben,2002.0,Dell Publishing Company,http://images.amazon.com/images/P/0440236703.01.THUMBZZZ.jpg,http://images.amazon.com/images/P/0440236703.01.MZZZZZZZ.jpg,http://images.amazon.com/images/P/0440236703.01.LZZZZZZZ.jpg,Tell No One Harlan Coben Dell Publishing Company
0375706410,Waiting (Vintage International),Ha Jin,2000.0,Vintage Books USA,http://images.amazon.com/images/P/0375706410.01.THUMBZZZ.jpg,http://images.amazon.com/images/P/0375706410.01.MZZZZZZZ.jpg,http://images.amazon.com/images/P/0375706410.01.LZZZZZZZ.jpg,Waiting (Vintage International) Ha Jin Vintage Books USA
0345384350,Icebound,Dean R. Koontz,1995.0,Ballantine Books,http://images.amazon.com/images/P/0345384350.01.THUMBZZZ.jpg,http://images.amazon.com/images/P/0345384350.01.MZZZZZZZ.jpg,http://images.amazon.com/images/P/0345384350.01.LZZZZZZZ.jpg,Icebound Dean R. Koontz Ballantine Books
0425175405,Black Notice,Patricia Daniels Cornwell,2000.0,Berkley Publishing Group,http://images.amazon.com/images/P/0425175405.01.THUMBZZZ.jpg,http://images.amazon.com/images/P/0425175405.01.MZZZZZZZ.jpg,http://images.amazon.com/images/P/0425175405.01.LZZZZZZZ.jpg,Black Notice Patricia Daniels Cornwell Berkley Publishing Group
0380731851,Mystic River,Dennis Lehane,2002.0,HarperTorch,http://images.amazon.com/images/P/0380731851.01.THUMBZZZ.jpg,http://images.amazon.com/images/P/0380731851.01.MZZZZZZZ.jpg,http://images.amazon.com/images/P/0380731851.01.LZZZZZZZ.jpg,Mystic River Dennis Lehane HarperTorch
0446604666,Sick Puppy,Carl Hiaasen,2001.0,Warner Vision,http://images.amazon.com/images/P/0446604666.01.THUMBZZZ.jpg,http://images.amazon.com/images/P/0446604666.01.MZZZZZZZ.jpg,http://images.amazon.com/images/P/0446604666.01.LZZZZZZZ.jpg,Sick Puppy Carl Hiaasen Warner Vision
0553579754,Fear Nothing,DEAN KOONTZ,1998.0,Bantam,http://images.amazon.com/images/P/0553579754.01.THUMBZZZ.jpg,http://images.amazon.com/images/P/0553579754.01.MZZZZZZZ.jpg,http://images.amazon.com/images/P/0553579754.01.LZZZZZZZ.jpg,Fear Nothing DEAN KOONTZ Bantam
0449221482,J Is for Judgment,Sue Grafton,1999.0,Fawcett Books,http://images.amazon.com/images/P/0449221482.01.THUMBZZZ.jpg,http://images.amazon.com/images/P/0449221482.01.MZZZZZZZ.jpg,http://images.amazon.com/images/P/0449221482.01.LZZZZZZZ.jpg,J Is for Judgment Sue Grafton Fawcett Books
0553279912,A Is for Alibi (Kinsey Millhone Mysteries (Paperback)),SUE GRAFTON,1987.0,Bantam,http://images.amazon.com/images/P/0553279912.01.THUMBZZZ.jpg,http://images.amazon.com/images/P/0553279912.01.MZZZZZZZ.jpg,http://images.amazon.com/images/P/0553279912.01.LZZZZZZZ.jpg,A Is for Alibi (Kinsey Millhone Mysteries (Paperback)) SUE GRAFTON Bantam
0345353145,Sphere,MICHAEL CRICHTON,1988.0,Ballantine Books,http://images.amazon.com/images/P/0345353145.01.THUMBZZZ.jpg,http://images.amazon.com/images/P/0345353145.01.MZZZZZZZ.jpg,http://images.amazon.com/images/P/0345353145.01.LZZZZZZZ.jpg,Sphere MICHAEL CRICHTON Ballantine Books
0446516538,Slow Waltz in Cedar Bend,Robert James Waller,1993.0,Warner Books,http://images.amazon.com/images/P/0446516538.01.THUMBZZZ.jpg,http://images.amazon.com/images/P/0446516538.01.MZZZZZZZ.jpg,http://images.amazon.com/images/P/0446516538.01.LZZZZZZZ.jpg,Slow Waltz in Cedar Bend Robert James Waller Warner Books
0440214041,The Pelican Brief,John Grisham,1993.0,Dell,http://images.amazon.com/images/P/0440214041.01.THUMBZZZ.jpg,http://images.amazon.com/images/P/0440214041.01.MZZZZZZZ.jpg,http://images.amazon.com/images/P/0440214041.01.LZZZZZZZ.jpg,The Pelican Brief John Grisham Dell
0140298479,Bridget Jones: The Edge of Reason,Helen Fielding,2001.0,Penguin Books,http://images.amazon.com/images/P/0140298479.01.THUMBZZZ.jpg,http://images.amazon.com/images/P/0140298479.01.MZZZZZZZ.jpg,http://images.amazon.com/images/P/0140298479.01.LZZZZZZZ.jpg,Bridget Jones: The Edge of Reason Helen Fielding Penguin Books
0786889020,Don't Stand Too Close to a Naked Man,Tim Allen,1995.0,Hyperion,http://images.amazon.com/images/P/0786889020.01.THUMBZZZ.jpg,http://images.amazon.com/images/P/0786889020.01.MZZZZZZZ.jpg,http://images.amazon.com/images/P/0786889020.01.LZZZZZZZ.jpg,Don't Stand Too Close to a Naked Man Tim Allen Hyperion
0345337662,Interview with the Vampire,Anne Rice,1993.0,Ballantine Books,http://images.amazon.com/images/P/0345337662.01.THUMBZZZ.jpg,http://images.amazon.com/images/P/0345337662.01.MZZZZZZZ.jpg,http://images.amazon.com/images/P/0345337662.01.LZZZZZZZ.jpg,Interview with the Vampire Anne Rice Ballantine Books
0345351525,The Queen of the Damned (Vampire Chronicles (Paperback)),Anne Rice,1993.0,Ballantine Books,http://images.amazon.com/images/P/0345351525.01.THUMBZZZ.jpg,http://images.amazon.com/images/P/0345351525.01.MZZZZZZZ.jpg,http://images.amazon.com/images/P/0345351525.01.LZZZZZZZ.jpg,The Queen of the Damned (Vampire Chronicles (Paperback)) Anne Rice Ballantine Books
0449003787,"""\O\"""" Is for Outlaw""""""",SUE GRAFTON,2001.0,Ballantine Books,http://images.amazon.com/images/P/0449003787.01.THUMBZZZ.jpg,http://images.amazon.com/images/P/0449003787.01.MZZZZZZZ.jpg,http://images.amazon.com/images/P/0449003787.01.LZZZZZZZ.jpg,"""\O\"""" Is for Outlaw"""""" SUE GRAFTON Ballantine Books"
0385265700,The Book of Ruth (Oprah's Book Club (Paperback)),Jane Hamilton,1990.0,Anchor,http://images.amazon.com/images/P/0385265700.01.THUMBZZZ.jpg,http://images.amazon.com/images/P/0385265700.01.MZZZZZZZ.jpg,http://images.amazon.com/images/P/0385265700.01.LZZZZZZZ.jpg,The Book of Ruth (Oprah's Book Club (Paperback)) Jane Hamilton Anchor
1573229326,How to Be Good,Nick Hornby,2002.0,Riverhead Books,http://images.amazon.com/images/P/1573229326.01.THUMBZZZ.jpg,http://images.amazon.com/images/P/1573229326.01.MZZZZZZZ.jpg,http://images.amazon.com/images/P/1573229326.01.LZZZZZZZ.jpg,How to Be Good Nick Hornby Riverhead Books
0671617028,The Color Purple,Alice Walker,1985.0,Pocket Books,http://images.amazon.com/images/P/0671617028.01.THUMBZZZ.jpg,http://images.amazon.com/images/P/0671617028.01.MZZZZZZZ.jpg,http://images.amazon.com/images/P/0671617028.01.LZZZZZZZ.jpg,The Color Purple Alice Walker Pocket Books
0446605239,The Notebook,Nicholas Sparks,1998.0,Warner Books,http://images.amazon.com/images/P/0446605239.01.THUMBZZZ.jpg,http://images.amazon.com/images/P/0446605239.01.MZZZZZZZ.jpg,http://images.amazon.com/images/P/0446605239.01.LZZZZZZZ.jpg,The Notebook Nicholas Sparks Warner Books
0553295977,Carnal Innocence,Nora Roberts,1992.0,Bantam Books,http://images.amazon.com/images/P/0553295977.01.THUMBZZZ.jpg,http://images.amazon.com/images/P/0553295977.01.MZZZZZZZ.jpg,http://images.amazon.com/images/P/0553295977.01.LZZZZZZZ.jpg,Carnal Innocence Nora Roberts Bantam Books
0743224574,A Beautiful Mind: The Life of Mathematical Genius and Nobel Laureate John Nash,Sylvia Nasar,2001.0,Simon &amp; Schuster,http://images.amazon.com/images/P/0743224574.01.THUMBZZZ.jpg,http://images.amazon.com/images/P/0743224574.01.MZZZZZZZ.jpg,http://images.amazon.com/images/P/0743224574.01.LZZZZZZZ.jpg,A Beautiful Mind: The Life of Mathematical Genius and Nobel Laureate John Nash Sylvia Nasar Simon &amp; Schuster
0671004549,You Belong To Me,Mary Higgins Clark,1999.0,Pocket Books,http://images.amazon.com/images/P/0671004549.01.THUMBZZZ.jpg,http://images.amazon.com/images/P/0671004549.01.MZZZZZZZ.jpg,http://images.amazon.com/images/P/0671004549.01.LZZZZZZZ.jpg,You Belong To Me Mary Higgins Clark Pocket Books
0802139256,Peace Like a River,Leif Enger,2002.0,Grove Press,http://images.amazon.com/images/P/0802139256.01.THUMBZZZ.jpg,http://images.amazon.com/images/P/0802139256.01.MZZZZZZZ.jpg,http://images.amazon.com/images/P/0802139256.01.LZZZZZZZ.jpg,Peace Like a River Leif Enger Grove Press
055356160X,Cry Wolf,TAMI HOAG,1993.0,Bantam,http://images.amazon.com/images/P/055356160X.01.THUMBZZZ.jpg,http://images.amazon.com/images/P/055356160X.01.MZZZZZZZ.jpg,http://images.amazon.com/images/P/055356160X.01.LZZZZZZZ.jpg,Cry Wolf TAMI HOAG Bantam
0385335830,Diary of a Mad Bride (Summer Display Opportunity),Laura Wolf,2002.0,Delta,http://images.amazon.com/images/P/0385335830.01.THUMBZZZ.jpg,http://images.amazon.com/images/P/0385335830.01.MZZZZZZZ.jpg,http://images.amazon.com/images/P/0385335830.01.LZZZZZZZ.jpg,Diary of a Mad Bride (Summer Display Opportunity) Laura Wolf Delta
0515130389,Carolina Moon,Nora Roberts,2001.0,Jove Books,http://images.amazon.com/images/P/0515130389.01.THUMBZZZ.jpg,http://images.amazon.com/images/P/0515130389.01.MZZZZZZZ.jpg,http://images.amazon.com/images/P/0515130389.01.LZZZZZZZ.jpg,Carolina Moon Nora Roberts Jove Books
0743412028,Pay It Forward,Catherine Ryan Hyde,2000.0,Pocket,http://images.amazon.com/images/P/0743412028.01.THUMBZZZ.jpg,http://images.amazon.com/images/P/0743412028.01.MZZZZZZZ.jpg,http://images.amazon.com/images/P/0743412028.01.LZZZZZZZ.jpg,Pay It Forward Catherine Ryan Hyde Pocket
051513287X,Face the Fire (Three Sisters Island Trilogy),Nora Roberts,2002.0,Jove Books,http://images.amazon.com/images/P/051513287X.01.THUMBZZZ.jpg,http://images.amazon.com/images/P/051513287X.01.MZZZZZZZ.jpg,http://images.amazon.com/images/P/051513287X.01.LZZZZZZZ.jpg,Face the Fire (Three Sisters Island Trilogy) Nora Roberts Jove Books
0618002219,The Hobbit: or There and Back Again,J.R.R. Tolkien,1999.0,Houghton Mifflin Company,http://images.amazon.com/images/P/0618002219.01.THUMBZZZ.jpg,http://images.amazon.com/images/P/0618002219.01.MZZZZZZZ.jpg,http://images.amazon.com/images/P/0618002219.01.LZZZZZZZ.jpg,The Hobbit: or There and Back Again J.R.R. Tolkien Houghton Mifflin Company
0060392452,Stupid White Men ...and Other Sorry Excuses for the State of the Nation!,Michael Moore,2002.0,Regan Books,http://images.amazon.com/images/P/0060392452.01.THUMBZZZ.jpg,http://images.amazon.com/images/P/0060392452.01.MZZZZZZZ.jpg,http://images.amazon.com/images/P/0060392452.01.LZZZZZZZ.jpg,Stupid White Men ...and Other Sorry Excuses for the State of the Nation! Michael Moore Regan Books
0590353403,Harry Potter and the Sorcerer's Stone (Book 1),J. K. Rowling,1998.0,Scholastic,http://images.amazon.com/images/P/0590353403.01.THUMBZZZ.jpg,http://images.amazon.com/images/P/0590353403.01.MZZZZZZZ.jpg,http://images.amazon.com/images/P/0590353403.01.LZZZZZZZ.jpg,Harry Potter and the Sorcerer's Stone (Book 1) J. K. Rowling Scholastic
0312291639,The Nanny Diaries: A Novel,Emma McLaughlin,2003.0,St. Martin's Griffin,http://images.amazon.com/images/P/0312291639.01.THUMBZZZ.jpg,http://images.amazon.com/images/P/0312291639.01.MZZZZZZZ.jpg,http://images.amazon.com/images/P/0312291639.01.LZZZZZZZ.jpg,The Nanny Diaries: A Novel Emma McLaughlin St. Martin's Griffin
0684874350,ANGELA'S ASHES,Frank McCourt,1996.0,Scribner,http://images.amazon.com/images/P/0684874350.01.THUMBZZZ.jpg,http://images.amazon.com/images/P/0684874350.01.MZZZZZZZ.jpg,http://images.amazon.com/images/P/0684874350.01.LZZZZZZZ.jpg,ANGELA'S ASHES Frank McCourt Scribner
0446611212,Violets Are Blue,James Patterson,2002.0,Warner Vision,http://images.amazon.com/images/P/0446611212.01.THUMBZZZ.jpg,http://images.amazon.com/images/P/0446611212.01.MZZZZZZZ.jpg,http://images.amazon.com/images/P/0446611212.01.LZZZZZZZ.jpg,Violets Are Blue James Patterson Warner Vision
0440241537,The King of Torts,JOHN GRISHAM,2003.0,Dell,http://images.amazon.com/images/P/0440241537.01.THUMBZZZ.jpg,http://images.amazon.com/images/P/0440241537.01.MZZZZZZZ.jpg,http://images.amazon.com/images/P/0440241537.01.LZZZZZZZ.jpg,The King of Torts JOHN GRISHAM Dell
034538475X,The Tale of the Body Thief (Vampire Chronicles (Paperback)),Anne Rice,1993.0,Ballantine Books,http://images.amazon.com/images/P/034538475X.01.THUMBZZZ.jpg,http://images.amazon.com/images/P/034538475X.01.MZZZZZZZ.jpg,http://images.amazon.com/images/P/034538475X.01.LZZZZZZZ.jpg,The Tale of the Body Thief (Vampire Chronicles (Paperback)) Anne Rice Ballantine Books
0380718340,Cruel &amp; Unusual (Kay Scarpetta Mysteries (Paperback)),Patricia D. Cornwell,1994.0,Avon,http://images.amazon.com/images/P/0380718340.01.THUMBZZZ.jpg,http://images.amazon.com/images/P/0380718340.01.MZZZZZZZ.jpg,http://images.amazon.com/images/P/0380718340.01.LZZZZZZZ.jpg,Cruel &amp; Unusual (Kay Scarpetta Mysteries (Paperback)) Patricia D. Cornwell Avon
0451153553,Misery,Stephen King,1988.0,New Amer Library,http://images.amazon.com/images/P/0451153553.01.THUMBZZZ.jpg,http://images.amazon.com/images/P/0451153553.01.MZZZZZZZ.jpg,http://images.amazon.com/images/P/0451153553.01.LZZZZZZZ.jpg,Misery Stephen King New Amer Library
0142001805,The Eyre Affair: A Novel,Jasper Fforde,2003.0,Penguin Books,http://images.amazon.com/images/P/0142001805.01.THUMBZZZ.jpg,http://images.amazon.com/images/P/0142001805.01.MZZZZZZZ.jpg,http://images.amazon.com/images/P/0142001805.01.LZZZZZZZ.jpg,The Eyre Affair: A Novel Jasper Fforde Penguin Books
0425147622,The Body Farm,Patricia Daniels Cornwell,1995.0,Berkley Publishing Group,http://images.amazon.com/images/P/0425147622.01.THUMBZZZ.jpg,http://images.amazon.com/images/P/0425147622.01.MZZZZZZZ.jpg,http://images.amazon.com/images/P/0425147622.01.LZZZZZZZ.jpg,The Body Farm Patricia Daniels Cornwell Berkley Publishing Group
0345384369,Intensity,DEAN KOONTZ,1996.0,Ballantine Books,http://images.amazon.com/images/P/0345384369.01.THUMBZZZ.jpg,http://images.amazon.com/images/P/0345384369.01.MZZZZZZZ.jpg,http://images.amazon.com/images/P/0345384369.01.LZZZZZZZ.jpg,Intensity DEAN KOONTZ Ballantine Books
034539657X,Dark Rivers of the Heart,Dean R. Koontz,1995.0,Ballantine Books,http://images.amazon.com/images/P/034539657X.01.THUMBZZZ.jpg,http://images.amazon.com/images/P/034539657X.01.MZZZZZZZ.jpg,http://images.amazon.com/images/P/034539657X.01.LZZZZZZZ.jpg,Dark Rivers of the Heart Dean R. Koontz Ballantine Books
0425144429,Mr. Murder,Dean R. Koontz,1996.0,Berkley Publishing Group,http://images.amazon.com/images/P/0425144429.01.THUMBZZZ.jpg,http://images.amazon.com/images/P/0425144429.01.MZZZZZZZ.jpg,http://images.amazon.com/images/P/0425144429.01.LZZZZZZZ.jpg,Mr. Murder Dean R. Koontz Berkley Publishing Group
0312305060,The Hours: A Novel,Michael Cunningham,2002.0,Picador,http://images.amazon.com/images/P/0312305060.01.THUMBZZZ.jpg,http://images.amazon.com/images/P/0312305060.01.MZZZZZZZ.jpg,http://images.amazon.com/images/P/0312305060.01.LZZZZZZZ.jpg,The Hours: A Novel Michael Cunningham Picador
0399146431,The Bonesetter's Daughter,Amy Tan,2001.0,Putnam Publishing Group,http://images.amazon.com/images/P/0399146431.01.THUMBZZZ.jpg,http://images.amazon.com/images/P/0399146431.01.MZZZZZZZ.jpg,http://images.amazon.com/images/P/0399146431.01.LZZZZZZZ.jpg,The Bonesetter's Daughter Amy Tan Putnam Publishing Group
0385482388,The Mistress of Spices,Chitra Banerjee Divakaruni,1998.0,Anchor Books/Doubleday,http://images.amazon.com/images/P/0385482388.01.THUMBZZZ.jpg,http://images.amazon.com/images/P/0385482388.01.MZZZZZZZ.jpg,http://images.amazon.com/images/P/0385482388.01.LZZZZZZZ.jpg,The Mistress of Spices Chitra Banerjee Divakaruni Anchor Books/Doubleday
0375706771,Midwives: A Novel,Chris Bohjalian,1998.0,Vintage,http://images.amazon.com/images/P/0375706771.01.THUMBZZZ.jpg,http://images.amazon.com/images/P/0375706771.01.MZZZZZZZ.jpg,http://images.amazon.com/images/P/0375706771.01.LZZZZZZZ.jpg,Midwives: A Novel Chris Bohjalian Vintage
0452260116,Song of Solomon (Oprah's Book Club (Paperback)),Toni Morrison,1987.0,Plume Books,http://images.amazon.com/images/P/0452260116.01.THUMBZZZ.jpg,http://images.amazon.com/images/P/0452260116.01.MZZZZZZZ.jpg,http://images.amazon.com/images/P/0452260116.01.LZZZZZZZ.jpg,Song of Solomon (Oprah's Book Club (Paperback)) Toni Morrison Plume Books
0060987561,I Know This Much Is True,Wally Lamb,1999.0,Regan Books,http://images.amazon.com/images/P/0060987561.01.THUMBZZZ.jpg,http://images.amazon.com/images/P/0060987561.01.MZZZZZZZ.jpg,http://images.amazon.com/images/P/0060987561.01.LZZZZZZZ.jpg,I Know This Much Is True Wally Lamb Regan Books
0312265867,To the Nines: A Stephanie Plum Novel,Janet Evanovich,2003.0,St. Martin's Press,http://images.amazon.com/images/P/0312265867.01.THUMBZZZ.jpg,http://images.amazon.com/images/P/0312265867.01.MZZZZZZZ.jpg,http://images.amazon.com/images/P/0312265867.01.LZZZZZZZ.jpg,To the Nines: A Stephanie Plum Novel Janet Evanovich St. Martin's Press
0312150601,Behind the Scenes at the Museum : A Novel,Kate Atkinson,1999.0,Picador,http://images.amazon.com/images/P/0312150601.01.THUMBZZZ.jpg,http://images.amazon.com/images/P/0312150601.01.MZZZZZZZ.jpg,http://images.amazon.com/images/P/0312150601.01.LZZZZZZZ.jpg,Behind the Scenes at the Museum : A Novel Kate Atkinson Picador
0786881852,Don't Sweat the Small Stuff and It's All Small Stuff : Simple Ways to Keep the Little Things from Taking Over Your Life (Don't Sweat the Small Stuff Series),Richard Carlson,1997.0,Hyperion,http://images.amazon.com/images/P/0786881852.01.THUMBZZZ.jpg,http://images.amazon.com/images/P/0786881852.01.MZZZZZZZ.jpg,http://images.amazon.com/images/P/0786881852.01.LZZZZZZZ.jpg,Don't Sweat the Small Stuff and It's All Small Stuff : Simple Ways to Keep the Little Things from Taking Over Your Life (Don't Sweat the Small Stuff Series) Richard Carlson Hyperion
1559029838,Call of the Wild,Jack London,0.0,Selldowns/no More Orders,http://images.amazon.com/images/P/1559029838.01.THUMBZZZ.jpg,http://images.amazon.com/images/P/1559029838.01.MZZZZZZZ.jpg,http://images.amazon.com/images/P/1559029838.01.LZZZZZZZ.jpg,Call of the Wild Jack London Selldowns/no More Orders
0446610100,Wish You Well,David Baldacci,2001.0,Warner Books,http://images.amazon.com/images/P/0446610100.01.THUMBZZZ.jpg,http://images.amazon.com/images/P/0446610100.01.MZZZZZZZ.jpg,http://images.amazon.com/images/P/0446610100.01.LZZZZZZZ.jpg,Wish You Well David Baldacci Warner Books
0312966970,Four To Score (A Stephanie Plum Novel),Janet Evanovich,1999.0,St. Martin's Paperbacks,http://images.amazon.com/images/P/0312966970.01.THUMBZZZ.jpg,http://images.amazon.com/images/P/0312966970.01.MZZZZZZZ.jpg,http://images.amazon.com/images/P/0312966970.01.LZZZZZZZ.jpg,Four To Score (A Stephanie Plum Novel) Janet Evanovich St. Martin's Paperbacks
0380002930,Watership Down,Richard Adams,1976.0,Avon,http://images.amazon.com/images/P/0380002930.01.THUMBZZZ.jpg,http://images.amazon.com/images/P/0380002930.01.MZZZZZZZ.jpg,http://images.amazon.com/images/P/0380002930.01.LZZZZZZZ.jpg,Watership Down Richard Adams Avon
0312971346,High Five (A Stephanie Plum Novel),Janet Evanovich,2000.0,St. Martin's Paperbacks,http://images.amazon.com/images/P/0312971346.01.THUMBZZZ.jpg,http://images.amazon.com/images/P/0312971346.01.MZZZZZZZ.jpg,http://images.amazon.com/images/P/0312971346.01.LZZZZZZZ.jpg,High Five (A Stephanie Plum Novel) Janet Evanovich St. Martin's Paperbacks
0060958022,Five Quarters of the Orange,Joanne Harris,2002.0,Perennial,http://images.amazon.com/images/P/0060958022.01.THUMBZZZ.jpg,http://images.amazon.com/images/P/0060958022.01.MZZZZZZZ.jpg,http://images.amazon.com/images/P/0060958022.01.LZZZZZZZ.jpg,Five Quarters of the Orange Joanne Harris Perennial
0375412824,The Dive From Clausen's Pier (Alex Awards),ANN PACKER,2002.0,Knopf,http://images.amazon.com/images/P/0375412824.01.THUMBZZZ.jpg,http://images.amazon.com/images/P/0375412824.01.MZZZZZZZ.jpg,http://images.amazon.com/images/P/0375412824.01.LZZZZZZZ.jpg,The Dive From Clausen's Pier (Alex Awards) ANN PACKER Knopf
1558743669,"""A Child Called \It\"""": One Child's Courage to Survive""""""",Dave Pelzer,1995.0,Health Communications,http://images.amazon.com/images/P/1558743669.01.THUMBZZZ.jpg,http://images.amazon.com/images/P/1558743669.01.MZZZZZZZ.jpg,http://images.amazon.com/images/P/1558743669.01.LZZZZZZZ.jpg,"""A Child Called \It\"""": One Child's Courage to Survive"""""" Dave Pelzer Health Communications"
0553582135,Final Target,Iris Johansen,2002.0,Bantam Books,http://images.amazon.com/images/P/0553582135.01.THUMBZZZ.jpg,http://images.amazon.com/images/P/0553582135.01.MZZZZZZZ.jpg,http://images.amazon.com/images/P/0553582135.01.LZZZZZZZ.jpg,Final Target Iris Johansen Bantam Books
0767907817,Bookends : A Novel,Jane Green,2003.0,Broadway,http://images.amazon.com/images/P/0767907817.01.THUMBZZZ.jpg,http://images.amazon.com/images/P/0767907817.01.MZZZZZZZ.jpg,http://images.amazon.com/images/P/0767907817.01.LZZZZZZZ.jpg,Bookends : A Novel Jane Green Broadway
0385720106,A Map of the World,Jane Hamilton,1999.0,Anchor Books/Doubleday,http://images.amazon.com/images/P/0385720106.01.THUMBZZZ.jpg,http://images.amazon.com/images/P/0385720106.01.MZZZZZZZ.jpg,http://images.amazon.com/images/P/0385720106.01.LZZZZZZZ.jpg,A Map of the World Jane Hamilton Anchor Books/Doubleday
0064400581,Julie of the Wolves (Julie of the Wolves),Jean Craighead George,1972.0,HarperTrophy,http://images.amazon.com/images/P/0064400581.01.THUMBZZZ.jpg,http://images.amazon.com/images/P/0064400581.01.MZZZZZZZ.jpg,http://images.amazon.com/images/P/0064400581.01.LZZZZZZZ.jpg,Julie of the Wolves (Julie of the Wolves) Jean Craighead George HarperTrophy
0842329218,Tribulation Force: The Continuing Drama of Those Left Behind (Left Behind No. 2),Tim LaHaye,1997.0,Tyndale House Publishers,http://images.amazon.com/images/P/0842329218.01.THUMBZZZ.jpg,http://images.amazon.com/images/P/0842329218.01.MZZZZZZZ.jpg,http://images.amazon.com/images/P/0842329218.01.LZZZZZZZ.jpg,Tribulation Force: The Continuing Drama of Those Left Behind (Left Behind No. 2) Tim LaHaye Tyndale House Publishers
0440221471,The Runaway Jury,JOHN GRISHAM,1997.0,Dell,http://images.amazon.com/images/P/0440221471.01.THUMBZZZ.jpg,http://images.amazon.com/images/P/0440221471.01.MZZZZZZZ.jpg,http://images.amazon.com/images/P/0440221471.01.LZZZZZZZ.jpg,The Runaway Jury JOHN GRISHAM Dell
0425143325,Without Remorse,Tom Clancy,2004.0,Berkley Publishing Group,http://images.amazon.com/images/P/0425143325.01.THUMBZZZ.jpg,http://images.amazon.com/images/P/0425143325.01.MZZZZZZZ.jpg,http://images.amazon.com/images/P/0425143325.01.LZZZZZZZ.jpg,Without Remorse Tom Clancy Berkley Publishing Group
0425180964,The Bear and the Dragon (Jack Ryan Novels),Tom Clancy,2001.0,Berkley Publishing Group,http://images.amazon.com/images/P/0425180964.01.THUMBZZZ.jpg,http://images.amazon.com/images/P/0425180964.01.MZZZZZZZ.jpg,http://images.amazon.com/images/P/0425180964.01.LZZZZZZZ.jpg,The Bear and the Dragon (Jack Ryan Novels) Tom Clancy Berkley Publishing Group
0743411250,The Woman Next Door,Barbara Delinsky,2002.0,Pocket,http://images.amazon.com/images/P/0743411250.01.THUMBZZZ.jpg,http://images.amazon.com/images/P/0743411250.01.MZZZZZZZ.jpg,http://images.amazon.com/images/P/0743411250.01.LZZZZZZZ.jpg,The Woman Next Door Barbara Delinsky Pocket
0060502258,The Divine Secrets of the Ya-Ya Sisterhood: A Novel,Rebecca Wells,2002.0,HarperTorch,http://images.amazon.com/images/P/0060502258.01.THUMBZZZ.jpg,http://images.amazon.com/images/P/0060502258.01.MZZZZZZZ.jpg,http://images.amazon.com/images/P/0060502258.01.LZZZZZZZ.jpg,The Divine Secrets of the Ya-Ya Sisterhood: A Novel Rebecca Wells HarperTorch
0345339681,The Hobbit : The Enchanting Prelude to The Lord of the Rings,J.R.R. TOLKIEN,1986.0,Del Rey,http://images.amazon.com/images/P/0345339681.01.THUMBZZZ.jpg,http://images.amazon.com/images/P/0345339681.01.MZZZZZZZ.jpg,http://images.amazon.com/images/P/0345339681.01.LZZZZZZZ.jpg,The Hobbit : The Enchanting Prelude to The Lord of the Rings J.R.R. TOLKIEN Del Rey
044048474X,Tales of a Fourth Grade Nothing,JUDY BLUME,1976.0,Yearling,http://images.amazon.com/images/P/044048474X.01.THUMBZZZ.jpg,http://images.amazon.com/images/P/044048474X.01.MZZZZZZZ.jpg,http://images.amazon.com/images/P/044048474X.01.LZZZZZZZ.jpg,Tales of a Fourth Grade Nothing JUDY BLUME Yearling
055357230X,The Clinic (Alex Delaware Novels (Paperback)),Jonathan Kellerman,1999.0,Bantam Books,http://images.amazon.com/images/P/055357230X.01.THUMBZZZ.jpg,http://images.amazon.com/images/P/055357230X.01.MZZZZZZZ.jpg,http://images.amazon.com/images/P/055357230X.01.LZZZZZZZ.jpg,The Clinic (Alex Delaware Novels (Paperback)) Jonathan Kellerman Bantam Books
0671004107,Contact,Carl Sagan,1997.0,Pocket,http://images.amazon.com/images/P/0671004107.01.THUMBZZZ.jpg,http://images.amazon.com/images/P/0671004107.01.MZZZZZZZ.jpg,http://images.amazon.com/images/P/0671004107.01.LZZZZZZZ.jpg,Contact Carl Sagan Pocket
0671683993,The Temple of My Familiar,Alice Walker,1990.0,Pocket,http://images.amazon.com/images/P/0671683993.01.THUMBZZZ.jpg,http://images.amazon.com/images/P/0671683993.01.MZZZZZZZ.jpg,http://images.amazon.com/images/P/0671683993.01.LZZZZZZZ.jpg,The Temple of My Familiar Alice Walker Pocket
0439064872,Harry Potter and the Chamber of Secrets (Book 2),J. K. Rowling,2000.0,Scholastic,http://images.amazon.com/images/P/0439064872.01.THUMBZZZ.jpg,http://images.amazon.com/images/P/0439064872.01.MZZZZZZZ.jpg,http://images.amazon.com/images/P/0439064872.01.LZZZZZZZ.jpg,Harry Potter and the Chamber of Secrets (Book 2) J. K. Rowling Scholastic
0679751602,Mama Makes Up Her Mind: And Other Dangers of Southern Living,Bailey White,1994.0,Vintage Books USA,http://images.amazon.com/images/P/0679751602.01.THUMBZZZ.jpg,http://images.amazon.com/images/P/0679751602.01.MZZZZZZZ.jpg,http://images.amazon.com/images/P/0679751602.01.LZZZZZZZ.jpg,Mama Makes Up Her Mind: And Other Dangers of Southern Living Bailey White Vintage Books USA
0515102652,The Cat Who Talked to Ghosts,Lilian Jackson Braun,1996.0,Jove Books,http://images.amazon.com/images/P/0515102652.01.THUMBZZZ.jpg,http://images.amazon.com/images/P/0515102652.01.MZZZZZZZ.jpg,http://images.amazon.com/images/P/0515102652.01.LZZZZZZZ.jpg,The Cat Who Talked to Ghosts Lilian Jackson Braun Jove Books
0061097314,The Bean Trees,Barbara Kingsolver,1998.0,HarperTorch,http://images.amazon.com/images/P/0061097314.01.THUMBZZZ.jpg,http://images.amazon.com/images/P/0061097314.01.MZZZZZZZ.jpg,http://images.amazon.com/images/P/0061097314.01.LZZZZZZZ.jpg,The Bean Trees Barbara Kingsolver HarperTorch
0140119906,Love in the Time of Cholera (Penguin Great Books of the 20th Century),Gabriel Garcia Marquez,1994.0,Penguin Books,http://images.amazon.com/images/P/0140119906.01.THUMBZZZ.jpg,http://images.amazon.com/images/P/0140119906.01.MZZZZZZZ.jpg,http://images.amazon.com/images/P/0140119906.01.LZZZZZZZ.jpg,Love in the Time of Cholera (Penguin Great Books of the 20th Century) Gabriel Garcia Marquez Penguin Books
0553579606,Ashes to Ashes,TAMI HOAG,2000.0,Bantam,http://images.amazon.com/images/P/0553579606.01.THUMBZZZ.jpg,http://images.amazon.com/images/P/0553579606.01.MZZZZZZZ.jpg,http://images.amazon.com/images/P/0553579606.01.LZZZZZZZ.jpg,Ashes to Ashes TAMI HOAG Bantam
0684810387,MOONLIGHT BECOMES YOU,Mary Higgins Clark,1996.0,Simon &amp; Schuster,http://images.amazon.com/images/P/0684810387.01.THUMBZZZ.jpg,http://images.amazon.com/images/P/0684810387.01.MZZZZZZZ.jpg,http://images.amazon.com/images/P/0684810387.01.LZZZZZZZ.jpg,MOONLIGHT BECOMES YOU Mary Higgins Clark Simon &amp; Schuster
0440183057,Stillwatch,MARY HIGGINS CLARK,1986.0,Dell,http://images.amazon.com/images/P/0440183057.01.THUMBZZZ.jpg,http://images.amazon.com/images/P/0440183057.01.MZZZZZZZ.jpg,http://images.amazon.com/images/P/0440183057.01.LZZZZZZZ.jpg,Stillwatch MARY HIGGINS CLARK Dell
0425118703,Midnight,Dean R. Koontz,1995.0,Berkley Publishing Group,http://images.amazon.com/images/P/0425118703.01.THUMBZZZ.jpg,http://images.amazon.com/images/P/0425118703.01.MZZZZZZZ.jpg,http://images.amazon.com/images/P/0425118703.01.LZZZZZZZ.jpg,Midnight Dean R. Koontz Berkley Publishing Group
0061000043,A Thief of Time (Joe Leaphorn/Jim Chee Novels),Tony Hillerman,1990.0,HarperTorch,http://images.amazon.com/images/P/0061000043.01.THUMBZZZ.jpg,http://images.amazon.com/images/P/0061000043.01.MZZZZZZZ.jpg,http://images.amazon.com/images/P/0061000043.01.LZZZZZZZ.jpg,A Thief of Time (Joe Leaphorn/Jim Chee Novels) Tony Hillerman HarperTorch
0553289411,The Plains of Passage (Earth's Children (Paperback)),JEAN M. AUEL,1991.0,Bantam,http://images.amazon.com/images/P/0553289411.01.THUMBZZZ.jpg,http://images.amazon.com/images/P/0553289411.01.MZZZZZZZ.jpg,http://images.amazon.com/images/P/0553289411.01.LZZZZZZZ.jpg,The Plains of Passage (Earth's Children (Paperback)) JEAN M. AUEL Bantam
044661064X,The First Counsel,Brad Meltzer,2001.0,Warner Vision,http://images.amazon.com/images/P/044661064X.01.THUMBZZZ.jpg,http://images.amazon.com/images/P/044661064X.01.MZZZZZZZ.jpg,http://images.amazon.com/images/P/044661064X.01.LZZZZZZZ.jpg,The First Counsel Brad Meltzer Warner Vision
1551666839,Dead Run,Erica Spindler,2003.0,Mira,http://images.amazon.com/images/P/1551666839.01.THUMBZZZ.jpg,http://images.amazon.com/images/P/1551666839.01.MZZZZZZZ.jpg,http://images.amazon.com/images/P/1551666839.01.LZZZZZZZ.jpg,Dead Run Erica Spindler Mira
0345447840,The Surgeon,TESS GERRITSEN,2002.0,Ballantine Books,http://images.amazon.com/images/P/0345447840.01.THUMBZZZ.jpg,http://images.amazon.com/images/P/0345447840.01.MZZZZZZZ.jpg,http://images.amazon.com/images/P/0345447840.01.LZZZZZZZ.jpg,The Surgeon TESS GERRITSEN Ballantine Books
0446359866,Presumed Innocent,Scott Turow,1989.0,Warner Books,http://images.amazon.com/images/P/0446359866.01.THUMBZZZ.jpg,http://images.amazon.com/images/P/0446359866.01.MZZZZZZZ.jpg,http://images.amazon.com/images/P/0446359866.01.LZZZZZZZ.jpg,Presumed Innocent Scott Turow Warner Books
0446612790,2nd Chance,James Patterson,2003.0,Warner Vision,http://images.amazon.com/images/P/0446612790.01.THUMBZZZ.jpg,http://images.amazon.com/images/P/0446612790.01.MZZZZZZZ.jpg,http://images.amazon.com/images/P/0446612790.01.LZZZZZZZ.jpg,2nd Chance James Patterson Warner Vision
002542730X,Politically Correct Bedtime Stories: Modern Tales for Our Life and Times,James Finn Garner,1994.0,John Wiley &amp; Sons Inc,http://images.amazon.com/images/P/002542730X.01.THUMBZZZ.jpg,http://images.amazon.com/images/P/002542730X.01.MZZZZZZZ.jpg,http://images.amazon.com/images/P/002542730X.01.LZZZZZZZ.jpg,Politically Correct Bedtime Stories: Modern Tales for Our Life and Times James Finn Garner John Wiley &amp; Sons Inc
0451203895,4 Blondes,Candace Bushnell,2002.0,Signet Book,http://images.amazon.com/images/P/0451203895.01.THUMBZZZ.jpg,http://images.amazon.com/images/P/0451203895.01.MZZZZZZZ.jpg,http://images.amazon.com/images/P/0451203895.01.LZZZZZZZ.jpg,4 Blondes Candace Bushnell Signet Book
0553272535,Night,Elie Wiesel,1982.0,Bantam Books,http://images.amazon.com/images/P/0553272535.01.THUMBZZZ.jpg,http://images.amazon.com/images/P/0553272535.01.MZZZZZZZ.jpg,http://images.amazon.com/images/P/0553272535.01.LZZZZZZZ.jpg,Night Elie Wiesel Bantam Books
039480001X,The Cat in the Hat,Dr. Seuss,1957.0,Random House Books for Young Readers,http://images.amazon.com/images/P/039480001X.01.THUMBZZZ.jpg,http://images.amazon.com/images/P/039480001X.01.MZZZZZZZ.jpg,http://images.amazon.com/images/P/039480001X.01.LZZZZZZZ.jpg,The Cat in the Hat Dr. Seuss Random House Books for Young Readers
068484477X,STONES FROM THE RIVER,Ursula Hegi,1997.0,Touchstone,http://images.amazon.com/images/P/068484477X.01.THUMBZZZ.jpg,http://images.amazon.com/images/P/068484477X.01.MZZZZZZZ.jpg,http://images.amazon.com/images/P/068484477X.01.LZZZZZZZ.jpg,STONES FROM THE RIVER Ursula Hegi Touchstone
0452283205,Falling Angels,Tracy Chevalier,2002.0,Plume Books,http://images.amazon.com/images/P/0452283205.01.THUMBZZZ.jpg,http://images.amazon.com/images/P/0452283205.01.MZZZZZZZ.jpg,http://images.amazon.com/images/P/0452283205.01.LZZZZZZZ.jpg,Falling Angels Tracy Chevalier Plume Books
0553250531,The Valley of Horses,JEAN M. AUEL,1984.0,Bantam,http://images.amazon.com/images/P/0553250531.01.THUMBZZZ.jpg,http://images.amazon.com/images/P/0553250531.01.MZZZZZZZ.jpg,http://images.amazon.com/images/P/0553250531.01.LZZZZZZZ.jpg,The Valley of Horses JEAN M. AUEL Bantam
0440213525,The Client,John Grisham,1994.0,Dell Publishing Company,http://images.amazon.com/images/P/0440213525.01.THUMBZZZ.jpg,http://images.amazon.com/images/P/0440213525.01.MZZZZZZZ.jpg,http://images.amazon.com/images/P/0440213525.01.LZZZZZZZ.jpg,The Client John Grisham Dell Publishing Company
0451188462,Desperation,Stephen King,1997.0,Signet Book,http://images.amazon.com/images/P/0451188462.01.THUMBZZZ.jpg,http://images.amazon.com/images/P/0451188462.01.MZZZZZZZ.jpg,http://images.amazon.com/images/P/0451188462.01.LZZZZZZZ.jpg,Desperation Stephen King Signet Book
0439136350,Harry Potter and the Prisoner of Azkaban (Book 3),J. K. Rowling,1999.0,Scholastic,http://images.amazon.com/images/P/0439136350.01.THUMBZZZ.jpg,http://images.amazon.com/images/P/0439136350.01.MZZZZZZZ.jpg,http://images.amazon.com/images/P/0439136350.01.LZZZZZZZ.jpg,Harry Potter and the Prisoner of Azkaban (Book 3) J. K. Rowling Scholastic
0064400557,Charlotte's Web (Trophy Newbery),E. B. White,1974.0,HarperTrophy,http://images.amazon.com/images/P/0064400557.01.THUMBZZZ.jpg,http://images.amazon.com/images/P/0064400557.01.MZZZZZZZ.jpg,http://images.amazon.com/images/P/0064400557.01.LZZZZZZZ.jpg,Charlotte's Web (Trophy Newbery) E. B. White HarperTrophy
0671867172,The Lottery Winner : Alvirah And Willy Stories,Mary Higgins Clark,1995.0,Pocket,http://images.amazon.com/images/P/0671867172.01.THUMBZZZ.jpg,http://images.amazon.com/images/P/0671867172.01.MZZZZZZZ.jpg,http://images.amazon.com/images/P/0671867172.01.LZZZZZZZ.jpg,The Lottery Winner : Alvirah And Willy Stories Mary Higgins Clark Pocket
0316096199,Lucky : A Memoir,Alice Sebold,2002.0,Back Bay Books,http://images.amazon.com/images/P/0316096199.01.THUMBZZZ.jpg,http://images.amazon.com/images/P/0316096199.01.MZZZZZZZ.jpg,http://images.amazon.com/images/P/0316096199.01.LZZZZZZZ.jpg,Lucky : A Memoir Alice Sebold Back Bay Books
0440200989,Weep No More My Lady,Mary Higgins Clark,1993.0,Dell,http://images.amazon.com/images/P/0440200989.01.THUMBZZZ.jpg,http://images.amazon.com/images/P/0440200989.01.MZZZZZZZ.jpg,http://images.amazon.com/images/P/0440200989.01.LZZZZZZZ.jpg,Weep No More My Lady Mary Higgins Clark Dell
0671568175,Let Me Call You Sweetheart,Mary Higgins Clark,1996.0,Pocket,http://images.amazon.com/images/P/0671568175.01.THUMBZZZ.jpg,http://images.amazon.com/images/P/0671568175.01.MZZZZZZZ.jpg,http://images.amazon.com/images/P/0671568175.01.LZZZZZZZ.jpg,Let Me Call You Sweetheart Mary Higgins Clark Pocket
0449221504,K Is for Killer (Kinsey Millhone Mysteries (Paperback)),Sue Grafton,1999.0,Fawcett Books,http://images.amazon.com/images/P/0449221504.01.THUMBZZZ.jpg,http://images.amazon.com/images/P/0449221504.01.MZZZZZZZ.jpg,http://images.amazon.com/images/P/0449221504.01.LZZZZZZZ.jpg,K Is for Killer (Kinsey Millhone Mysteries (Paperback)) Sue Grafton Fawcett Books
0446607193,Unspeakable,Sandra Brown,1999.0,Warner Books,http://images.amazon.com/images/P/0446607193.01.THUMBZZZ.jpg,http://images.amazon.com/images/P/0446607193.01.MZZZZZZZ.jpg,http://images.amazon.com/images/P/0446607193.01.LZZZZZZZ.jpg,Unspeakable Sandra Brown Warner Books
0373484003,Irish Hearts,Nora Roberts,2000.0,Silhouette,http://images.amazon.com/images/P/0373484003.01.THUMBZZZ.jpg,http://images.amazon.com/images/P/0373484003.01.MZZZZZZZ.jpg,http://images.amazon.com/images/P/0373484003.01.LZZZZZZZ.jpg,Irish Hearts Nora Roberts Silhouette
0767905385,Catch Me If You Can: The True Story of a Real Fake,Stan Redding,2000.0,Broadway,http://images.amazon.com/images/P/0767905385.01.THUMBZZZ.jpg,http://images.amazon.com/images/P/0767905385.01.MZZZZZZZ.jpg,http://images.amazon.com/images/P/0767905385.01.LZZZZZZZ.jpg,Catch Me If You Can: The True Story of a Real Fake Stan Redding Broadway
0440211263,Circle of Friends,Maeve Binchy,1991.0,Dell,http://images.amazon.com/images/P/0440211263.01.THUMBZZZ.jpg,http://images.amazon.com/images/P/0440211263.01.MZZZZZZZ.jpg,http://images.amazon.com/images/P/0440211263.01.LZZZZZZZ.jpg,Circle of Friends Maeve Binchy Dell
0553260111,The Bourne Identity,Robert Ludlum,1984.0,Bantam Books,http://images.amazon.com/images/P/0553260111.01.THUMBZZZ.jpg,http://images.amazon.com/images/P/0553260111.01.MZZZZZZZ.jpg,http://images.amazon.com/images/P/0553260111.01.LZZZZZZZ.jpg,The Bourne Identity Robert Ludlum Bantam Books
0767900383,Under the Tuscan Sun,Frances Mayes,1997.0,Broadway,http://images.amazon.com/images/P/0767900383.01.THUMBZZZ.jpg,http://images.amazon.com/images/P/0767900383.01.MZZZZZZZ.jpg,http://images.amazon.com/images/P/0767900383.01.LZZZZZZZ.jpg,Under the Tuscan Sun Frances Mayes Broadway
0425116840,The Cardinal of the Kremlin (Jack Ryan Novels),Tom Clancy,1989.0,Berkley Publishing Group,http://images.amazon.com/images/P/0425116840.01.THUMBZZZ.jpg,http://images.amazon.com/images/P/0425116840.01.MZZZZZZZ.jpg,http://images.amazon.com/images/P/0425116840.01.LZZZZZZZ.jpg,The Cardinal of the Kremlin (Jack Ryan Novels) Tom Clancy Berkley Publishing Group
074343627X,Dreamcatcher,Stephen King,2001.0,Pocket,http://images.amazon.com/images/P/074343627X.01.THUMBZZZ.jpg,http://images.amazon.com/images/P/074343627X.01.MZZZZZZZ.jpg,http://images.amazon.com/images/P/074343627X.01.LZZZZZZZ.jpg,Dreamcatcher Stephen King Pocket
067102423X,Bag of Bones,Stephen King,1999.0,Pocket,http://images.amazon.com/images/P/067102423X.01.THUMBZZZ.jpg,http://images.amazon.com/images/P/067102423X.01.MZZZZZZZ.jpg,http://images.amazon.com/images/P/067102423X.01.LZZZZZZZ.jpg,Bag of Bones Stephen King Pocket
0553268880,The Prince of Tides,Pat Conroy,1987.0,Bantam Books,http://images.amazon.com/images/P/0553268880.01.THUMBZZZ.jpg,http://images.amazon.com/images/P/0553268880.01.MZZZZZZZ.jpg,http://images.amazon.com/images/P/0553268880.01.LZZZZZZZ.jpg,The Prince of Tides Pat Conroy Bantam Books
0446611867,A Bend in the Road,Nicholas Sparks,2002.0,Warner Books,http://images.amazon.com/images/P/0446611867.01.THUMBZZZ.jpg,http://images.amazon.com/images/P/0446611867.01.MZZZZZZZ.jpg,http://images.amazon.com/images/P/0446611867.01.LZZZZZZZ.jpg,A Bend in the Road Nicholas Sparks Warner Books
0553582755,One Door Away from Heaven,Dean R. Koontz,2002.0,Bantam Books,http://images.amazon.com/images/P/0553582755.01.THUMBZZZ.jpg,http://images.amazon.com/images/P/0553582755.01.MZZZZZZZ.jpg,http://images.amazon.com/images/P/0553582755.01.LZZZZZZZ.jpg,One Door Away from Heaven Dean R. Koontz Bantam Books
0452268060,How the Garcia Girls Lost Their Accents (Plume Contemporary Fiction),Julia Alvarez,1992.0,Plume Books,http://images.amazon.com/images/P/0452268060.01.THUMBZZZ.jpg,http://images.amazon.com/images/P/0452268060.01.MZZZZZZZ.jpg,http://images.amazon.com/images/P/0452268060.01.LZZZZZZZ.jpg,How the Garcia Girls Lost Their Accents (Plume Contemporary Fiction) Julia Alvarez Plume Books
044651652X,The Bridges of Madison County,Robert James Waller,1992.0,Warner Books,http://images.amazon.com/images/P/044651652X.01.THUMBZZZ.jpg,http://images.amazon.com/images/P/044651652X.01.MZZZZZZZ.jpg,http://images.amazon.com/images/P/044651652X.01.LZZZZZZZ.jpg,The Bridges of Madison County Robert James Waller Warner Books
059030271X,Charlotte's Web,E. B. White,1974.0,Scholastic Paperbacks (T),http://images.amazon.com/images/P/059030271X.01.THUMBZZZ.jpg,http://images.amazon.com/images/P/059030271X.01.MZZZZZZZ.jpg,http://images.amazon.com/images/P/059030271X.01.LZZZZZZZ.jpg,Charlotte's Web E. B. White Scholastic Paperbacks (T)
0156628708,Mrs Dalloway,Virginia Woolf,1990.0,Harvest Books,http://images.amazon.com/images/P/0156628708.01.THUMBZZZ.jpg,http://images.amazon.com/images/P/0156628708.01.MZZZZZZZ.jpg,http://images.amazon.com/images/P/0156628708.01.LZZZZZZZ.jpg,Mrs Dalloway Virginia Woolf Harvest Books
0060199652,Prodigal Summer,Barbara Kingsolver,2000.0,HarperCollins,http://images.amazon.com/images/P/0060199652.01.THUMBZZZ.jpg,http://images.amazon.com/images/P/0060199652.01.MZZZZZZZ.jpg,http://images.amazon.com/images/P/0060199652.01.LZZZZZZZ.jpg,Prodigal Summer Barbara Kingsolver HarperCollins
034541389X,Flesh and Blood,Jonathan Kellerman,2002.0,Ballantine Books,http://images.amazon.com/images/P/034541389X.01.THUMBZZZ.jpg,http://images.amazon.com/images/P/034541389X.01.MZZZZZZZ.jpg,http://images.amazon.com/images/P/034541389X.01.LZZZZZZZ.jpg,Flesh and Blood Jonathan Kellerman Ballantine Books
0316284955,White Oleander : A Novel (Oprah's Book Club),Janet Fitch,2000.0,Back Bay Books,http://images.amazon.com/images/P/0316284955.01.THUMBZZZ.jpg,http://images.amazon.com/images/P/0316284955.01.MZZZZZZZ.jpg,http://images.amazon.com/images/P/0316284955.01.LZZZZZZZ.jpg,White Oleander : A Novel (Oprah's Book Club) Janet Fitch Back Bay Books
0375501371,A Widow for One Year : A Novel,JOHN IRVING,1998.0,Random House,http://images.amazon.com/images/P/0375501371.01.THUMBZZZ.jpg,http://images.amazon.com/images/P/0375501371.01.MZZZZZZZ.jpg,http://images.amazon.com/images/P/0375501371.01.LZZZZZZZ.jpg,A Widow for One Year : A Novel JOHN IRVING Random House
0060987529,Confessions of an Ugly Stepsister : A Novel,Gregory Maguire,2000.0,Regan Books,http://images.amazon.com/images/P/0060987529.01.THUMBZZZ.jpg,http://images.amazon.com/images/P/0060987529.01.MZZZZZZZ.jpg,http://images.amazon.com/images/P/0060987529.01.LZZZZZZZ.jpg,Confessions of an Ugly Stepsister : A Novel Gregory Maguire Regan Books
0553277472,Zen and the Art of Motorcycle Maintenance: An Inquiry into Values,ROBERT PIRSIG,1984.0,Bantam,http://images.amazon.com/images/P/0553277472.01.THUMBZZZ.jpg,http://images.amazon.com/images/P/0553277472.01.MZZZZZZZ.jpg,http://images.amazon.com/images/P/0553277472.01.LZZZZZZZ.jpg,Zen and the Art of Motorcycle Maintenance: An Inquiry into Values ROBERT PIRSIG Bantam
0553560247,Dying for Chocolate (Culinary Mysteries (Paperback)),DIANE MOTT DAVIDSON,1993.0,Bantam,http://images.amazon.com/images/P/0553560247.01.THUMBZZZ.jpg,http://images.amazon.com/images/P/0553560247.01.MZZZZZZZ.jpg,http://images.amazon.com/images/P/0553560247.01.LZZZZZZZ.jpg,Dying for Chocolate (Culinary Mysteries (Paperback)) DIANE MOTT DAVIDSON Bantam
051512608X,The Reef,Nora Roberts,1999.0,Jove Books,http://images.amazon.com/images/P/051512608X.01.THUMBZZZ.jpg,http://images.amazon.com/images/P/051512608X.01.MZZZZZZZ.jpg,http://images.amazon.com/images/P/051512608X.01.LZZZZZZZ.jpg,The Reef Nora Roberts Jove Books
067088300X,The Girls' Guide to Hunting and Fishing,Melissa Bank,1999.0,Viking Books,http://images.amazon.com/images/P/067088300X.01.THUMBZZZ.jpg,http://images.amazon.com/images/P/067088300X.01.MZZZZZZZ.jpg,http://images.amazon.com/images/P/067088300X.01.LZZZZZZZ.jpg,The Girls' Guide to Hunting and Fishing Melissa Bank Viking Books
0375727345,House of Sand and Fog,Andre Dubus III,2000.0,Vintage Books,http://images.amazon.com/images/P/0375727345.01.THUMBZZZ.jpg,http://images.amazon.com/images/P/0375727345.01.MZZZZZZZ.jpg,http://images.amazon.com/images/P/0375727345.01.LZZZZZZZ.jpg,House of Sand and Fog Andre Dubus III Vintage Books
0446608890,Saving Faith,David Baldacci,2000.0,Warner Vision,http://images.amazon.com/images/P/0446608890.01.THUMBZZZ.jpg,http://images.amazon.com/images/P/0446608890.01.MZZZZZZZ.jpg,http://images.amazon.com/images/P/0446608890.01.LZZZZZZZ.jpg,Saving Faith David Baldacci Warner Vision
0375703861,White Teeth: A Novel,Zadie Smith,2001.0,Vintage Books USA,http://images.amazon.com/images/P/0375703861.01.THUMBZZZ.jpg,http://images.amazon.com/images/P/0375703861.01.MZZZZZZZ.jpg,http://images.amazon.com/images/P/0375703861.01.LZZZZZZZ.jpg,White Teeth: A Novel Zadie Smith Vintage Books USA
0425152251,Sophie's World: A Novel About the History of Philosophy,Jostein Gaarder,1996.0,Berkley Publishing Group,http://images.amazon.com/images/P/0425152251.01.THUMBZZZ.jpg,http://images.amazon.com/images/P/0425152251.01.MZZZZZZZ.jpg,http://images.amazon.com/images/P/0425152251.01.LZZZZZZZ.jpg,Sophie's World: A Novel About the History of Philosophy Jostein Gaarder Berkley Publishing Group
0312924585,Silence of the Lambs,Thomas Harris,1991.0,St. Martin's Press,http://images.amazon.com/images/P/0312924585.01.THUMBZZZ.jpg,http://images.amazon.com/images/P/0312924585.01.MZZZZZZZ.jpg,http://images.amazon.com/images/P/0312924585.01.LZZZZZZZ.jpg,Silence of the Lambs Thomas Harris St. Martin's Press
0385479565,The Hot Zone,Richard Preston,1995.0,Anchor,http://images.amazon.com/images/P/0385479565.01.THUMBZZZ.jpg,http://images.amazon.com/images/P/0385479565.01.MZZZZZZZ.jpg,http://images.amazon.com/images/P/0385479565.01.LZZZZZZZ.jpg,The Hot Zone Richard Preston Anchor
0312274920,Round Ireland With a Fridge,Tony Hawks,2001.0,St. Martin's Press,http://images.amazon.com/images/P/0312274920.01.THUMBZZZ.jpg,http://images.amazon.com/images/P/0312274920.01.MZZZZZZZ.jpg,http://images.amazon.com/images/P/0312274920.01.LZZZZZZZ.jpg,Round Ireland With a Fridge Tony Hawks St. Martin's Press
0425162443,The Rapture of Canaan,Sheri Reynolds,1997.0,Berkley Publishing Group,http://images.amazon.com/images/P/0425162443.01.THUMBZZZ.jpg,http://images.amazon.com/images/P/0425162443.01.MZZZZZZZ.jpg,http://images.amazon.com/images/P/0425162443.01.LZZZZZZZ.jpg,The Rapture of Canaan Sheri Reynolds Berkley Publishing Group
0515132020,Heaven and Earth (Three Sisters Island Trilogy),Nora Roberts,2003.0,Jove Books,http://images.amazon.com/images/P/0515132020.01.THUMBZZZ.jpg,http://images.amazon.com/images/P/0515132020.01.MZZZZZZZ.jpg,http://images.amazon.com/images/P/0515132020.01.LZZZZZZZ.jpg,Heaven and Earth (Three Sisters Island Trilogy) Nora Roberts Jove Books
0515131229,Dance upon the Air (Three Sisters Island Trilogy),Nora Roberts,2003.0,Jove Books,http://images.amazon.com/images/P/0515131229.01.THUMBZZZ.jpg,http://images.amazon.com/images/P/0515131229.01.MZZZZZZZ.jpg,http://images.amazon.com/images/P/0515131229.01.LZZZZZZZ.jpg,Dance upon the Air (Three Sisters Island Trilogy) Nora Roberts Jove Books
038079487X,What Looks Like Crazy On An Ordinary Day,Pearl Cleage,1998.0,Perennial,http://images.amazon.com/images/P/038079487X.01.THUMBZZZ.jpg,http://images.amazon.com/images/P/038079487X.01.MZZZZZZZ.jpg,http://images.amazon.com/images/P/038079487X.01.LZZZZZZZ.jpg,What Looks Like Crazy On An Ordinary Day Pearl Cleage Perennial
0684872153,Angela's Ashes (MMP) : A Memoir,Frank McCourt,1999.0,Scribner,http://images.amazon.com/images/P/0684872153.01.THUMBZZZ.jpg,http://images.amazon.com/images/P/0684872153.01.MZZZZZZZ.jpg,http://images.amazon.com/images/P/0684872153.01.LZZZZZZZ.jpg,Angela's Ashes (MMP) : A Memoir Frank McCourt Scribner
0786866586,Shopgirl : A Novella,Steve Martin,2000.0,Hyperion Press,http://images.amazon.com/images/P/0786866586.01.THUMBZZZ.jpg,http://images.amazon.com/images/P/0786866586.01.MZZZZZZZ.jpg,http://images.amazon.com/images/P/0786866586.01.LZZZZZZZ.jpg,Shopgirl : A Novella Steve Martin Hyperion Press
0380977788,Coraline,Neil Gaiman,2002.0,HarperCollins,http://images.amazon.com/images/P/0380977788.01.THUMBZZZ.jpg,http://images.amazon.com/images/P/0380977788.01.MZZZZZZZ.jpg,http://images.amazon.com/images/P/0380977788.01.LZZZZZZZ.jpg,Coraline Neil Gaiman HarperCollins
0441304834,Guilty Pleasures (Anita Blake Vampire Hunter (Paperback)),Laurell K. Hamilton,1995.0,Ace Books,http://images.amazon.com/images/P/0441304834.01.THUMBZZZ.jpg,http://images.amazon.com/images/P/0441304834.01.MZZZZZZZ.jpg,http://images.amazon.com/images/P/0441304834.01.LZZZZZZZ.jpg,Guilty Pleasures (Anita Blake Vampire Hunter (Paperback)) Laurell K. Hamilton Ace Books
0553571818,Long After Midnight,IRIS JOHANSEN,1997.0,Bantam,http://images.amazon.com/images/P/0553571818.01.THUMBZZZ.jpg,http://images.amazon.com/images/P/0553571818.01.MZZZZZZZ.jpg,http://images.amazon.com/images/P/0553571818.01.LZZZZZZZ.jpg,Long After Midnight IRIS JOHANSEN Bantam
0345391055,Disclosure,Michael Crichton,1994.0,Ballantine Books,http://images.amazon.com/images/P/0345391055.01.THUMBZZZ.jpg,http://images.amazon.com/images/P/0345391055.01.MZZZZZZZ.jpg,http://images.amazon.com/images/P/0345391055.01.LZZZZZZZ.jpg,Disclosure Michael Crichton Ballantine Books
0375760911,The Idiot Girls' Action Adventure Club,Laurie Notaro,2002.0,Villard Books,http://images.amazon.com/images/P/0375760911.01.THUMBZZZ.jpg,http://images.amazon.com/images/P/0375760911.01.MZZZZZZZ.jpg,http://images.amazon.com/images/P/0375760911.01.LZZZZZZZ.jpg,The Idiot Girls' Action Adventure Club Laurie Notaro Villard Books
0515131083,Plantation: A Lowcountry Tale,Dorothea Benton Frank,2001.0,Jove Books,http://images.amazon.com/images/P/0515131083.01.THUMBZZZ.jpg,http://images.amazon.com/images/P/0515131083.01.MZZZZZZZ.jpg,http://images.amazon.com/images/P/0515131083.01.LZZZZZZZ.jpg,Plantation: A Lowcountry Tale Dorothea Benton Frank Jove Books
0374129983,The Corrections,Jonathan Franzen,2001.0,Farrar Straus &amp; Giroux,http://images.amazon.com/images/P/0374129983.01.THUMBZZZ.jpg,http://images.amazon.com/images/P/0374129983.01.MZZZZZZZ.jpg,http://images.amazon.com/images/P/0374129983.01.LZZZZZZZ.jpg,The Corrections Jonathan Franzen Farrar Straus &amp; Giroux
0316601950,The Pilot's Wife : A Novel,Anita Shreve,1999.0,Back Bay Books,http://images.amazon.com/images/P/0316601950.01.THUMBZZZ.jpg,http://images.amazon.com/images/P/0316601950.01.MZZZZZZZ.jpg,http://images.amazon.com/images/P/0316601950.01.LZZZZZZZ.jpg,The Pilot's Wife : A Novel Anita Shreve Back Bay Books
080411918X,A Patchwork Planet,ANNE TYLER,2001.0,Ballantine Books,http://images.amazon.com/images/P/080411918X.01.THUMBZZZ.jpg,http://images.amazon.com/images/P/080411918X.01.MZZZZZZZ.jpg,http://images.amazon.com/images/P/080411918X.01.LZZZZZZZ.jpg,A Patchwork Planet ANNE TYLER Ballantine Books
0446604275,Primary Colors: A Novel of Politics,Anonymous,1996.0,Warner Books,http://images.amazon.com/images/P/0446604275.01.THUMBZZZ.jpg,http://images.amazon.com/images/P/0446604275.01.MZZZZZZZ.jpg,http://images.amazon.com/images/P/0446604275.01.LZZZZZZZ.jpg,Primary Colors: A Novel of Politics Anonymous Warner Books
0375502238,Blessings,ANNA QUINDLEN,2002.0,Random House,http://images.amazon.com/images/P/0375502238.01.THUMBZZZ.jpg,http://images.amazon.com/images/P/0375502238.01.MZZZZZZZ.jpg,http://images.amazon.com/images/P/0375502238.01.LZZZZZZZ.jpg,Blessings ANNA QUINDLEN Random House
0440202043,Shell Seekers,Rosamunde Pilcher,1996.0,Dell,http://images.amazon.com/images/P/0440202043.01.THUMBZZZ.jpg,http://images.amazon.com/images/P/0440202043.01.MZZZZZZZ.jpg,http://images.amazon.com/images/P/0440202043.01.LZZZZZZZ.jpg,Shell Seekers Rosamunde Pilcher Dell
0451183665,A Case of Need,Michael Crichton,1994.0,Signet Book,http://images.amazon.com/images/P/0451183665.01.THUMBZZZ.jpg,http://images.amazon.com/images/P/0451183665.01.MZZZZZZZ.jpg,http://images.amazon.com/images/P/0451183665.01.LZZZZZZZ.jpg,A Case of Need Michael Crichton Signet Book
0671004530,On the Street Where You Live,Mary Higgins Clark,2002.0,Pocket,http://images.amazon.com/images/P/0671004530.01.THUMBZZZ.jpg,http://images.amazon.com/images/P/0671004530.01.MZZZZZZZ.jpg,http://images.amazon.com/images/P/0671004530.01.LZZZZZZZ.jpg,On the Street Where You Live Mary Higgins Clark Pocket
014028009X,Bridget Jones's Diary,Helen Fielding,1999.0,Penguin Books,http://images.amazon.com/images/P/014028009X.01.THUMBZZZ.jpg,http://images.amazon.com/images/P/014028009X.01.MZZZZZZZ.jpg,http://images.amazon.com/images/P/014028009X.01.LZZZZZZZ.jpg,Bridget Jones's Diary Helen Fielding Penguin Books
0452282829,We Were the Mulvaneys,Joyce Carol Oates,1996.0,Plume,http://images.amazon.com/images/P/0452282829.01.THUMBZZZ.jpg,http://images.amazon.com/images/P/0452282829.01.MZZZZZZZ.jpg,http://images.amazon.com/images/P/0452282829.01.LZZZZZZZ.jpg,We Were the Mulvaneys Joyce Carol Oates Plume
034540761X,The Final Judgment,Richard North Patterson,1997.0,Ballantine Books,http://images.amazon.com/images/P/034540761X.01.THUMBZZZ.jpg,http://images.amazon.com/images/P/034540761X.01.MZZZZZZZ.jpg,http://images.amazon.com/images/P/034540761X.01.LZZZZZZZ.jpg,The Final Judgment Richard North Patterson Ballantine Books
0385722206,Balzac and the Little Chinese Seamstress : A Novel,DAI SIJIE,2002.0,Anchor,http://images.amazon.com/images/P/0385722206.01.THUMBZZZ.jpg,http://images.amazon.com/images/P/0385722206.01.MZZZZZZZ.jpg,http://images.amazon.com/images/P/0385722206.01.LZZZZZZZ.jpg,Balzac and the Little Chinese Seamstress : A Novel DAI SIJIE Anchor
0142001430,Year of Wonders,Geraldine Brooks,2002.0,Penguin Books,http://images.amazon.com/images/P/0142001430.01.THUMBZZZ.jpg,http://images.amazon.com/images/P/0142001430.01.MZZZZZZZ.jpg,http://images.amazon.com/images/P/0142001430.01.LZZZZZZZ.jpg,Year of Wonders Geraldine Brooks Penguin Books
080410526X,All I Really Need to Know,ROBERT FULGHUM,1989.0,Ivy Books,http://images.amazon.com/images/P/080410526X.01.THUMBZZZ.jpg,http://images.amazon.com/images/P/080410526X.01.MZZZZZZZ.jpg,http://images.amazon.com/images/P/080410526X.01.LZZZZZZZ.jpg,All I Really Need to Know ROBERT FULGHUM Ivy Books
031242227X,Running with Scissors: A Memoir,Augusten Burroughs,2003.0,Picador USA,http://images.amazon.com/images/P/031242227X.01.THUMBZZZ.jpg,http://images.amazon.com/images/P/031242227X.01.MZZZZZZZ.jpg,http://images.amazon.com/images/P/031242227X.01.LZZZZZZZ.jpg,Running with Scissors: A Memoir Augusten Burroughs Picador USA
0140270590,A New Song (Mitford Years (Paperback)),Jan Karon,2000.0,Viking Books,http://images.amazon.com/images/P/0140270590.01.THUMBZZZ.jpg,http://images.amazon.com/images/P/0140270590.01.MZZZZZZZ.jpg,http://images.amazon.com/images/P/0140270590.01.LZZZZZZZ.jpg,A New Song (Mitford Years (Paperback)) Jan Karon Viking Books
0440235596,Tara Road,Maeve Binchy,2000.0,Dell Publishing Company,http://images.amazon.com/images/P/0440235596.01.THUMBZZZ.jpg,http://images.amazon.com/images/P/0440235596.01.MZZZZZZZ.jpg,http://images.amazon.com/images/P/0440235596.01.LZZZZZZZ.jpg,Tara Road Maeve Binchy Dell Publishing Company
042516098X,Hornet's Nest,Patricia Daniels Cornwell,1998.0,Berkley Publishing Group,http://images.amazon.com/images/P/042516098X.01.THUMBZZZ.jpg,http://images.amazon.com/images/P/042516098X.01.MZZZZZZZ.jpg,http://images.amazon.com/images/P/042516098X.01.LZZZZZZZ.jpg,Hornet's Nest Patricia Daniels Cornwell Berkley Publishing Group
0446613266,Four Blind Mice,James Patterson,2003.0,Warner Books,http://images.amazon.com/images/P/0446613266.01.THUMBZZZ.jpg,http://images.amazon.com/images/P/0446613266.01.MZZZZZZZ.jpg,http://images.amazon.com/images/P/0446613266.01.LZZZZZZZ.jpg,Four Blind Mice James Patterson Warner Books
038549081X,The Handmaid's Tale : A Novel,Margaret Atwood,1998.0,Anchor,http://images.amazon.com/images/P/038549081X.01.THUMBZZZ.jpg,http://images.amazon.com/images/P/038549081X.01.MZZZZZZZ.jpg,http://images.amazon.com/images/P/038549081X.01.LZZZZZZZ.jpg,The Handmaid's Tale : A Novel Margaret Atwood Anchor
0671041789,The Green Mile,Stephen King,1999.0,Pocket,http://images.amazon.com/images/P/0671041789.01.THUMBZZZ.jpg,http://images.amazon.com/images/P/0671041789.01.MZZZZZZZ.jpg,http://images.amazon.com/images/P/0671041789.01.LZZZZZZZ.jpg,The Green Mile Stephen King Pocket
0439139597,Harry Potter and the Goblet of Fire (Book 4),J. K. Rowling,2000.0,Scholastic,http://images.amazon.com/images/P/0439139597.01.THUMBZZZ.jpg,http://images.amazon.com/images/P/0439139597.01.MZZZZZZZ.jpg,http://images.amazon.com/images/P/0439139597.01.LZZZZZZZ.jpg,Harry Potter and the Goblet of Fire (Book 4) J. K. Rowling Scholastic
0439064864,Harry Potter and the Chamber of Secrets (Book 2),J. K. Rowling,1999.0,Scholastic,http://images.amazon.com/images/P/0439064864.01.THUMBZZZ.jpg,http://images.amazon.com/images/P/0439064864.01.MZZZZZZZ.jpg,http://images.amazon.com/images/P/0439064864.01.LZZZZZZZ.jpg,Harry Potter and the Chamber of Secrets (Book 2) J. K. Rowling Scholastic
0449003795,P Is for Peril,Sue Grafton,2002.0,Ballantine Books,http://images.amazon.com/images/P/0449003795.01.THUMBZZZ.jpg,http://images.amazon.com/images/P/0449003795.01.MZZZZZZZ.jpg,http://images.amazon.com/images/P/0449003795.01.LZZZZZZZ.jpg,P Is for Peril Sue Grafton Ballantine Books
044651862X,The Celestine Prophecy (Celestine Prophecy),James Redfield,1994.0,Warner Books,http://images.amazon.com/images/P/044651862X.01.THUMBZZZ.jpg,http://images.amazon.com/images/P/044651862X.01.MZZZZZZZ.jpg,http://images.amazon.com/images/P/044651862X.01.LZZZZZZZ.jpg,The Celestine Prophecy (Celestine Prophecy) James Redfield Warner Books
043935806X,Harry Potter and the Order of the Phoenix (Book 5),J. K. Rowling,2003.0,Scholastic,http://images.amazon.com/images/P/043935806X.01.THUMBZZZ.jpg,http://images.amazon.com/images/P/043935806X.01.MZZZZZZZ.jpg,http://images.amazon.com/images/P/043935806X.01.LZZZZZZZ.jpg,Harry Potter and the Order of the Phoenix (Book 5) J. K. Rowling Scholastic
0451184963,Insomnia,Stephen King,1995.0,Signet Book,http://images.amazon.com/images/P/0451184963.01.THUMBZZZ.jpg,http://images.amazon.com/images/P/0451184963.01.MZZZZZZZ.jpg,http://images.amazon.com/images/P/0451184963.01.LZZZZZZZ.jpg,Insomnia Stephen King Signet Book
0440220602,The Chamber,John Grisham,1995.0,Dell Publishing Company,http://images.amazon.com/images/P/0440220602.01.THUMBZZZ.jpg,http://images.amazon.com/images/P/0440220602.01.MZZZZZZZ.jpg,http://images.amazon.com/images/P/0440220602.01.LZZZZZZZ.jpg,The Chamber John Grisham Dell Publishing Company
042513525X,Hideaway,Dean R. Koontz,1992.0,Berkley Publishing Group,http://images.amazon.com/images/P/042513525X.01.THUMBZZZ.jpg,http://images.amazon.com/images/P/042513525X.01.MZZZZZZZ.jpg,http://images.amazon.com/images/P/042513525X.01.LZZZZZZZ.jpg,Hideaway Dean R. Koontz Berkley Publishing Group
0451156609,The Tommyknockers,Stephen King,1994.0,Signet Book,http://images.amazon.com/images/P/0451156609.01.THUMBZZZ.jpg,http://images.amazon.com/images/P/0451156609.01.MZZZZZZZ.jpg,http://images.amazon.com/images/P/0451156609.01.LZZZZZZZ.jpg,The Tommyknockers Stephen King Signet Book
1400031354,Tears of the Giraffe (No.1 Ladies Detective Agency),Alexander McCall Smith,2002.0,Anchor,http://images.amazon.com/images/P/1400031354.01.THUMBZZZ.jpg,http://images.amazon.com/images/P/1400031354.01.MZZZZZZZ.jpg,http://images.amazon.com/images/P/1400031354.01.LZZZZZZZ.jpg,Tears of the Giraffe (No.1 Ladies Detective Agency) Alexander McCall Smith Anchor
0671695169,Midnight Whispers (Cutler),V.C. Andrews,1992.0,Pocket,http://images.amazon.com/images/P/0671695169.01.THUMBZZZ.jpg,http://images.amazon.com/images/P/0671695169.01.MZZZZZZZ.jpg,http://images.amazon.com/images/P/0671695169.01.LZZZZZZZ.jpg,Midnight Whispers (Cutler) V.C. Andrews Pocket
0446608955,A Walk to Remember,Nicholas Sparks,2000.0,Warner Books,http://images.amazon.com/images/P/0446608955.01.THUMBZZZ.jpg,http://images.amazon.com/images/P/0446608955.01.MZZZZZZZ.jpg,http://images.amazon.com/images/P/0446608955.01.LZZZZZZZ.jpg,A Walk to Remember Nicholas Sparks Warner Books
0440241073,The Summons,John Grisham,2002.0,Dell Publishing Company,http://images.amazon.com/images/P/0440241073.01.THUMBZZZ.jpg,http://images.amazon.com/images/P/0440241073.01.MZZZZZZZ.jpg,http://images.amazon.com/images/P/0440241073.01.LZZZZZZZ.jpg,The Summons John Grisham Dell Publishing Company
0449227421,The Third Twin,Ken Follett,1997.0,Fawcett Books,http://images.amazon.com/images/P/0449227421.01.THUMBZZZ.jpg,http://images.amazon.com/images/P/0449227421.01.MZZZZZZZ.jpg,http://images.amazon.com/images/P/0449227421.01.LZZZZZZZ.jpg,The Third Twin Ken Follett Fawcett Books
0446606324,The Winner,David Baldacci,1998.0,Warner Vision,http://images.amazon.com/images/P/0446606324.01.THUMBZZZ.jpg,http://images.amazon.com/images/P/0446606324.01.MZZZZZZZ.jpg,http://images.amazon.com/images/P/0446606324.01.LZZZZZZZ.jpg,The Winner David Baldacci Warner Vision
0515132187,The Villa,Nora Roberts,2002.0,Jove Books,http://images.amazon.com/images/P/0515132187.01.THUMBZZZ.jpg,http://images.amazon.com/images/P/0515132187.01.MZZZZZZZ.jpg,http://images.amazon.com/images/P/0515132187.01.LZZZZZZZ.jpg,The Villa Nora Roberts Jove Books
0446670251,The Virgin Suicides,Jeffrey Eugenides,1994.0,Warner Books,http://images.amazon.com/images/P/0446670251.01.THUMBZZZ.jpg,http://images.amazon.com/images/P/0446670251.01.MZZZZZZZ.jpg,http://images.amazon.com/images/P/0446670251.01.LZZZZZZZ.jpg,The Virgin Suicides Jeffrey Eugenides Warner Books
0425154092,From Potter's Field,Patricia Daniels Cornwell,1996.0,Berkley Publishing Group,http://images.amazon.com/images/P/0425154092.01.THUMBZZZ.jpg,http://images.amazon.com/images/P/0425154092.01.MZZZZZZZ.jpg,http://images.amazon.com/images/P/0425154092.01.LZZZZZZZ.jpg,From Potter's Field Patricia Daniels Cornwell Berkley Publishing Group
0671014196,The Summerhouse,Jude Deveraux,2002.0,Pocket,http://images.amazon.com/images/P/0671014196.01.THUMBZZZ.jpg,http://images.amazon.com/images/P/0671014196.01.MZZZZZZZ.jpg,http://images.amazon.com/images/P/0671014196.01.LZZZZZZZ.jpg,The Summerhouse Jude Deveraux Pocket
0871136791,Cold Mountain,Charles Frazier,1997.0,Atlantic Monthly Press,http://images.amazon.com/images/P/0871136791.01.THUMBZZZ.jpg,http://images.amazon.com/images/P/0871136791.01.MZZZZZZZ.jpg,http://images.amazon.com/images/P/0871136791.01.LZZZZZZZ.jpg,Cold Mountain Charles Frazier Atlantic Monthly Press
0553271636,D Is for Deadbeat (Kinsey Millhone Mysteries (Paperback)),Sue Grafton,1988.0,Bantam,http://images.amazon.com/images/P/0553271636.01.THUMBZZZ.jpg,http://images.amazon.com/images/P/0553271636.01.MZZZZZZZ.jpg,http://images.amazon.com/images/P/0553271636.01.LZZZZZZZ.jpg,D Is for Deadbeat (Kinsey Millhone Mysteries (Paperback)) Sue Grafton Bantam
0679751521,Midnight in the Garden of Good and Evil,John Berendt,1999.0,Vintage Books USA,http://images.amazon.com/images/P/0679751521.01.THUMBZZZ.jpg,http://images.amazon.com/images/P/0679751521.01.MZZZZZZZ.jpg,http://images.amazon.com/images/P/0679751521.01.LZZZZZZZ.jpg,Midnight in the Garden of Good and Evil John Berendt Vintage Books USA
0312966091,Three To Get Deadly : A Stephanie Plum Novel (A Stephanie Plum Novel),Janet Evanovich,1998.0,St. Martin's Paperbacks,http://images.amazon.com/images/P/0312966091.01.THUMBZZZ.jpg,http://images.amazon.com/images/P/0312966091.01.MZZZZZZZ.jpg,http://images.amazon.com/images/P/0312966091.01.LZZZZZZZ.jpg,Three To Get Deadly : A Stephanie Plum Novel (A Stephanie Plum Novel) Janet Evanovich St. Martin's Paperbacks
0375504613,A Short Guide to a Happy Life,ANNA QUINDLEN,2000.0,Random House,http://images.amazon.com/images/P/0375504613.01.THUMBZZZ.jpg,http://images.amazon.com/images/P/0375504613.01.MZZZZZZZ.jpg,http://images.amazon.com/images/P/0375504613.01.LZZZZZZZ.jpg,A Short Guide to a Happy Life ANNA QUINDLEN Random House
0671001795,Two for the Dough,Janet Evanovich,1996.0,Pocket,http://images.amazon.com/images/P/0671001795.01.THUMBZZZ.jpg,http://images.amazon.com/images/P/0671001795.01.MZZZZZZZ.jpg,http://images.amazon.com/images/P/0671001795.01.LZZZZZZZ.jpg,Two for the Dough Janet Evanovich Pocket
0679439382,The Little Friend,Donna Tartt,2002.0,Alfred A. Knopf,http://images.amazon.com/images/P/0679439382.01.THUMBZZZ.jpg,http://images.amazon.com/images/P/0679439382.01.MZZZZZZZ.jpg,http://images.amazon.com/images/P/0679439382.01.LZZZZZZZ.jpg,The Little Friend Donna Tartt Alfred A. Knopf
0804108749,Saint Maybe,ANNE TYLER,1992.0,Ivy Books,http://images.amazon.com/images/P/0804108749.01.THUMBZZZ.jpg,http://images.amazon.com/images/P/0804108749.01.MZZZZZZZ.jpg,http://images.amazon.com/images/P/0804108749.01.LZZZZZZZ.jpg,Saint Maybe ANNE TYLER Ivy Books
0425121631,Rules of Prey,John Sandford,1992.0,Berkley Publishing Group,http://images.amazon.com/images/P/0425121631.01.THUMBZZZ.jpg,http://images.amazon.com/images/P/0425121631.01.MZZZZZZZ.jpg,http://images.amazon.com/images/P/0425121631.01.LZZZZZZZ.jpg,Rules of Prey John Sandford Berkley Publishing Group
0425153975,The Eyes of Darkness,Dean R. Koontz,1996.0,Berkley Publishing Group,http://images.amazon.com/images/P/0425153975.01.THUMBZZZ.jpg,http://images.amazon.com/images/P/0425153975.01.MZZZZZZZ.jpg,http://images.amazon.com/images/P/0425153975.01.LZZZZZZZ.jpg,The Eyes of Darkness Dean R. Koontz Berkley Publishing Group
0425119653,Mutation,Robin Cook,1991.0,Berkley Publishing Group,http://images.amazon.com/images/P/0425119653.01.THUMBZZZ.jpg,http://images.amazon.com/images/P/0425119653.01.MZZZZZZZ.jpg,http://images.amazon.com/images/P/0425119653.01.LZZZZZZZ.jpg,Mutation Robin Cook Berkley Publishing Group
0804114986,The Bonesetter's Daughter,Amy Tan,2002.0,Ballantine Books,http://images.amazon.com/images/P/0804114986.01.THUMBZZZ.jpg,http://images.amazon.com/images/P/0804114986.01.MZZZZZZZ.jpg,http://images.amazon.com/images/P/0804114986.01.LZZZZZZZ.jpg,The Bonesetter's Daughter Amy Tan Ballantine Books
0446611808,Envy,Sandra Brown,2002.0,Warner Books,http://images.amazon.com/images/P/0446611808.01.THUMBZZZ.jpg,http://images.amazon.com/images/P/0446611808.01.MZZZZZZZ.jpg,http://images.amazon.com/images/P/0446611808.01.LZZZZZZZ.jpg,Envy Sandra Brown Warner Books
0345423402,A Kiss of Shadows (Meredith Gentry Novels (Paperback)),LAURELL K. HAMILTON,2002.0,Ballantine Books,http://images.amazon.com/images/P/0345423402.01.THUMBZZZ.jpg,http://images.amazon.com/images/P/0345423402.01.MZZZZZZZ.jpg,http://images.amazon.com/images/P/0345423402.01.LZZZZZZZ.jpg,A Kiss of Shadows (Meredith Gentry Novels (Paperback)) LAURELL K. HAMILTON Ballantine Books
0312144075,The Samurai's Garden : A Novel,Gail Tsukiyama,1996.0,St. Martin's Griffin,http://images.amazon.com/images/P/0312144075.01.THUMBZZZ.jpg,http://images.amazon.com/images/P/0312144075.01.MZZZZZZZ.jpg,http://images.amazon.com/images/P/0312144075.01.LZZZZZZZ.jpg,The Samurai's Garden : A Novel Gail Tsukiyama St. Martin's Griffin
0156007479,Slammerkin,Emma Donoghue,2002.0,Harvest Books,http://images.amazon.com/images/P/0156007479.01.THUMBZZZ.jpg,http://images.amazon.com/images/P/0156007479.01.MZZZZZZZ.jpg,http://images.amazon.com/images/P/0156007479.01.LZZZZZZZ.jpg,Slammerkin Emma Donoghue Harvest Books
0451206525,Dead Sleep,Greg Iles,2002.0,Signet Book,http://images.amazon.com/images/P/0451206525.01.THUMBZZZ.jpg,http://images.amazon.com/images/P/0451206525.01.MZZZZZZZ.jpg,http://images.amazon.com/images/P/0451206525.01.LZZZZZZZ.jpg,Dead Sleep Greg Iles Signet Book
0451167317,The Dark Half,Stephen King,1994.0,Signet Book,http://images.amazon.com/images/P/0451167317.01.THUMBZZZ.jpg,http://images.amazon.com/images/P/0451167317.01.MZZZZZZZ.jpg,http://images.amazon.com/images/P/0451167317.01.LZZZZZZZ.jpg,The Dark Half Stephen King Signet Book
0312980159,Fast Women,Jennifer Crusie,2002.0,St. Martin's Press,http://images.amazon.com/images/P/0312980159.01.THUMBZZZ.jpg,http://images.amazon.com/images/P/0312980159.01.MZZZZZZZ.jpg,http://images.amazon.com/images/P/0312980159.01.LZZZZZZZ.jpg,Fast Women Jennifer Crusie St. Martin's Press
0312979886,Female Intelligence,Jane Heller,2002.0,St. Martin's Paperbacks,http://images.amazon.com/images/P/0312979886.01.THUMBZZZ.jpg,http://images.amazon.com/images/P/0312979886.01.MZZZZZZZ.jpg,http://images.amazon.com/images/P/0312979886.01.LZZZZZZZ.jpg,Female Intelligence Jane Heller St. Martin's Paperbacks
0425173631,Witness in Death (Eve Dallas Mysteries (Paperback)),J. D. Robb,2004.0,Berkley Publishing Group,http://images.amazon.com/images/P/0425173631.01.THUMBZZZ.jpg,http://images.amazon.com/images/P/0425173631.01.MZZZZZZZ.jpg,http://images.amazon.com/images/P/0425173631.01.LZZZZZZZ.jpg,Witness in Death (Eve Dallas Mysteries (Paperback)) J. D. Robb Berkley Publishing Group
0312983271,Full House (Janet Evanovich's Full Series),Janet Evanovich,2002.0,St. Martin's Paperbacks,http://images.amazon.com/images/P/0312983271.01.THUMBZZZ.jpg,http://images.amazon.com/images/P/0312983271.01.MZZZZZZZ.jpg,http://images.amazon.com/images/P/0312983271.01.LZZZZZZZ.jpg,Full House (Janet Evanovich's Full Series) Janet Evanovich St. Martin's Paperbacks
0553284789,F Is for Fugitive (Kinsey Millhone Mysteries (Paperback)),Sue Grafton,1990.0,Bantam,http://images.amazon.com/images/P/0553284789.01.THUMBZZZ.jpg,http://images.amazon.com/images/P/0553284789.01.MZZZZZZZ.jpg,http://images.amazon.com/images/P/0553284789.01.LZZZZZZZ.jpg,F Is for Fugitive (Kinsey Millhone Mysteries (Paperback)) Sue Grafton Bantam
0553279556,E Is for Evidence: A Kinsey Millhone Mystery (Kinsey Millhone Mysteries (Paperback)),Sue Grafton,1989.0,Bantam,http://images.amazon.com/images/P/0553279556.01.THUMBZZZ.jpg,http://images.amazon.com/images/P/0553279556.01.MZZZZZZZ.jpg,http://images.amazon.com/images/P/0553279556.01.LZZZZZZZ.jpg,E Is for Evidence: A Kinsey Millhone Mystery (Kinsey Millhone Mysteries (Paperback)) Sue Grafton Bantam
0671701231,The Anastasia Syndrome,Mary Higgins Clark,1991.0,Pocket,http://images.amazon.com/images/P/0671701231.01.THUMBZZZ.jpg,http://images.amazon.com/images/P/0671701231.01.MZZZZZZZ.jpg,http://images.amazon.com/images/P/0671701231.01.LZZZZZZZ.jpg,The Anastasia Syndrome Mary Higgins Clark Pocket
0439136369,Harry Potter and the Prisoner of Azkaban (Book 3),J. K. Rowling,2001.0,Scholastic,http://images.amazon.com/images/P/0439136369.01.THUMBZZZ.jpg,http://images.amazon.com/images/P/0439136369.01.MZZZZZZZ.jpg,http://images.amazon.com/images/P/0439136369.01.LZZZZZZZ.jpg,Harry Potter and the Prisoner of Azkaban (Book 3) J. K. Rowling Scholastic
0671026011,The Empty Chair,Jeffery Deaver,2001.0,Pocket,http://images.amazon.com/images/P/0671026011.01.THUMBZZZ.jpg,http://images.amazon.com/images/P/0671026011.01.MZZZZZZZ.jpg,http://images.amazon.com/images/P/0671026011.01.LZZZZZZZ.jpg,The Empty Chair Jeffery Deaver Pocket
0609804138,The Sweet Potato Queens' Book of Love,JILL CONNER BROWNE,1999.0,Three Rivers Press,http://images.amazon.com/images/P/0609804138.01.THUMBZZZ.jpg,http://images.amazon.com/images/P/0609804138.01.MZZZZZZZ.jpg,http://images.amazon.com/images/P/0609804138.01.LZZZZZZZ.jpg,The Sweet Potato Queens' Book of Love JILL CONNER BROWNE Three Rivers Press
0345439104,Drowning Ruth (Oprah's Book Club),CHRISTINA SCHWARZ,2001.0,Ballantine Books,http://images.amazon.com/images/P/0345439104.01.THUMBZZZ.jpg,http://images.amazon.com/images/P/0345439104.01.MZZZZZZZ.jpg,http://images.amazon.com/images/P/0345439104.01.LZZZZZZZ.jpg,Drowning Ruth (Oprah's Book Club) CHRISTINA SCHWARZ Ballantine Books
0425180638,The Last Precinct,Patricia Cornwell,2001.0,Berkley Publishing Group,http://images.amazon.com/images/P/0425180638.01.THUMBZZZ.jpg,http://images.amazon.com/images/P/0425180638.01.MZZZZZZZ.jpg,http://images.amazon.com/images/P/0425180638.01.LZZZZZZZ.jpg,The Last Precinct Patricia Cornwell Berkley Publishing Group
0312924801,September,Rosamunde Pilcher,1991.0,St. Martin's Press,http://images.amazon.com/images/P/0312924801.01.THUMBZZZ.jpg,http://images.amazon.com/images/P/0312924801.01.MZZZZZZZ.jpg,http://images.amazon.com/images/P/0312924801.01.LZZZZZZZ.jpg,September Rosamunde Pilcher St. Martin's Press
0449221490,L Is for Lawless,Sue Grafton,1996.0,Fawcett Books,http://images.amazon.com/images/P/0449221490.01.THUMBZZZ.jpg,http://images.amazon.com/images/P/0449221490.01.MZZZZZZZ.jpg,http://images.amazon.com/images/P/0449221490.01.LZZZZZZZ.jpg,L Is for Lawless Sue Grafton Fawcett Books
042513699X,Turtle Moon,Alice Hoffman,1993.0,Berkley Publishing Group,http://images.amazon.com/images/P/042513699X.01.THUMBZZZ.jpg,http://images.amazon.com/images/P/042513699X.01.MZZZZZZZ.jpg,http://images.amazon.com/images/P/042513699X.01.LZZZZZZZ.jpg,Turtle Moon Alice Hoffman Berkley Publishing Group
0345387651,The Cider House Rules,John Irving,1994.0,Ballantine Books,http://images.amazon.com/images/P/0345387651.01.THUMBZZZ.jpg,http://images.amazon.com/images/P/0345387651.01.MZZZZZZZ.jpg,http://images.amazon.com/images/P/0345387651.01.LZZZZZZZ.jpg,The Cider House Rules John Irving Ballantine Books
0060921145,Animal Dreams,Barbara Kingsolver,1991.0,Perennial,http://images.amazon.com/images/P/0060921145.01.THUMBZZZ.jpg,http://images.amazon.com/images/P/0060921145.01.MZZZZZZZ.jpg,http://images.amazon.com/images/P/0060921145.01.LZZZZZZZ.jpg,Animal Dreams Barbara Kingsolver Perennial
0425121259,The Servants of Twilight,Dean R. Koontz,1996.0,Berkley Publishing Group,http://images.amazon.com/images/P/0425121259.01.THUMBZZZ.jpg,http://images.amazon.com/images/P/0425121259.01.MZZZZZZZ.jpg,http://images.amazon.com/images/P/0425121259.01.LZZZZZZZ.jpg,The Servants of Twilight Dean R. Koontz Berkley Publishing Group
0345404114,Sleepers,Lorenzo Carcaterra,1996.0,Ballantine Books,http://images.amazon.com/images/P/0345404114.01.THUMBZZZ.jpg,http://images.amazon.com/images/P/0345404114.01.MZZZZZZZ.jpg,http://images.amazon.com/images/P/0345404114.01.LZZZZZZZ.jpg,Sleepers Lorenzo Carcaterra Ballantine Books
0671027662,Coast Road: A Novel,Barbara Delinsky,1999.0,Pocket Books,http://images.amazon.com/images/P/0671027662.01.THUMBZZZ.jpg,http://images.amazon.com/images/P/0671027662.01.MZZZZZZZ.jpg,http://images.amazon.com/images/P/0671027662.01.LZZZZZZZ.jpg,Coast Road: A Novel Barbara Delinsky Pocket Books
0345427637,The Angel of Darkness,Caleb Carr,1998.0,Ballantine Books,http://images.amazon.com/images/P/0345427637.01.THUMBZZZ.jpg,http://images.amazon.com/images/P/0345427637.01.MZZZZZZZ.jpg,http://images.amazon.com/images/P/0345427637.01.LZZZZZZZ.jpg,The Angel of Darkness Caleb Carr Ballantine Books
0671042572,Jewel (Oprah's Book Club),Bret Lott,1999.0,Pocket,http://images.amazon.com/images/P/0671042572.01.THUMBZZZ.jpg,http://images.amazon.com/images/P/0671042572.01.MZZZZZZZ.jpg,http://images.amazon.com/images/P/0671042572.01.LZZZZZZZ.jpg,Jewel (Oprah's Book Club) Bret Lott Pocket
0449221512,I Is for Innocent,Sue Grafton,1994.0,Fawcett Books,http://images.amazon.com/images/P/0449221512.01.THUMBZZZ.jpg,http://images.amazon.com/images/P/0449221512.01.MZZZZZZZ.jpg,http://images.amazon.com/images/P/0449221512.01.LZZZZZZZ.jpg,I Is for Innocent Sue Grafton Fawcett Books
1400031362,Morality for Beautiful Girls (No.1 Ladies Detective Agency),Alexander McCall Smith,2002.0,Anchor,http://images.amazon.com/images/P/1400031362.01.THUMBZZZ.jpg,http://images.amazon.com/images/P/1400031362.01.MZZZZZZZ.jpg,http://images.amazon.com/images/P/1400031362.01.LZZZZZZZ.jpg,Morality for Beautiful Girls (No.1 Ladies Detective Agency) Alexander McCall Smith Anchor
0449223612,N Is for Noose,Sue Grafton,1999.0,Fawcett Books,http://images.amazon.com/images/P/0449223612.01.THUMBZZZ.jpg,http://images.amazon.com/images/P/0449223612.01.MZZZZZZZ.jpg,http://images.amazon.com/images/P/0449223612.01.LZZZZZZZ.jpg,N Is for Noose Sue Grafton Fawcett Books
0440998050,A Wrinkle in Time,Madeleine L'Engle,1976.0,Laure Leaf,http://images.amazon.com/images/P/0440998050.01.THUMBZZZ.jpg,http://images.amazon.com/images/P/0440998050.01.MZZZZZZZ.jpg,http://images.amazon.com/images/P/0440998050.01.LZZZZZZZ.jpg,A Wrinkle in Time Madeleine L'Engle Laure Leaf
0804115613,Fried Green Tomatoes at the Whistle Stop Cafe,Fannie Flagg,2000.0,Ballantine Books,http://images.amazon.com/images/P/0804115613.01.THUMBZZZ.jpg,http://images.amazon.com/images/P/0804115613.01.MZZZZZZZ.jpg,http://images.amazon.com/images/P/0804115613.01.LZZZZZZZ.jpg,Fried Green Tomatoes at the Whistle Stop Cafe Fannie Flagg Ballantine Books
0679745203,The English Patient,Michael Ondaatje,1996.0,Vintage Books USA,http://images.amazon.com/images/P/0679745203.01.THUMBZZZ.jpg,http://images.amazon.com/images/P/0679745203.01.MZZZZZZZ.jpg,http://images.amazon.com/images/P/0679745203.01.LZZZZZZZ.jpg,The English Patient Michael Ondaatje Vintage Books USA
0375705198,Amy and Isabelle : A novel,ELIZABETH STROUT,2000.0,Vintage,http://images.amazon.com/images/P/0375705198.01.THUMBZZZ.jpg,http://images.amazon.com/images/P/0375705198.01.MZZZZZZZ.jpg,http://images.amazon.com/images/P/0375705198.01.LZZZZZZZ.jpg,Amy and Isabelle : A novel ELIZABETH STROUT Vintage
0449223345,A Pirate Looks at Fifty,Jimmy Buffett,1999.0,Fawcett Books,http://images.amazon.com/images/P/0449223345.01.THUMBZZZ.jpg,http://images.amazon.com/images/P/0449223345.01.MZZZZZZZ.jpg,http://images.amazon.com/images/P/0449223345.01.LZZZZZZZ.jpg,A Pirate Looks at Fifty Jimmy Buffett Fawcett Books
0439139600,Harry Potter and the Goblet of Fire (Book 4),J. K. Rowling,2002.0,Scholastic Paperbacks,http://images.amazon.com/images/P/0439139600.01.THUMBZZZ.jpg,http://images.amazon.com/images/P/0439139600.01.MZZZZZZZ.jpg,http://images.amazon.com/images/P/0439139600.01.LZZZZZZZ.jpg,Harry Potter and the Goblet of Fire (Book 4) J. K. Rowling Scholastic Paperbacks
0671670689,Dawn (Cutler),V.C. Andrews,1990.0,Pocket,http://images.amazon.com/images/P/0671670689.01.THUMBZZZ.jpg,http://images.amazon.com/images/P/0671670689.01.MZZZZZZZ.jpg,http://images.amazon.com/images/P/0671670689.01.LZZZZZZZ.jpg,Dawn (Cutler) V.C. Andrews Pocket
0446605581,Fat Tuesday,Sandra Brown,1998.0,Warner Vision,http://images.amazon.com/images/P/0446605581.01.THUMBZZZ.jpg,http://images.amazon.com/images/P/0446605581.01.MZZZZZZZ.jpg,http://images.amazon.com/images/P/0446605581.01.LZZZZZZZ.jpg,Fat Tuesday Sandra Brown Warner Vision
0399146253,The Last Precinct,Patricia Daniels Cornwell,2000.0,Putnam Publishing Group,http://images.amazon.com/images/P/0399146253.01.THUMBZZZ.jpg,http://images.amazon.com/images/P/0399146253.01.MZZZZZZZ.jpg,http://images.amazon.com/images/P/0399146253.01.LZZZZZZZ.jpg,The Last Precinct Patricia Daniels Cornwell Putnam Publishing Group
0345334019,Escape the Night,Richard North Patterson,1995.0,Ballantine Books,http://images.amazon.com/images/P/0345334019.01.THUMBZZZ.jpg,http://images.amazon.com/images/P/0345334019.01.MZZZZZZZ.jpg,http://images.amazon.com/images/P/0345334019.01.LZZZZZZZ.jpg,Escape the Night Richard North Patterson Ballantine Books
0553279378,I Know Why the Caged Bird Sings,MAYA ANGELOU,1983.0,Bantam,http://images.amazon.com/images/P/0553279378.01.THUMBZZZ.jpg,http://images.amazon.com/images/P/0553279378.01.MZZZZZZZ.jpg,http://images.amazon.com/images/P/0553279378.01.LZZZZZZZ.jpg,I Know Why the Caged Bird Sings MAYA ANGELOU Bantam
0425083837,The Hunt for Red October,Tom Clancy,1985.0,Berkley Publishing Group,http://images.amazon.com/images/P/0425083837.01.THUMBZZZ.jpg,http://images.amazon.com/images/P/0425083837.01.MZZZZZZZ.jpg,http://images.amazon.com/images/P/0425083837.01.LZZZZZZZ.jpg,The Hunt for Red October Tom Clancy Berkley Publishing Group
0345354621,The Terminal Man,Michael Crichton,1988.0,Ballantine Books,http://images.amazon.com/images/P/0345354621.01.THUMBZZZ.jpg,http://images.amazon.com/images/P/0345354621.01.MZZZZZZZ.jpg,http://images.amazon.com/images/P/0345354621.01.LZZZZZZZ.jpg,The Terminal Man Michael Crichton Ballantine Books
0312983867,Hard Eight : A Stephanie Plum Novel (A Stephanie Plum Novel),Janet Evanovich,2003.0,St. Martin's Paperbacks,http://images.amazon.com/images/P/0312983867.01.THUMBZZZ.jpg,http://images.amazon.com/images/P/0312983867.01.MZZZZZZZ.jpg,http://images.amazon.com/images/P/0312983867.01.LZZZZZZZ.jpg,Hard Eight : A Stephanie Plum Novel (A Stephanie Plum Novel) Janet Evanovich St. Martin's Paperbacks
1400031346,The No. 1 Ladies' Detective Agency,Alexander McCall Smith,2002.0,Anchor (UK),http://images.amazon.com/images/P/1400031346.01.THUMBZZZ.jpg,http://images.amazon.com/images/P/1400031346.01.MZZZZZZZ.jpg,http://images.amazon.com/images/P/1400031346.01.LZZZZZZZ.jpg,The No. 1 Ladies' Detective Agency Alexander McCall Smith Anchor (UK)
0425147584,Debt of Honor (Jack Ryan Novels),Tom Clancy,1997.0,Berkley Publishing Group,http://images.amazon.com/images/P/0425147584.01.THUMBZZZ.jpg,http://images.amazon.com/images/P/0425147584.01.MZZZZZZZ.jpg,http://images.amazon.com/images/P/0425147584.01.LZZZZZZZ.jpg,Debt of Honor (Jack Ryan Novels) Tom Clancy Berkley Publishing Group
0425192725,Q Is for Quarry,Sue Grafton,2003.0,Berkley Publishing Group,http://images.amazon.com/images/P/0425192725.01.THUMBZZZ.jpg,http://images.amazon.com/images/P/0425192725.01.MZZZZZZZ.jpg,http://images.amazon.com/images/P/0425192725.01.LZZZZZZZ.jpg,Q Is for Quarry Sue Grafton Berkley Publishing Group
0375412530,Back When We Were Grownups: A Novel,ANNE TYLER,2001.0,Knopf,http://images.amazon.com/images/P/0375412530.01.THUMBZZZ.jpg,http://images.amazon.com/images/P/0375412530.01.MZZZZZZZ.jpg,http://images.amazon.com/images/P/0375412530.01.LZZZZZZZ.jpg,Back When We Were Grownups: A Novel ANNE TYLER Knopf
031298328X,Full Tilt (Janet Evanovich's Full Series),Janet Evanovich,2003.0,St. Martin's Paperbacks,http://images.amazon.com/images/P/031298328X.01.THUMBZZZ.jpg,http://images.amazon.com/images/P/031298328X.01.MZZZZZZZ.jpg,http://images.amazon.com/images/P/031298328X.01.LZZZZZZZ.jpg,Full Tilt (Janet Evanovich's Full Series) Janet Evanovich St. Martin's Paperbacks
0345435168,Open House (Oprah's Book Club (Paperback)),Elizabeth Berg,2001.0,Ballantine Books,http://images.amazon.com/images/P/0345435168.01.THUMBZZZ.jpg,http://images.amazon.com/images/P/0345435168.01.MZZZZZZZ.jpg,http://images.amazon.com/images/P/0345435168.01.LZZZZZZZ.jpg,Open House (Oprah's Book Club (Paperback)) Elizabeth Berg Ballantine Books
0380730847,The Forgotten (Peter Decker &amp; Rina Lazarus Novels (Paperback)),Faye Kellerman,2002.0,Avon,http://images.amazon.com/images/P/0380730847.01.THUMBZZZ.jpg,http://images.amazon.com/images/P/0380730847.01.MZZZZZZZ.jpg,http://images.amazon.com/images/P/0380730847.01.LZZZZZZZ.jpg,The Forgotten (Peter Decker &amp; Rina Lazarus Novels (Paperback)) Faye Kellerman Avon
0440221595,The Glass Lake,Maeve Binchy,1996.0,Dell,http://images.amazon.com/images/P/0440221595.01.THUMBZZZ.jpg,http://images.amazon.com/images/P/0440221595.01.MZZZZZZZ.jpg,http://images.amazon.com/images/P/0440221595.01.LZZZZZZZ.jpg,The Glass Lake Maeve Binchy Dell
0440222656,The Horse Whisperer,Nicholas Evans,1996.0,Dell,http://images.amazon.com/images/P/0440222656.01.THUMBZZZ.jpg,http://images.amazon.com/images/P/0440222656.01.MZZZZZZZ.jpg,http://images.amazon.com/images/P/0440222656.01.LZZZZZZZ.jpg,The Horse Whisperer Nicholas Evans Dell
014029628X,Girl in Hyacinth Blue,Susan Vreeland,2000.0,Penguin Books,http://images.amazon.com/images/P/014029628X.01.THUMBZZZ.jpg,http://images.amazon.com/images/P/014029628X.01.MZZZZZZZ.jpg,http://images.amazon.com/images/P/014029628X.01.LZZZZZZZ.jpg,Girl in Hyacinth Blue Susan Vreeland Penguin Books
0515121843,Sea Swept (Quinn Brothers (Paperback)),Nora Roberts,2001.0,Jove Books,http://images.amazon.com/images/P/0515121843.01.THUMBZZZ.jpg,http://images.amazon.com/images/P/0515121843.01.MZZZZZZZ.jpg,http://images.amazon.com/images/P/0515121843.01.LZZZZZZZ.jpg,Sea Swept (Quinn Brothers (Paperback)) Nora Roberts Jove Books
0316780375,The Weight of Water : A Novel Tag: Author of Resistance and Strange Fits of Passion,Anita Shreve,1998.0,Back Bay Books,http://images.amazon.com/images/P/0316780375.01.THUMBZZZ.jpg,http://images.amazon.com/images/P/0316780375.01.MZZZZZZZ.jpg,http://images.amazon.com/images/P/0316780375.01.LZZZZZZZ.jpg,The Weight of Water : A Novel Tag: Author of Resistance and Strange Fits of Passion Anita Shreve Back Bay Books
0743436210,Hearts in Atlantis,Stephen King,2001.0,Pocket,http://images.amazon.com/images/P/0743436210.01.THUMBZZZ.jpg,http://images.amazon.com/images/P/0743436210.01.MZZZZZZZ.jpg,http://images.amazon.com/images/P/0743436210.01.LZZZZZZZ.jpg,Hearts in Atlantis Stephen King Pocket
0440236738,Gone for Good,HARLAN COBEN,2003.0,Dell,http://images.amazon.com/images/P/0440236738.01.THUMBZZZ.jpg,http://images.amazon.com/images/P/0440236738.01.MZZZZZZZ.jpg,http://images.amazon.com/images/P/0440236738.01.LZZZZZZZ.jpg,Gone for Good HARLAN COBEN Dell
0804105820,It Was on Fire When I Lay Down on It,Robert Fulghum,1993.0,Ivy Books,http://images.amazon.com/images/P/0804105820.01.THUMBZZZ.jpg,http://images.amazon.com/images/P/0804105820.01.MZZZZZZZ.jpg,http://images.amazon.com/images/P/0804105820.01.LZZZZZZZ.jpg,It Was on Fire When I Lay Down on It Robert Fulghum Ivy Books
0446604844,Total Control,David Baldacci,1997.0,Warner Books,http://images.amazon.com/images/P/0446604844.01.THUMBZZZ.jpg,http://images.amazon.com/images/P/0446604844.01.MZZZZZZZ.jpg,http://images.amazon.com/images/P/0446604844.01.LZZZZZZZ.jpg,Total Control David Baldacci Warner Books
0553582526,Dust to Dust,TAMI HOAG,2002.0,Bantam,http://images.amazon.com/images/P/0553582526.01.THUMBZZZ.jpg,http://images.amazon.com/images/P/0553582526.01.MZZZZZZZ.jpg,http://images.amazon.com/images/P/0553582526.01.LZZZZZZZ.jpg,Dust to Dust TAMI HOAG Bantam
0141000198,Bridget Jones's Diary,Helen Fielding,2001.0,Penguin Putnam,http://images.amazon.com/images/P/0141000198.01.THUMBZZZ.jpg,http://images.amazon.com/images/P/0141000198.01.MZZZZZZZ.jpg,http://images.amazon.com/images/P/0141000198.01.LZZZZZZZ.jpg,Bridget Jones's Diary Helen Fielding Penguin Putnam
0446365386,Gone with the Wind,Margaret Mitchell,1993.0,Warner Books,http://images.amazon.com/images/P/0446365386.01.THUMBZZZ.jpg,http://images.amazon.com/images/P/0446365386.01.MZZZZZZZ.jpg,http://images.amazon.com/images/P/0446365386.01.LZZZZZZZ.jpg,Gone with the Wind Margaret Mitchell Warner Books
0553572326,Survival of the Fittest: An Alex Delaware Novel,Jonathan Kellerman,1998.0,Bantam,http://images.amazon.com/images/P/0553572326.01.THUMBZZZ.jpg,http://images.amazon.com/images/P/0553572326.01.MZZZZZZZ.jpg,http://images.amazon.com/images/P/0553572326.01.LZZZZZZZ.jpg,Survival of the Fittest: An Alex Delaware Novel Jonathan Kellerman Bantam
0425172546,Southern Cross,Patricia Daniels Cornwell,1999.0,Berkley Publishing Group,http://images.amazon.com/images/P/0425172546.01.THUMBZZZ.jpg,http://images.amazon.com/images/P/0425172546.01.MZZZZZZZ.jpg,http://images.amazon.com/images/P/0425172546.01.LZZZZZZZ.jpg,Southern Cross Patricia Daniels Cornwell Berkley Publishing Group
0743235150,Everything's Eventual : 14 Dark Tales,Stephen King,2002.0,Scribner,http://images.amazon.com/images/P/0743235150.01.THUMBZZZ.jpg,http://images.amazon.com/images/P/0743235150.01.MZZZZZZZ.jpg,http://images.amazon.com/images/P/0743235150.01.LZZZZZZZ.jpg,Everything's Eventual : 14 Dark Tales Stephen King Scribner
0140177396,Of Mice and Men (Penguin Great Books of the 20th Century),John Steinbeck,1993.0,Penguin Books,http://images.amazon.com/images/P/0140177396.01.THUMBZZZ.jpg,http://images.amazon.com/images/P/0140177396.01.MZZZZZZZ.jpg,http://images.amazon.com/images/P/0140177396.01.LZZZZZZZ.jpg,Of Mice and Men (Penguin Great Books of the 20th Century) John Steinbeck Penguin Books
0451186923,The Deep End of the Ocean,Jacquelyn Mitchard,1997.0,New Amer Library,http://images.amazon.com/images/P/0451186923.01.THUMBZZZ.jpg,http://images.amazon.com/images/P/0451186923.01.MZZZZZZZ.jpg,http://images.amazon.com/images/P/0451186923.01.LZZZZZZZ.jpg,The Deep End of the Ocean Jacquelyn Mitchard New Amer Library
0553280341,B Is for Burglar (Kinsey Millhone Mysteries (Paperback)),Sue Grafton,1986.0,Bantam,http://images.amazon.com/images/P/0553280341.01.THUMBZZZ.jpg,http://images.amazon.com/images/P/0553280341.01.MZZZZZZZ.jpg,http://images.amazon.com/images/P/0553280341.01.LZZZZZZZ.jpg,B Is for Burglar (Kinsey Millhone Mysteries (Paperback)) Sue Grafton Bantam
0553280368,C Is for Corpse (Kinsey Millhone Mysteries (Paperback)),Sue Grafton,1987.0,Bantam,http://images.amazon.com/images/P/0553280368.01.THUMBZZZ.jpg,http://images.amazon.com/images/P/0553280368.01.MZZZZZZZ.jpg,http://images.amazon.com/images/P/0553280368.01.LZZZZZZZ.jpg,C Is for Corpse (Kinsey Millhone Mysteries (Paperback)) Sue Grafton Bantam
0671894455,FORREST GUMP (Movie Tie in),Winston Groom,1994.0,Pocket,http://images.amazon.com/images/P/0671894455.01.THUMBZZZ.jpg,http://images.amazon.com/images/P/0671894455.01.MZZZZZZZ.jpg,http://images.amazon.com/images/P/0671894455.01.LZZZZZZZ.jpg,FORREST GUMP (Movie Tie in) Winston Groom Pocket
0451186362,Rose Madder,Stephen King,2004.0,Signet Book,http://images.amazon.com/images/P/0451186362.01.THUMBZZZ.jpg,http://images.amazon.com/images/P/0451186362.01.MZZZZZZZ.jpg,http://images.amazon.com/images/P/0451186362.01.LZZZZZZZ.jpg,Rose Madder Stephen King Signet Book
0446607657,When the Wind Blows,James Patterson,1999.0,Warner Vision,http://images.amazon.com/images/P/0446607657.01.THUMBZZZ.jpg,http://images.amazon.com/images/P/0446607657.01.MZZZZZZZ.jpg,http://images.amazon.com/images/P/0446607657.01.LZZZZZZZ.jpg,When the Wind Blows James Patterson Warner Vision
0441569595,Neuromancer (Remembering Tomorrow),William Gibson,1995.0,Ace Books,http://images.amazon.com/images/P/0441569595.01.THUMBZZZ.jpg,http://images.amazon.com/images/P/0441569595.01.MZZZZZZZ.jpg,http://images.amazon.com/images/P/0441569595.01.LZZZZZZZ.jpg,Neuromancer (Remembering Tomorrow) William Gibson Ace Books
0425147363,Tom Clancy's Op-Center (Tom Clancy's Op Center (Paperback)),Tom Clancy,1995.0,Berkley Publishing Group,http://images.amazon.com/images/P/0425147363.01.THUMBZZZ.jpg,http://images.amazon.com/images/P/0425147363.01.MZZZZZZZ.jpg,http://images.amazon.com/images/P/0425147363.01.LZZZZZZZ.jpg,Tom Clancy's Op-Center (Tom Clancy's Op Center (Paperback)) Tom Clancy Berkley Publishing Group
0380820293,Last Chance Saloon,Marian Keyes,2002.0,Avon,http://images.amazon.com/images/P/0380820293.01.THUMBZZZ.jpg,http://images.amazon.com/images/P/0380820293.01.MZZZZZZZ.jpg,http://images.amazon.com/images/P/0380820293.01.LZZZZZZZ.jpg,Last Chance Saloon Marian Keyes Avon
0312980140,Seven Up (A Stephanie Plum Novel),Janet Evanovich,2002.0,St. Martin's Paperbacks,http://images.amazon.com/images/P/0312980140.01.THUMBZZZ.jpg,http://images.amazon.com/images/P/0312980140.01.MZZZZZZZ.jpg,http://images.amazon.com/images/P/0312980140.01.LZZZZZZZ.jpg,Seven Up (A Stephanie Plum Novel) Janet Evanovich St. Martin's Paperbacks
0440217563,Voyager,DIANA GABALDON,1994.0,Dell,http://images.amazon.com/images/P/0440217563.01.THUMBZZZ.jpg,http://images.amazon.com/images/P/0440217563.01.MZZZZZZZ.jpg,http://images.amazon.com/images/P/0440217563.01.LZZZZZZZ.jpg,Voyager DIANA GABALDON Dell
0446611778,Last Man Standing,David Baldacci,2002.0,Warner Vision,http://images.amazon.com/images/P/0446611778.01.THUMBZZZ.jpg,http://images.amazon.com/images/P/0446611778.01.MZZZZZZZ.jpg,http://images.amazon.com/images/P/0446611778.01.LZZZZZZZ.jpg,Last Man Standing David Baldacci Warner Vision
014023313X,The Stone Diaries,Carol Shields,1995.0,Penguin Books,http://images.amazon.com/images/P/014023313X.01.THUMBZZZ.jpg,http://images.amazon.com/images/P/014023313X.01.MZZZZZZZ.jpg,http://images.amazon.com/images/P/014023313X.01.LZZZZZZZ.jpg,The Stone Diaries Carol Shields Penguin Books
0375506039,Open House,Elizabeth Berg,2000.0,Random House Trade,http://images.amazon.com/images/P/0375506039.01.THUMBZZZ.jpg,http://images.amazon.com/images/P/0375506039.01.MZZZZZZZ.jpg,http://images.amazon.com/images/P/0375506039.01.LZZZZZZZ.jpg,Open House Elizabeth Berg Random House Trade
0441172717,Dune (Remembering Tomorrow),Frank Herbert,1996.0,ACE Charter,http://images.amazon.com/images/P/0441172717.01.THUMBZZZ.jpg,http://images.amazon.com/images/P/0441172717.01.MZZZZZZZ.jpg,http://images.amazon.com/images/P/0441172717.01.LZZZZZZZ.jpg,Dune (Remembering Tomorrow) Frank Herbert ACE Charter
0553571885,A Thin Dark Line (Mysteries &amp; Horror),TAMI HOAG,1998.0,Bantam,http://images.amazon.com/images/P/0553571885.01.THUMBZZZ.jpg,http://images.amazon.com/images/P/0553571885.01.MZZZZZZZ.jpg,http://images.amazon.com/images/P/0553571885.01.LZZZZZZZ.jpg,A Thin Dark Line (Mysteries &amp; Horror) TAMI HOAG Bantam
014034294X,Matilda,Roald Dahl,1990.0,Puffin Books,http://images.amazon.com/images/P/014034294X.01.THUMBZZZ.jpg,http://images.amazon.com/images/P/014034294X.01.MZZZZZZZ.jpg,http://images.amazon.com/images/P/014034294X.01.LZZZZZZZ.jpg,Matilda Roald Dahl Puffin Books
0553576801,The Perfect Husband,LISA GARDNER,1997.0,Bantam,http://images.amazon.com/images/P/0553576801.01.THUMBZZZ.jpg,http://images.amazon.com/images/P/0553576801.01.MZZZZZZZ.jpg,http://images.amazon.com/images/P/0553576801.01.LZZZZZZZ.jpg,The Perfect Husband LISA GARDNER Bantam
0373484410,Time And Again,Nora Roberts,2001.0,Silhouette,http://images.amazon.com/images/P/0373484410.01.THUMBZZZ.jpg,http://images.amazon.com/images/P/0373484410.01.MZZZZZZZ.jpg,http://images.amazon.com/images/P/0373484410.01.LZZZZZZZ.jpg,Time And Again Nora Roberts Silhouette
0553578022,The Face of Deception,Iris Johansen,1999.0,Bantam Books,http://images.amazon.com/images/P/0553578022.01.THUMBZZZ.jpg,http://images.amazon.com/images/P/0553578022.01.MZZZZZZZ.jpg,http://images.amazon.com/images/P/0553578022.01.LZZZZZZZ.jpg,The Face of Deception Iris Johansen Bantam Books
0449219364,G Is for Gumshoe (Kinsey Millhone Mysteries (Paperback)),Sue Grafton,1991.0,Fawcett Books,http://images.amazon.com/images/P/0449219364.01.THUMBZZZ.jpg,http://images.amazon.com/images/P/0449219364.01.MZZZZZZZ.jpg,http://images.amazon.com/images/P/0449219364.01.LZZZZZZZ.jpg,G Is for Gumshoe (Kinsey Millhone Mysteries (Paperback)) Sue Grafton Fawcett Books
0743227441,The Other Boleyn Girl,Philippa Gregory,2002.0,Touchstone,http://images.amazon.com/images/P/0743227441.01.THUMBZZZ.jpg,http://images.amazon.com/images/P/0743227441.01.MZZZZZZZ.jpg,http://images.amazon.com/images/P/0743227441.01.LZZZZZZZ.jpg,The Other Boleyn Girl Philippa Gregory Touchstone
0345433491,Hanna's Daughters (Ballantine Reader's Circle),Marianne Fredriksson,1999.0,Ballantine Books,http://images.amazon.com/images/P/0345433491.01.THUMBZZZ.jpg,http://images.amazon.com/images/P/0345433491.01.MZZZZZZZ.jpg,http://images.amazon.com/images/P/0345433491.01.LZZZZZZZ.jpg,Hanna's Daughters (Ballantine Reader's Circle) Marianne Fredriksson Ballantine Books
1558743316,A 2nd Helping of Chicken Soup for the Soul (Chicken Soup for the Soul Series (Paper)),Jack Canfield,1994.0,Health Communications,http://images.amazon.com/images/P/1558743316.01.THUMBZZZ.jpg,http://images.amazon.com/images/P/1558743316.01.MZZZZZZZ.jpg,http://images.amazon.com/images/P/1558743316.01.LZZZZZZZ.jpg,A 2nd Helping of Chicken Soup for the Soul (Chicken Soup for the Soul Series (Paper)) Jack Canfield Health Communications
0553275976,The Bonfire of the Vanities,Tom Wolfe,1988.0,Bantam Books,http://images.amazon.com/images/P/0553275976.01.THUMBZZZ.jpg,http://images.amazon.com/images/P/0553275976.01.MZZZZZZZ.jpg,http://images.amazon.com/images/P/0553275976.01.LZZZZZZZ.jpg,The Bonfire of the Vanities Tom Wolfe Bantam Books
0553582127,The Search,Iris Johansen,2001.0,Bantam Books,http://images.amazon.com/images/P/0553582127.01.THUMBZZZ.jpg,http://images.amazon.com/images/P/0553582127.01.MZZZZZZZ.jpg,http://images.amazon.com/images/P/0553582127.01.LZZZZZZZ.jpg,The Search Iris Johansen Bantam Books
0553578308,Tough Cookie,Diane Mott Davidson,2001.0,Bantam Books,http://images.amazon.com/images/P/0553578308.01.THUMBZZZ.jpg,http://images.amazon.com/images/P/0553578308.01.MZZZZZZZ.jpg,http://images.amazon.com/images/P/0553578308.01.LZZZZZZZ.jpg,Tough Cookie Diane Mott Davidson Bantam Books
0452284449,The Virgin Blue,Tracy Chevalier,2003.0,Plume Books,http://images.amazon.com/images/P/0452284449.01.THUMBZZZ.jpg,http://images.amazon.com/images/P/0452284449.01.MZZZZZZZ.jpg,http://images.amazon.com/images/P/0452284449.01.LZZZZZZZ.jpg,The Virgin Blue Tracy Chevalier Plume Books
0446610542,The Bachelor (Warner Books Contemporary Romance),Carly Phillips,2002.0,Warner Forever,http://images.amazon.com/images/P/0446610542.01.THUMBZZZ.jpg,http://images.amazon.com/images/P/0446610542.01.MZZZZZZZ.jpg,http://images.amazon.com/images/P/0446610542.01.LZZZZZZZ.jpg,The Bachelor (Warner Books Contemporary Romance) Carly Phillips Warner Forever
0451188454,The Bone Collector (Lincoln Rhyme Novels (Paperback)),Jeff Deaver,2004.0,Signet Book,http://images.amazon.com/images/P/0451188454.01.THUMBZZZ.jpg,http://images.amazon.com/images/P/0451188454.01.MZZZZZZZ.jpg,http://images.amazon.com/images/P/0451188454.01.LZZZZZZZ.jpg,The Bone Collector (Lincoln Rhyme Novels (Paperback)) Jeff Deaver Signet Book
0679721886,The Woman Warrior : Memoirs of a Girlhood Among Ghosts,MAXINE HONG KINGSTON,1989.0,Vintage,http://images.amazon.com/images/P/0679721886.01.THUMBZZZ.jpg,http://images.amazon.com/images/P/0679721886.01.MZZZZZZZ.jpg,http://images.amazon.com/images/P/0679721886.01.LZZZZZZZ.jpg,The Woman Warrior : Memoirs of a Girlhood Among Ghosts MAXINE HONG KINGSTON Vintage
0312986343,Visions of Sugar Plums: A Stephanie Plum Holiday Novel,Janet Evanovich,2004.0,St. Martin's Paperbacks,http://images.amazon.com/images/P/0312986343.01.THUMBZZZ.jpg,http://images.amazon.com/images/P/0312986343.01.MZZZZZZZ.jpg,http://images.amazon.com/images/P/0312986343.01.LZZZZZZZ.jpg,Visions of Sugar Plums: A Stephanie Plum Holiday Novel Janet Evanovich St. Martin's Paperbacks
0451170385,Four Past Midnight,Stephen King,2001.0,Signet Book,http://images.amazon.com/images/P/0451170385.01.THUMBZZZ.jpg,http://images.amazon.com/images/P/0451170385.01.MZZZZZZZ.jpg,http://images.amazon.com/images/P/0451170385.01.LZZZZZZZ.jpg,Four Past Midnight Stephen King Signet Book
0671727583,Smart Women,Judy Blume,1990.0,Pocket Books,http://images.amazon.com/images/P/0671727583.01.THUMBZZZ.jpg,http://images.amazon.com/images/P/0671727583.01.MZZZZZZZ.jpg,http://images.amazon.com/images/P/0671727583.01.LZZZZZZZ.jpg,Smart Women Judy Blume Pocket Books
0440212561,Outlander,DIANA GABALDON,1992.0,Dell,http://images.amazon.com/images/P/0440212561.01.THUMBZZZ.jpg,http://images.amazon.com/images/P/0440212561.01.MZZZZZZZ.jpg,http://images.amazon.com/images/P/0440212561.01.LZZZZZZZ.jpg,Outlander DIANA GABALDON Dell
0684801523,The Great Gatsby,F. Scott Fitzgerald,1995.0,Scribner,http://images.amazon.com/images/P/0684801523.01.THUMBZZZ.jpg,http://images.amazon.com/images/P/0684801523.01.MZZZZZZZ.jpg,http://images.amazon.com/images/P/0684801523.01.LZZZZZZZ.jpg,The Great Gatsby F. Scott Fitzgerald Scribner
042510107X,Red Storm Rising,Tom Clancy,1997.0,Berkley Publishing Group,http://images.amazon.com/images/P/042510107X.01.THUMBZZZ.jpg,http://images.amazon.com/images/P/042510107X.01.MZZZZZZZ.jpg,http://images.amazon.com/images/P/042510107X.01.LZZZZZZZ.jpg,Red Storm Rising Tom Clancy Berkley Publishing Group
043936213X,Harry Potter and the Sorcerer's Stone (Book 1),J. K. Rowling,2001.0,Scholastic,http://images.amazon.com/images/P/043936213X.01.THUMBZZZ.jpg,http://images.amazon.com/images/P/043936213X.01.MZZZZZZZ.jpg,http://images.amazon.com/images/P/043936213X.01.LZZZZZZZ.jpg,Harry Potter and the Sorcerer's Stone (Book 1) J. K. Rowling Scholastic
0553573136,Couplehood,PAUL REISER,1995.0,Bantam,http://images.amazon.com/images/P/0553573136.01.THUMBZZZ.jpg,http://images.amazon.com/images/P/0553573136.01.MZZZZZZZ.jpg,http://images.amazon.com/images/P/0553573136.01.LZZZZZZZ.jpg,Couplehood PAUL REISER Bantam
0446603716,Hide &amp; Seek,James Patterson,1996.0,Warner Books,http://images.amazon.com/images/P/0446603716.01.THUMBZZZ.jpg,http://images.amazon.com/images/P/0446603716.01.MZZZZZZZ.jpg,http://images.amazon.com/images/P/0446603716.01.LZZZZZZZ.jpg,Hide &amp; Seek James Patterson Warner Books
0671880314,Schindler's List,Thomas Keneally,1993.0,Touchstone,http://images.amazon.com/images/P/0671880314.01.THUMBZZZ.jpg,http://images.amazon.com/images/P/0671880314.01.MZZZZZZZ.jpg,http://images.amazon.com/images/P/0671880314.01.LZZZZZZZ.jpg,Schindler's List Thomas Keneally Touchstone
038550120X,A Painted House,JOHN GRISHAM,2001.0,Doubleday,http://images.amazon.com/images/P/038550120X.01.THUMBZZZ.jpg,http://images.amazon.com/images/P/038550120X.01.MZZZZZZZ.jpg,http://images.amazon.com/images/P/038550120X.01.LZZZZZZZ.jpg,A Painted House JOHN GRISHAM Doubleday
0385502532,Drowning Ruth,Christina Schwarz,2000.0,Doubleday,http://images.amazon.com/images/P/0385502532.01.THUMBZZZ.jpg,http://images.amazon.com/images/P/0385502532.01.MZZZZZZZ.jpg,http://images.amazon.com/images/P/0385502532.01.LZZZZZZZ.jpg,Drowning Ruth Christina Schwarz Doubleday
0553263226,The Bourne Supremacy,Robert Ludlum,1987.0,Bantam,http://images.amazon.com/images/P/0553263226.01.THUMBZZZ.jpg,http://images.amazon.com/images/P/0553263226.01.MZZZZZZZ.jpg,http://images.amazon.com/images/P/0553263226.01.LZZZZZZZ.jpg,The Bourne Supremacy Robert Ludlum Bantam
042518109X,Whispers,Dean R. Koontz,2001.0,Berkley Publishing Group,http://images.amazon.com/images/P/042518109X.01.THUMBZZZ.jpg,http://images.amazon.com/images/P/042518109X.01.MZZZZZZZ.jpg,http://images.amazon.com/images/P/042518109X.01.LZZZZZZZ.jpg,Whispers Dean R. Koontz Berkley Publishing Group
0679433740,Paradise,Toni Morrison,1998.0,Alfred A. Knopf,http://images.amazon.com/images/P/0679433740.01.THUMBZZZ.jpg,http://images.amazon.com/images/P/0679433740.01.MZZZZZZZ.jpg,http://images.amazon.com/images/P/0679433740.01.LZZZZZZZ.jpg,Paradise Toni Morrison Alfred A. Knopf
0375703063,A Virtuous Woman (Oprah's Book Club (Paperback)),Kaye Gibbons,1997.0,Vintage Books,http://images.amazon.com/images/P/0375703063.01.THUMBZZZ.jpg,http://images.amazon.com/images/P/0375703063.01.MZZZZZZZ.jpg,http://images.amazon.com/images/P/0375703063.01.LZZZZZZZ.jpg,A Virtuous Woman (Oprah's Book Club (Paperback)) Kaye Gibbons Vintage Books
0679736042,Toujours Provence (Vintage Departures),Peter Mayle,1992.0,Vintage Books USA,http://images.amazon.com/images/P/0679736042.01.THUMBZZZ.jpg,http://images.amazon.com/images/P/0679736042.01.MZZZZZZZ.jpg,http://images.amazon.com/images/P/0679736042.01.LZZZZZZZ.jpg,Toujours Provence (Vintage Departures) Peter Mayle Vintage Books USA
0156005891,Eden Close,Anita Shreve,1998.0,Harvest Books,http://images.amazon.com/images/P/0156005891.01.THUMBZZZ.jpg,http://images.amazon.com/images/P/0156005891.01.MZZZZZZZ.jpg,http://images.amazon.com/images/P/0156005891.01.LZZZZZZZ.jpg,Eden Close Anita Shreve Harvest Books
0446360589,The Burden of Proof,Scott Turow,1991.0,Warner Books,http://images.amazon.com/images/P/0446360589.01.THUMBZZZ.jpg,http://images.amazon.com/images/P/0446360589.01.MZZZZZZZ.jpg,http://images.amazon.com/images/P/0446360589.01.LZZZZZZZ.jpg,The Burden of Proof Scott Turow Warner Books
0385306024,Accident,Danielle Steel,1994.0,Delacorte Press,http://images.amazon.com/images/P/0385306024.01.THUMBZZZ.jpg,http://images.amazon.com/images/P/0385306024.01.MZZZZZZZ.jpg,http://images.amazon.com/images/P/0385306024.01.LZZZZZZZ.jpg,Accident Danielle Steel Delacorte Press
0553580221,False Memory,Dean R. Koontz,2000.0,Bantam Books,http://images.amazon.com/images/P/0553580221.01.THUMBZZZ.jpg,http://images.amazon.com/images/P/0553580221.01.MZZZZZZZ.jpg,http://images.amazon.com/images/P/0553580221.01.LZZZZZZZ.jpg,False Memory Dean R. Koontz Bantam Books
0312958129,Coming Home,Rosamunde Pilcher,1996.0,St. Martin's Press,http://images.amazon.com/images/P/0312958129.01.THUMBZZZ.jpg,http://images.amazon.com/images/P/0312958129.01.MZZZZZZZ.jpg,http://images.amazon.com/images/P/0312958129.01.LZZZZZZZ.jpg,Coming Home Rosamunde Pilcher St. Martin's Press
0373250207,Fishbowl (Red Dress Ink (Paperback)),Sarah Mlynowski,2002.0,Red Dress Ink,http://images.amazon.com/images/P/0373250207.01.THUMBZZZ.jpg,http://images.amazon.com/images/P/0373250207.01.MZZZZZZZ.jpg,http://images.amazon.com/images/P/0373250207.01.LZZZZZZZ.jpg,Fishbowl (Red Dress Ink (Paperback)) Sarah Mlynowski Red Dress Ink
0312306326,Visions of Sugar Plums,Janet Evanovich,2002.0,St. Martin's Press,http://images.amazon.com/images/P/0312306326.01.THUMBZZZ.jpg,http://images.amazon.com/images/P/0312306326.01.MZZZZZZZ.jpg,http://images.amazon.com/images/P/0312306326.01.LZZZZZZZ.jpg,Visions of Sugar Plums Janet Evanovich St. Martin's Press
0451169522,Misery,Stephen King,2004.0,Penguin USA (Paper),http://images.amazon.com/images/P/0451169522.01.THUMBZZZ.jpg,http://images.amazon.com/images/P/0451169522.01.MZZZZZZZ.jpg,http://images.amazon.com/images/P/0451169522.01.LZZZZZZZ.jpg,Misery Stephen King Penguin USA (Paper)
044022103X,One True Thing,Anna Quindlen,1995.0,Dell,http://images.amazon.com/images/P/044022103X.01.THUMBZZZ.jpg,http://images.amazon.com/images/P/044022103X.01.MZZZZZZZ.jpg,http://images.amazon.com/images/P/044022103X.01.LZZZZZZZ.jpg,One True Thing Anna Quindlen Dell
0553581554,The Killing Game: Only One Can Win...and the Loser Dies,Iris Johansen,2000.0,Bantam Books,http://images.amazon.com/images/P/0553581554.01.THUMBZZZ.jpg,http://images.amazon.com/images/P/0553581554.01.MZZZZZZZ.jpg,http://images.amazon.com/images/P/0553581554.01.LZZZZZZZ.jpg,The Killing Game: Only One Can Win...and the Loser Dies Iris Johansen Bantam Books
0451180232,Nightmares &amp; Dreamscapes,Stephen King,2004.0,Signet Book,http://images.amazon.com/images/P/0451180232.01.THUMBZZZ.jpg,http://images.amazon.com/images/P/0451180232.01.MZZZZZZZ.jpg,http://images.amazon.com/images/P/0451180232.01.LZZZZZZZ.jpg,Nightmares &amp; Dreamscapes Stephen King Signet Book
0451137965,Thinner,Stephen King,1985.0,New Amer Library,http://images.amazon.com/images/P/0451137965.01.THUMBZZZ.jpg,http://images.amazon.com/images/P/0451137965.01.MZZZZZZZ.jpg,http://images.amazon.com/images/P/0451137965.01.LZZZZZZZ.jpg,Thinner Stephen King New Amer Library
0425107469,Watchers,Dean R. Koontz,1996.0,Berkley Publishing Group,http://images.amazon.com/images/P/0425107469.01.THUMBZZZ.jpg,http://images.amazon.com/images/P/0425107469.01.MZZZZZZZ.jpg,http://images.amazon.com/images/P/0425107469.01.LZZZZZZZ.jpg,Watchers Dean R. Koontz Berkley Publishing Group
042510687X,Outbreak,Robin Cook,1991.0,Berkley Publishing Group,http://images.amazon.com/images/P/042510687X.01.THUMBZZZ.jpg,http://images.amazon.com/images/P/042510687X.01.MZZZZZZZ.jpg,http://images.amazon.com/images/P/042510687X.01.LZZZZZZZ.jpg,Outbreak Robin Cook Berkley Publishing Group
0553580191,Seize the Night,DEAN KOONTZ,1999.0,Bantam,http://images.amazon.com/images/P/0553580191.01.THUMBZZZ.jpg,http://images.amazon.com/images/P/0553580191.01.MZZZZZZZ.jpg,http://images.amazon.com/images/P/0553580191.01.LZZZZZZZ.jpg,Seize the Night DEAN KOONTZ Bantam
0451172817,Needful Things,Stephen King,2004.0,Signet Book,http://images.amazon.com/images/P/0451172817.01.THUMBZZZ.jpg,http://images.amazon.com/images/P/0451172817.01.MZZZZZZZ.jpg,http://images.amazon.com/images/P/0451172817.01.LZZZZZZZ.jpg,Needful Things Stephen King Signet Book
0743211375,From a Buick 8 : A Novel,Stephen King,2002.0,Scribner,http://images.amazon.com/images/P/0743211375.01.THUMBZZZ.jpg,http://images.amazon.com/images/P/0743211375.01.MZZZZZZZ.jpg,http://images.amazon.com/images/P/0743211375.01.LZZZZZZZ.jpg,From a Buick 8 : A Novel Stephen King Scribner
0425130711,Cold Fire,Dean R. Koontz,1996.0,Berkley Publishing Group,http://images.amazon.com/images/P/0425130711.01.THUMBZZZ.jpg,http://images.amazon.com/images/P/0425130711.01.MZZZZZZZ.jpg,http://images.amazon.com/images/P/0425130711.01.LZZZZZZZ.jpg,Cold Fire Dean R. Koontz Berkley Publishing Group
140003065X,A Fine Balance,Rohinton Mistry,2001.0,Vintage Books USA,http://images.amazon.com/images/P/140003065X.01.THUMBZZZ.jpg,http://images.amazon.com/images/P/140003065X.01.MZZZZZZZ.jpg,http://images.amazon.com/images/P/140003065X.01.LZZZZZZZ.jpg,A Fine Balance Rohinton Mistry Vintage Books USA
0553569910,The Ugly Duckling,Iris Johansen,1997.0,Bantam Books,http://images.amazon.com/images/P/0553569910.01.THUMBZZZ.jpg,http://images.amazon.com/images/P/0553569910.01.MZZZZZZZ.jpg,http://images.amazon.com/images/P/0553569910.01.LZZZZZZZ.jpg,The Ugly Duckling Iris Johansen Bantam Books
0743418204,In Her Shoes : A Novel,Jennifer Weiner,2003.0,Washington Square Press,http://images.amazon.com/images/P/0743418204.01.THUMBZZZ.jpg,http://images.amazon.com/images/P/0743418204.01.MZZZZZZZ.jpg,http://images.amazon.com/images/P/0743418204.01.LZZZZZZZ.jpg,In Her Shoes : A Novel Jennifer Weiner Washington Square Press
0060391626,I Know This Much Is True (Oprah's Book Club),Wally Lamb,1998.0,Regan Books,http://images.amazon.com/images/P/0060391626.01.THUMBZZZ.jpg,http://images.amazon.com/images/P/0060391626.01.MZZZZZZZ.jpg,http://images.amazon.com/images/P/0060391626.01.LZZZZZZZ.jpg,I Know This Much Is True (Oprah's Book Club) Wally Lamb Regan Books
0440200563,Fine Things,Danielle Steel,1988.0,Dell,http://images.amazon.com/images/P/0440200563.01.THUMBZZZ.jpg,http://images.amazon.com/images/P/0440200563.01.MZZZZZZZ.jpg,http://images.amazon.com/images/P/0440200563.01.LZZZZZZZ.jpg,Fine Things Danielle Steel Dell
0671743058,Boy's Life,Robert McCammon,1992.0,Pocket,http://images.amazon.com/images/P/0671743058.01.THUMBZZZ.jpg,http://images.amazon.com/images/P/0671743058.01.MZZZZZZZ.jpg,http://images.amazon.com/images/P/0671743058.01.LZZZZZZZ.jpg,Boy's Life Robert McCammon Pocket
0743203631,Gap Creek: The Story Of A Marriage,Robert Morgan,2000.0,Touchstone,http://images.amazon.com/images/P/0743203631.01.THUMBZZZ.jpg,http://images.amazon.com/images/P/0743203631.01.MZZZZZZZ.jpg,http://images.amazon.com/images/P/0743203631.01.LZZZZZZZ.jpg,Gap Creek: The Story Of A Marriage Robert Morgan Touchstone
080411109X,The Hundred Secret Senses,Amy Tan,1996.0,Ivy Books,http://images.amazon.com/images/P/080411109X.01.THUMBZZZ.jpg,http://images.amazon.com/images/P/080411109X.01.MZZZZZZZ.jpg,http://images.amazon.com/images/P/080411109X.01.LZZZZZZZ.jpg,The Hundred Secret Senses Amy Tan Ivy Books
0805059555,"""\O\"""" Is for Outlaw""""""",Sue Grafton,1999.0,Henry Holt &amp; Company,http://images.amazon.com/images/P/0805059555.01.THUMBZZZ.jpg,http://images.amazon.com/images/P/0805059555.01.MZZZZZZZ.jpg,http://images.amazon.com/images/P/0805059555.01.LZZZZZZZ.jpg,"""\O\"""" Is for Outlaw"""""" Sue Grafton Henry Holt &amp; Company"
0312974256,Welcome to Temptation,Jennifer Crusie,2001.0,St. Martin's Paperbacks,http://images.amazon.com/images/P/0312974256.01.THUMBZZZ.jpg,http://images.amazon.com/images/P/0312974256.01.MZZZZZZZ.jpg,http://images.amazon.com/images/P/0312974256.01.LZZZZZZZ.jpg,Welcome to Temptation Jennifer Crusie St. Martin's Paperbacks
0446608815,Pop Goes the Weasel,James Patterson,2000.0,Warner Vision,http://images.amazon.com/images/P/0446608815.01.THUMBZZZ.jpg,http://images.amazon.com/images/P/0446608815.01.MZZZZZZZ.jpg,http://images.amazon.com/images/P/0446608815.01.LZZZZZZZ.jpg,Pop Goes the Weasel James Patterson Warner Vision
0515128546,Tears of the Moon (Irish Trilogy),Nora Roberts,2000.0,Jove Books,http://images.amazon.com/images/P/0515128546.01.THUMBZZZ.jpg,http://images.amazon.com/images/P/0515128546.01.MZZZZZZZ.jpg,http://images.amazon.com/images/P/0515128546.01.LZZZZZZZ.jpg,Tears of the Moon (Irish Trilogy) Nora Roberts Jove Books
0670880728,Bridget Jones's Diary,Helen Fielding,1998.0,Viking Books,http://images.amazon.com/images/P/0670880728.01.THUMBZZZ.jpg,http://images.amazon.com/images/P/0670880728.01.MZZZZZZZ.jpg,http://images.amazon.com/images/P/0670880728.01.LZZZZZZZ.jpg,Bridget Jones's Diary Helen Fielding Viking Books
0345422317,The Genesis Code,John Case,1998.0,Ballantine Books,http://images.amazon.com/images/P/0345422317.01.THUMBZZZ.jpg,http://images.amazon.com/images/P/0345422317.01.MZZZZZZZ.jpg,http://images.amazon.com/images/P/0345422317.01.LZZZZZZZ.jpg,The Genesis Code John Case Ballantine Books
0446520802,The Notebook,Nicholas Sparks,1996.0,Warner Books,http://images.amazon.com/images/P/0446520802.01.THUMBZZZ.jpg,http://images.amazon.com/images/P/0446520802.01.MZZZZZZZ.jpg,http://images.amazon.com/images/P/0446520802.01.LZZZZZZZ.jpg,The Notebook Nicholas Sparks Warner Books
1558745157,The Lost Boy: A Foster Child's Search for the Love of a Family,Dave Pelzer,1997.0,Health Communications,http://images.amazon.com/images/P/1558745157.01.THUMBZZZ.jpg,http://images.amazon.com/images/P/1558745157.01.MZZZZZZZ.jpg,http://images.amazon.com/images/P/1558745157.01.LZZZZZZZ.jpg,The Lost Boy: A Foster Child's Search for the Love of a Family Dave Pelzer Health Communications
037325024X,Out of the Blue (Red Dress Ink (Paperback)),Isabel Wolff,2003.0,Red Dress Ink,http://images.amazon.com/images/P/037325024X.01.THUMBZZZ.jpg,http://images.amazon.com/images/P/037325024X.01.MZZZZZZZ.jpg,http://images.amazon.com/images/P/037325024X.01.LZZZZZZZ.jpg,Out of the Blue (Red Dress Ink (Paperback)) Isabel Wolff Red Dress Ink
0446675059,The Honk and Holler Opening Soon,Billie Letts,1999.0,Warner Books,http://images.amazon.com/images/P/0446675059.01.THUMBZZZ.jpg,http://images.amazon.com/images/P/0446675059.01.MZZZZZZZ.jpg,http://images.amazon.com/images/P/0446675059.01.LZZZZZZZ.jpg,The Honk and Holler Opening Soon Billie Letts Warner Books
0316781010,Fortune's Rocks: A Novel,Anita Shreve,1999.0,Back Bay Books,http://images.amazon.com/images/P/0316781010.01.THUMBZZZ.jpg,http://images.amazon.com/images/P/0316781010.01.MZZZZZZZ.jpg,http://images.amazon.com/images/P/0316781010.01.LZZZZZZZ.jpg,Fortune's Rocks: A Novel Anita Shreve Back Bay Books
0345404769,Silent Witness,RICHARD NORTH PATTERSON,1997.0,Ballantine Books,http://images.amazon.com/images/P/0345404769.01.THUMBZZZ.jpg,http://images.amazon.com/images/P/0345404769.01.MZZZZZZZ.jpg,http://images.amazon.com/images/P/0345404769.01.LZZZZZZZ.jpg,Silent Witness RICHARD NORTH PATTERSON Ballantine Books
1558745017,Chicken Soup for the Christian Soul (Chicken Soup for the Soul Series (Paper)),Jack Canfield,1997.0,Health Communications,http://images.amazon.com/images/P/1558745017.01.THUMBZZZ.jpg,http://images.amazon.com/images/P/1558745017.01.MZZZZZZZ.jpg,http://images.amazon.com/images/P/1558745017.01.LZZZZZZZ.jpg,Chicken Soup for the Christian Soul (Chicken Soup for the Soul Series (Paper)) Jack Canfield Health Communications
0425163407,Unnatural Exposure,Patricia Daniels Cornwell,1998.0,Berkley Publishing Group,http://images.amazon.com/images/P/0425163407.01.THUMBZZZ.jpg,http://images.amazon.com/images/P/0425163407.01.MZZZZZZZ.jpg,http://images.amazon.com/images/P/0425163407.01.LZZZZZZZ.jpg,Unnatural Exposure Patricia Daniels Cornwell Berkley Publishing Group
0515133876,Narcissus in Chains (Anita Blake Vampire Hunter (Paperback)),Laurell K. Hamilton,2002.0,Jove Books,http://images.amazon.com/images/P/0515133876.01.THUMBZZZ.jpg,http://images.amazon.com/images/P/0515133876.01.MZZZZZZZ.jpg,http://images.amazon.com/images/P/0515133876.01.LZZZZZZZ.jpg,Narcissus in Chains (Anita Blake Vampire Hunter (Paperback)) Laurell K. Hamilton Jove Books
0671027581,Open Season,Linda Howard,2002.0,Pocket,http://images.amazon.com/images/P/0671027581.01.THUMBZZZ.jpg,http://images.amazon.com/images/P/0671027581.01.MZZZZZZZ.jpg,http://images.amazon.com/images/P/0671027581.01.LZZZZZZZ.jpg,Open Season Linda Howard Pocket
1573229725,Fingersmith,Sarah Waters,2002.0,Riverhead Books,http://images.amazon.com/images/P/1573229725.01.THUMBZZZ.jpg,http://images.amazon.com/images/P/1573229725.01.MZZZZZZZ.jpg,http://images.amazon.com/images/P/1573229725.01.LZZZZZZZ.jpg,Fingersmith Sarah Waters Riverhead Books
0804115761,Thousand Acres,JANE SMILEY,1996.0,Ivy Books,http://images.amazon.com/images/P/0804115761.01.THUMBZZZ.jpg,http://images.amazon.com/images/P/0804115761.01.MZZZZZZZ.jpg,http://images.amazon.com/images/P/0804115761.01.LZZZZZZZ.jpg,Thousand Acres JANE SMILEY Ivy Books
0671867091,Remember Me,Mary Higgins Clark,1995.0,Pocket,http://images.amazon.com/images/P/0671867091.01.THUMBZZZ.jpg,http://images.amazon.com/images/P/0671867091.01.MZZZZZZZ.jpg,http://images.amazon.com/images/P/0671867091.01.LZZZZZZZ.jpg,Remember Me Mary Higgins Clark Pocket
0345386108,Winter Moon,Dean R. Koontz,1995.0,Ballantine Books,http://images.amazon.com/images/P/0345386108.01.THUMBZZZ.jpg,http://images.amazon.com/images/P/0345386108.01.MZZZZZZZ.jpg,http://images.amazon.com/images/P/0345386108.01.LZZZZZZZ.jpg,Winter Moon Dean R. Koontz Ballantine Books
0446525537,A Walk to Remember,Nicholas Sparks,1999.0,Warner Books,http://images.amazon.com/images/P/0446525537.01.THUMBZZZ.jpg,http://images.amazon.com/images/P/0446525537.01.MZZZZZZZ.jpg,http://images.amazon.com/images/P/0446525537.01.LZZZZZZZ.jpg,A Walk to Remember Nicholas Sparks Warner Books
0380710722,It's Always Something,Gilda Radner,1990.0,Avon,http://images.amazon.com/images/P/0380710722.01.THUMBZZZ.jpg,http://images.amazon.com/images/P/0380710722.01.MZZZZZZZ.jpg,http://images.amazon.com/images/P/0380710722.01.LZZZZZZZ.jpg,It's Always Something Gilda Radner Avon
0451203771,Scarlet Feather,Maeve Binchy,2002.0,Signet Book,http://images.amazon.com/images/P/0451203771.01.THUMBZZZ.jpg,http://images.amazon.com/images/P/0451203771.01.MZZZZZZZ.jpg,http://images.amazon.com/images/P/0451203771.01.LZZZZZZZ.jpg,Scarlet Feather Maeve Binchy Signet Book
0786867647,Lucky Man: A Memoir,Michael J. Fox,2002.0,Hyperion,http://images.amazon.com/images/P/0786867647.01.THUMBZZZ.jpg,http://images.amazon.com/images/P/0786867647.01.MZZZZZZZ.jpg,http://images.amazon.com/images/P/0786867647.01.LZZZZZZZ.jpg,Lucky Man: A Memoir Michael J. Fox Hyperion
0515133973,Midnight Bayou,Nora Roberts,2004.0,Jove Books,http://images.amazon.com/images/P/0515133973.01.THUMBZZZ.jpg,http://images.amazon.com/images/P/0515133973.01.MZZZZZZZ.jpg,http://images.amazon.com/images/P/0515133973.01.LZZZZZZZ.jpg,Midnight Bayou Nora Roberts Jove Books
0345445848,Big Cherry Holler: A Big Stone Gap Novel (Ballantine Reader's Circle),Adriana Trigiani,2002.0,Ballantine Books,http://images.amazon.com/images/P/0345445848.01.THUMBZZZ.jpg,http://images.amazon.com/images/P/0345445848.01.MZZZZZZZ.jpg,http://images.amazon.com/images/P/0345445848.01.LZZZZZZZ.jpg,Big Cherry Holler: A Big Stone Gap Novel (Ballantine Reader's Circle) Adriana Trigiani Ballantine Books
0452281903,A Man Named Dave: A Story of Triumph and Forgiveness,David J. Pelzer,2000.0,Plume Books,http://images.amazon.com/images/P/0452281903.01.THUMBZZZ.jpg,http://images.amazon.com/images/P/0452281903.01.MZZZZZZZ.jpg,http://images.amazon.com/images/P/0452281903.01.LZZZZZZZ.jpg,A Man Named Dave: A Story of Triumph and Forgiveness David J. Pelzer Plume Books
0553574574,Beach Music,Pat Conroy,1996.0,Bantam Books,http://images.amazon.com/images/P/0553574574.01.THUMBZZZ.jpg,http://images.amazon.com/images/P/0553574574.01.MZZZZZZZ.jpg,http://images.amazon.com/images/P/0553574574.01.LZZZZZZZ.jpg,Beach Music Pat Conroy Bantam Books
0515113328,The Cat Who Went into the Closet,Lilian Jackson Braun,1995.0,Jove Books,http://images.amazon.com/images/P/0515113328.01.THUMBZZZ.jpg,http://images.amazon.com/images/P/0515113328.01.MZZZZZZZ.jpg,http://images.amazon.com/images/P/0515113328.01.LZZZZZZZ.jpg,The Cat Who Went into the Closet Lilian Jackson Braun Jove Books
0061097101,The Saving Graces: A Novel,Patricia Gaffney,2000.0,HarperTorch,http://images.amazon.com/images/P/0061097101.01.THUMBZZZ.jpg,http://images.amazon.com/images/P/0061097101.01.MZZZZZZZ.jpg,http://images.amazon.com/images/P/0061097101.01.LZZZZZZZ.jpg,The Saving Graces: A Novel Patricia Gaffney HarperTorch
0425155404,Invasion,Robin Cook,1997.0,Berkley Publishing Group,http://images.amazon.com/images/P/0425155404.01.THUMBZZZ.jpg,http://images.amazon.com/images/P/0425155404.01.MZZZZZZZ.jpg,http://images.amazon.com/images/P/0425155404.01.LZZZZZZZ.jpg,Invasion Robin Cook Berkley Publishing Group
0399149155,Q Is for Quarry,Sue Grafton,2002.0,Putnam Publishing Group,http://images.amazon.com/images/P/0399149155.01.THUMBZZZ.jpg,http://images.amazon.com/images/P/0399149155.01.MZZZZZZZ.jpg,http://images.amazon.com/images/P/0399149155.01.LZZZZZZZ.jpg,Q Is for Quarry Sue Grafton Putnam Publishing Group
0440178002,Shogun,JAMES CLAVELL,1986.0,Dell,http://images.amazon.com/images/P/0440178002.01.THUMBZZZ.jpg,http://images.amazon.com/images/P/0440178002.01.MZZZZZZZ.jpg,http://images.amazon.com/images/P/0440178002.01.LZZZZZZZ.jpg,Shogun JAMES CLAVELL Dell
0688170528,The Pact: A Love Story,Jodi Picoult,1999.0,Quill,http://images.amazon.com/images/P/0688170528.01.THUMBZZZ.jpg,http://images.amazon.com/images/P/0688170528.01.MZZZZZZZ.jpg,http://images.amazon.com/images/P/0688170528.01.LZZZZZZZ.jpg,The Pact: A Love Story Jodi Picoult Quill
0671867164,The Lottery Winner: Alvirah and Willy Stories,Mary Higgins Clark,1994.0,Simon &amp; Schuster,http://images.amazon.com/images/P/0671867164.01.THUMBZZZ.jpg,http://images.amazon.com/images/P/0671867164.01.MZZZZZZZ.jpg,http://images.amazon.com/images/P/0671867164.01.LZZZZZZZ.jpg,The Lottery Winner: Alvirah and Willy Stories Mary Higgins Clark Simon &amp; Schuster
0446609404,Cradle and All,James Patterson,2001.0,Warner Vision,http://images.amazon.com/images/P/0446609404.01.THUMBZZZ.jpg,http://images.amazon.com/images/P/0446609404.01.MZZZZZZZ.jpg,http://images.amazon.com/images/P/0446609404.01.LZZZZZZZ.jpg,Cradle and All James Patterson Warner Vision
0441000916,The Laughing Corpse (Anita Blake Vampire Hunter (Paperback)),Laurell K. Hamilton,1994.0,Ace Books,http://images.amazon.com/images/P/0441000916.01.THUMBZZZ.jpg,http://images.amazon.com/images/P/0441000916.01.MZZZZZZZ.jpg,http://images.amazon.com/images/P/0441000916.01.LZZZZZZZ.jpg,The Laughing Corpse (Anita Blake Vampire Hunter (Paperback)) Laurell K. Hamilton Ace Books
0671443283,SEEDS OF YESTERDY (Dollanger Saga (Paperback)),V.C. Andrews,1984.0,Pocket,http://images.amazon.com/images/P/0671443283.01.THUMBZZZ.jpg,http://images.amazon.com/images/P/0671443283.01.MZZZZZZZ.jpg,http://images.amazon.com/images/P/0671443283.01.LZZZZZZZ.jpg,SEEDS OF YESTERDY (Dollanger Saga (Paperback)) V.C. Andrews Pocket
0842329242,Nicolae: The Rise of Antichrist (Left Behind No. 3),Tim F. Lahaye,1998.0,Tyndale House Publishers,http://images.amazon.com/images/P/0842329242.01.THUMBZZZ.jpg,http://images.amazon.com/images/P/0842329242.01.MZZZZZZZ.jpg,http://images.amazon.com/images/P/0842329242.01.LZZZZZZZ.jpg,Nicolae: The Rise of Antichrist (Left Behind No. 3) Tim F. Lahaye Tyndale House Publishers
015100692X,The Crimson Petal and the White,Michel Faber,2002.0,Harcourt,http://images.amazon.com/images/P/015100692X.01.THUMBZZZ.jpg,http://images.amazon.com/images/P/015100692X.01.MZZZZZZZ.jpg,http://images.amazon.com/images/P/015100692X.01.LZZZZZZZ.jpg,The Crimson Petal and the White Michel Faber Harcourt
0679457526,Into Thin Air : A Personal Account of the Mount Everest Disaster,JON KRAKAUER,1997.0,Villard,http://images.amazon.com/images/P/0679457526.01.THUMBZZZ.jpg,http://images.amazon.com/images/P/0679457526.01.MZZZZZZZ.jpg,http://images.amazon.com/images/P/0679457526.01.LZZZZZZZ.jpg,Into Thin Air : A Personal Account of the Mount Everest Disaster JON KRAKAUER Villard
0671741187,Where Are the Children?,Mary Higgins Clark,1992.0,Pocket,http://images.amazon.com/images/P/0671741187.01.THUMBZZZ.jpg,http://images.amazon.com/images/P/0671741187.01.MZZZZZZZ.jpg,http://images.amazon.com/images/P/0671741187.01.LZZZZZZZ.jpg,Where Are the Children? Mary Higgins Clark Pocket
0446603422,Stormy Weather,Carl Hiaasen,1996.0,Warner Books,http://images.amazon.com/images/P/0446603422.01.THUMBZZZ.jpg,http://images.amazon.com/images/P/0446603422.01.MZZZZZZZ.jpg,http://images.amazon.com/images/P/0446603422.01.LZZZZZZZ.jpg,Stormy Weather Carl Hiaasen Warner Books
0842329269,Apollyon: The Destroyer Is Unleashed (Left Behind No. 5),Jerry Jenkins,2000.0,Tyndale House Publishers,http://images.amazon.com/images/P/0842329269.01.THUMBZZZ.jpg,http://images.amazon.com/images/P/0842329269.01.MZZZZZZZ.jpg,http://images.amazon.com/images/P/0842329269.01.LZZZZZZZ.jpg,Apollyon: The Destroyer Is Unleashed (Left Behind No. 5) Jerry Jenkins Tyndale House Publishers
0061091790,After All These Years,Susan Isaacs,1994.0,HarperTorch,http://images.amazon.com/images/P/0061091790.01.THUMBZZZ.jpg,http://images.amazon.com/images/P/0061091790.01.MZZZZZZZ.jpg,http://images.amazon.com/images/P/0061091790.01.LZZZZZZZ.jpg,After All These Years Susan Isaacs HarperTorch
042518286X,Shock,Robin Cook,2002.0,Berkley Publishing Group,http://images.amazon.com/images/P/042518286X.01.THUMBZZZ.jpg,http://images.amazon.com/images/P/042518286X.01.MZZZZZZZ.jpg,http://images.amazon.com/images/P/042518286X.01.LZZZZZZZ.jpg,Shock Robin Cook Berkley Publishing Group
0553250426,The Clan of the Cave Bear (Earth's Children (Paperback)),Jean M. Auel,1984.0,Bantam Books,http://images.amazon.com/images/P/0553250426.01.THUMBZZZ.jpg,http://images.amazon.com/images/P/0553250426.01.MZZZZZZZ.jpg,http://images.amazon.com/images/P/0553250426.01.LZZZZZZZ.jpg,The Clan of the Cave Bear (Earth's Children (Paperback)) Jean M. Auel Bantam Books
0446363251,"""Scarlett : The Sequel to Margaret Mitchell's \Gone With the Wind\""""""""""",Alexandra Ripley,1992.0,Warner Books,http://images.amazon.com/images/P/0446363251.01.THUMBZZZ.jpg,http://images.amazon.com/images/P/0446363251.01.MZZZZZZZ.jpg,http://images.amazon.com/images/P/0446363251.01.LZZZZZZZ.jpg,"""Scarlett : The Sequel to Margaret Mitchell's \Gone With the Wind\"""""""""" Alexandra Ripley Warner Books"
051512219X,Small Town Girl,Lavyrle Spencer,1998.0,Jove Books,http://images.amazon.com/images/P/051512219X.01.THUMBZZZ.jpg,http://images.amazon.com/images/P/051512219X.01.MZZZZZZZ.jpg,http://images.amazon.com/images/P/051512219X.01.LZZZZZZZ.jpg,Small Town Girl Lavyrle Spencer Jove Books
0671525743,Night Whispers,Judith McNaught,1999.0,Pocket,http://images.amazon.com/images/P/0671525743.01.THUMBZZZ.jpg,http://images.amazon.com/images/P/0671525743.01.MZZZZZZZ.jpg,http://images.amazon.com/images/P/0671525743.01.LZZZZZZZ.jpg,Night Whispers Judith McNaught Pocket
0446364800,The General's Daughter,Nelson DeMille,1993.0,Warner Books,http://images.amazon.com/images/P/0446364800.01.THUMBZZZ.jpg,http://images.amazon.com/images/P/0446364800.01.MZZZZZZZ.jpg,http://images.amazon.com/images/P/0446364800.01.LZZZZZZZ.jpg,The General's Daughter Nelson DeMille Warner Books
014100018X,Chocolat,Joanne Harris,2000.0,Penguin Books,http://images.amazon.com/images/P/014100018X.01.THUMBZZZ.jpg,http://images.amazon.com/images/P/014100018X.01.MZZZZZZZ.jpg,http://images.amazon.com/images/P/014100018X.01.LZZZZZZZ.jpg,Chocolat Joanne Harris Penguin Books
0553583441,Touching Evil,Kay Hooper,2001.0,Bantam Books,http://images.amazon.com/images/P/0553583441.01.THUMBZZZ.jpg,http://images.amazon.com/images/P/0553583441.01.MZZZZZZZ.jpg,http://images.amazon.com/images/P/0553583441.01.LZZZZZZZ.jpg,Touching Evil Kay Hooper Bantam Books
0316779423,Barrel Fever : Stories and Essays (Barrel Fever),David Sedaris,1995.0,Back Bay Books,http://images.amazon.com/images/P/0316779423.01.THUMBZZZ.jpg,http://images.amazon.com/images/P/0316779423.01.MZZZZZZZ.jpg,http://images.amazon.com/images/P/0316779423.01.LZZZZZZZ.jpg,Barrel Fever : Stories and Essays (Barrel Fever) David Sedaris Back Bay Books
0060085444,She Went All the Way (Avon Light Contemporary Romances),Meggin Cabot,2002.0,Avon,http://images.amazon.com/images/P/0060085444.01.THUMBZZZ.jpg,http://images.amazon.com/images/P/0060085444.01.MZZZZZZZ.jpg,http://images.amazon.com/images/P/0060085444.01.LZZZZZZZ.jpg,She Went All the Way (Avon Light Contemporary Romances) Meggin Cabot Avon
0670869902,How Stella Got Her Groove Back,Terry McMillan,1996.0,Viking Books,http://images.amazon.com/images/P/0670869902.01.THUMBZZZ.jpg,http://images.amazon.com/images/P/0670869902.01.MZZZZZZZ.jpg,http://images.amazon.com/images/P/0670869902.01.LZZZZZZZ.jpg,How Stella Got Her Groove Back Terry McMillan Viking Books
0440514428,Cold Sassy Tree,Olive Ann Burns,1986.0,Dell Publishing Company,http://images.amazon.com/images/P/0440514428.01.THUMBZZZ.jpg,http://images.amazon.com/images/P/0440514428.01.MZZZZZZZ.jpg,http://images.amazon.com/images/P/0440514428.01.LZZZZZZZ.jpg,Cold Sassy Tree Olive Ann Burns Dell Publishing Company
0671776134,Plain Truth,Jodi Picoult,2001.0,Washington Square Press,http://images.amazon.com/images/P/0671776134.01.THUMBZZZ.jpg,http://images.amazon.com/images/P/0671776134.01.MZZZZZZZ.jpg,http://images.amazon.com/images/P/0671776134.01.LZZZZZZZ.jpg,Plain Truth Jodi Picoult Washington Square Press
