User-ID,ISBN,Book-Rating
276847,0446364193,0.0
276925,002542730X,10.0
276925,0316666343,0.0
276925,0385504209,8.0
276925,0804106304,0.0
276925,0971880107,0.0
276929,0060964049,0.0
276929,0439064864,0.0
277157,034541389X,0.0
277157,0380731851,0.0
277157,0449221512,0.0
277157,0971880107,0.0
277195,0060391626,10.0
277195,0060502258,0.0
277195,0060987561,0.0
277195,0316666343,0.0
277195,042511774X,0.0
277195,0440236673,0.0
277195,0446604801,0.0
277195,0446605484,0.0
277195,0449134482,0.0
277195,0449223345,0.0
277195,0553268880,0.0
277195,0553572997,0.0
277195,0670869902,10.0
277195,0671021001,10.0
277195,0671510053,0.0
277195,0679745203,0.0
277195,0679746048,0.0
277195,080410946X,0.0
277195,1558743669,0.0
277203,0380600129,0.0
277203,039480001X,9.0
277378,0312195516,7.0
277378,0380731851,0.0
277378,0385474016,0.0
277378,0446608955,4.0
277378,0451137965,0.0
277378,0553279378,0.0
277378,0670892963,7.0
277378,0671028375,0.0
277378,0671683993,0.0
277378,0684872153,0.0
277378,0804114986,5.0
277378,0971880107,0.0
277427,002542730X,10.0
277427,0060930535,0.0
277427,0060934417,0.0
277427,0061009059,9.0
277427,0140067477,0.0
277427,014029628X,0.0
277427,014100018X,0.0
277427,0142001740,0.0
277427,0312966091,0.0
277427,031298328X,0.0
277427,0316096199,0.0
277427,0316168688,0.0
277427,0316284955,0.0
277427,0316569321,0.0
277427,0316602051,0.0
277427,0316666343,0.0
277427,0316776963,8.0
277427,0345334019,0.0
277427,0345339681,0.0
277427,0345361792,0.0
277427,0345404769,0.0
277427,0345404785,0.0
277427,0345413903,10.0
277427,0345436911,0.0
277427,0374199698,0.0
277427,0380600129,0.0
277427,0380710218,0.0
277427,0380718332,0.0
277427,0385482388,0.0
277427,0385484518,0.0
277427,0385486804,9.0
277427,038548951X,0.0
277427,0385503857,9.0
277427,0385504209,8.0
277427,0399501487,9.0
277427,0425107469,0.0
277427,0425115801,0.0
277427,0425116840,8.0
277427,0425121631,0.0
277427,0425154092,0.0
277427,0425158616,0.0
277427,0425174271,0.0
277427,0425175405,0.0
277427,0439064872,0.0
277427,0439136369,0.0
277427,043936213X,0.0
277427,0440213991,0.0
277427,0440224764,7.0
277427,0440225701,0.0
277427,0440236703,0.0
277427,0440236738,9.0
277427,0440241073,0.0
277427,0441172717,0.0
277427,0446603716,0.0
277427,0446604801,0.0
277427,0446607193,0.0
277427,0446608890,10.0
277427,0446611212,0.0
277427,0449221482,0.0
277427,0449221504,0.0
277427,0451169522,0.0
277427,0451177096,0.0
277427,0451202503,0.0
277427,0452284449,6.0
277427,0515132020,0.0
277427,0552137030,8.0
277427,0553268880,0.0
277427,0553271636,0.0
277427,0553279556,0.0
277427,0553280341,0.0
277427,0553280368,9.0
277427,0553571656,10.0
277427,0553571818,0.0
277427,0553572997,0.0
277427,0553582755,0.0
277427,0553801430,0.0
277427,0609804138,0.0
277427,0671001795,0.0
277427,0679457313,0.0
277427,0679731148,9.0
277427,0679736042,5.0
277427,0679751521,0.0
277427,0684872153,0.0
277427,0743412028,9.0
277427,080410753X,0.0
277427,0804108749,0.0
277427,080411918X,0.0
277427,0971880107,0.0
277427,1400031354,0.0
277427,1400034779,0.0
277478,0345351525,0.0
277478,0345443284,0.0
277478,0425161242,0.0
277478,0425169863,0.0
277478,0440225701,0.0
277478,0440234743,0.0
277478,0446607657,0.0
277478,0449907481,0.0
277478,0553579606,0.0
277478,0553579754,0.0
277478,0553580191,0.0
277478,0671003755,0.0
277478,0671888587,0.0
277478,0786868716,0.0
277478,080410526X,0.0
277478,0971880107,0.0
277639,0345391055,0.0
277639,034539657X,8.0
277639,0373825013,0.0
277639,0380731851,6.0
277639,0425142485,7.0
277639,0425147363,8.0
277639,042516098X,5.0
277639,0425161242,0.0
277639,0440211727,8.0
277639,0440213525,0.0
277639,0440214041,9.0
277639,0440218535,0.0
277639,0440222656,0.0
277639,0446359866,0.0
277639,0446611212,0.0
277639,0446612790,0.0
277639,0451170385,0.0
277639,0553579754,7.0
277639,0553582755,0.0
277928,0060173289,0.0
277928,0385323638,0.0
277928,038542471X,0.0
277928,0446532231,0.0
277928,0446670251,0.0
277928,0670880728,0.0
277928,0670892963,0.0
277928,0679429220,0.0
277928,0679457313,0.0
277928,0679731148,0.0
277928,0679736042,0.0
277928,0679751602,10.0
277928,0804105820,9.0
277965,0060173289,0.0
277965,0316666343,0.0
277965,0316789089,5.0
277965,0345353145,0.0
277965,0345378490,0.0
277965,0345380371,0.0
277965,0345391055,0.0
277965,0345402871,0.0
277965,034540288X,0.0
277965,0345417623,0.0
277965,0385484518,10.0
277965,0679433740,0.0
277965,0679457526,9.0
277965,0679781587,9.0
277965,0684874350,10.0
277965,0786881852,7.0
278026,0061009059,8.0
278026,0380731851,5.0
278026,0380820889,8.0
278026,0425153975,0.0
278026,0449219364,6.0
278026,0449221512,5.0
278026,0451206525,8.0
278026,0515130389,8.0
278026,0671001795,8.0
278026,0684810387,8.0
278026,0743206045,7.0
278137,0312195516,0.0
278137,0345337662,7.0
278137,0380600129,8.0
278137,0440200989,0.0
278137,044022165X,0.0
278137,0440235596,0.0
278137,0440940001,8.0
278137,0446527793,0.0
278137,0446606812,7.0
278137,0671003755,0.0
278137,0671568175,0.0
278137,0671673688,0.0
278137,0671701231,0.0
278137,0671793489,0.0
278137,0671867091,0.0
278137,0671888587,0.0
278137,0804106304,8.0
278137,0971880107,0.0
278137,1558744150,9.0
278137,1558745017,8.0
278144,0060928336,0.0
278144,0060930535,0.0
278144,0345417623,0.0
278144,0373243286,0.0
278144,0385490445,0.0
278144,0399146253,0.0
278144,0425147584,0.0
278144,044022103X,0.0
278144,0440234743,0.0
278144,0446605239,0.0
278144,0446613266,0.0
278144,0446672211,0.0
278144,0670869902,0.0
278144,068484477X,0.0
278144,0743206045,0.0
278144,1551666839,0.0
278188,0156005891,8.0
278188,0316601950,0.0
278188,0345439104,0.0
278188,0373218192,7.0
278188,0373484003,7.0
278188,042510107X,0.0
278188,0425180964,0.0
278188,0440122090,4.0
278188,044022103X,8.0
278188,0440225701,9.0
278188,0446603589,9.0
278188,0446608955,0.0
278188,0446611867,0.0
278188,0449134482,0.0
278188,051512219X,0.0
278188,0671727583,0.0
278188,080410946X,8.0
278418,006016848X,0.0
278418,0061091790,0.0
278418,0064400557,0.0
278418,0064400581,0.0
278418,0140177396,0.0
278418,0140244824,0.0
278418,014025448X,0.0
278418,014034294X,0.0
278418,0312958129,0.0
278418,0312961324,0.0
278418,0312974256,0.0
278418,0345313860,0.0
278418,0345348036,0.0
278418,0345361792,0.0
278418,0345380371,0.0
278418,0345384350,0.0
278418,0345384466,0.0
278418,034538475X,0.0
278418,0345391055,0.0
278418,0345404114,0.0
278418,0345422317,0.0
278418,0373243286,0.0
278418,0373484003,0.0
278418,0373825013,0.0
278418,0375501371,0.0
278418,0375702709,0.0
278418,0375703055,0.0
278418,0375706410,0.0
278418,0375725784,0.0
278418,0380002930,0.0
278418,0380018179,0.0
278418,0380600129,0.0
278418,0380714752,0.0
278418,0380789035,0.0
278418,0385265700,0.0
278418,0385420161,0.0
278418,038549081X,0.0
278418,0385492081,0.0
278418,038550120X,0.0
278418,0385722206,0.0
278418,0394820371,8.0
278418,0425116840,0.0
278418,0425118703,0.0
278418,042513525X,5.0
278418,042513699X,0.0
278418,0425147622,0.0
278418,0425155404,0.0
278418,0425158632,0.0
278418,042518630X,7.0
278418,0440206154,0.0
278418,044021145X,0.0
278418,0440211727,0.0
278418,0440214041,0.0
278418,0440220602,0.0
278418,0440222656,0.0
278418,0440224594,0.0
278418,0440225701,0.0
278418,0440226430,0.0
278418,0440235596,0.0
278418,0440236673,0.0
278418,044023722X,0.0
278418,0440940001,0.0
278418,0446310786,0.0
278418,0446363251,0.0
278418,0446364193,0.0
278418,0446364800,0.0
278418,044651652X,0.0
278418,0446520802,0.0
278418,0446601640,0.0
278418,0446604275,0.0
278418,0446604844,0.0
278418,0446605239,0.0
278418,0446608955,0.0
278418,0446672211,0.0
278418,0449212084,0.0
278418,0451153553,0.0
278418,0451156609,0.0
278418,0451160525,0.0
278418,0451169530,0.0
278418,0451172817,0.0
278418,0451177096,0.0
278418,0451181379,0.0
278418,0451183665,0.0
278418,0451184963,0.0
278418,0451186923,0.0
278418,0452264464,0.0
278418,0515087947,0.0
278418,051512608X,0.0
278418,0515126772,0.0
278418,0515127833,0.0
278418,0515128546,0.0
278418,0515130389,8.0
278418,0515131229,8.0
278418,0553268880,0.0
278418,0553272535,0.0
278418,0553284789,0.0
278418,055329170X,0.0
278418,055356451X,0.0
278418,055357230X,0.0
278418,0553573136,0.0
278418,0553579754,0.0
278418,0553580221,0.0
278418,0553582658,0.0
278418,059030271X,0.0
278418,059045367X,0.0
278418,0671002481,0.0
278418,0671014919,0.0
278418,0671024248,0.0
278418,0671027662,0.0
278418,0671443283,0.0
278418,0671525743,0.0
278418,0671537458,0.0
278418,0671617028,0.0
278418,067164257X,0.0
278418,0671670689,0.0
278418,0671758896,0.0
278418,0671867113,0.0
278418,0671880187,0.0
278418,074343627X,0.0
278418,0786817070,0.0
278418,0786889020,0.0
278418,080410526X,0.0
278418,0842329277,0.0
278418,1559029838,0.0
278582,0312966091,0.0
278582,0312966970,0.0
278582,0312971346,0.0
278582,0312976275,0.0
278582,0312980140,7.0
278582,0312983867,7.0
278582,0345350499,10.0
278582,0425175405,0.0
278582,0449221512,8.0
278582,0451202503,10.0
278582,0671001795,8.0
278582,1400034779,10.0
278633,0060987561,10.0
278633,0140244824,7.0
278633,014028009X,2.0
278633,0142000205,7.0
278633,0316096199,8.0
278633,0316666343,9.0
278633,0316899984,7.0
278633,0345439104,0.0
278633,0375502238,0.0
278633,0375702709,0.0
278633,0375703063,7.0
278633,0380730138,0.0
278633,0385474016,0.0
278633,0385730586,0.0
278633,0440224624,0.0
278633,0440226430,9.0
278633,0440514428,9.0
278633,0446610399,0.0
278633,0446672211,0.0
278633,0449907481,6.0
278633,0452282829,0.0
278633,0515131083,10.0
278633,0553250426,0.0
278633,0671038184,8.0
278633,0679439382,0.0
278633,0679746048,0.0
278633,0688170528,8.0
278633,1558745157,0.0
278843,0060173289,9.0
278843,0060976845,0.0
278843,014028009X,8.0
278843,0142000205,9.0
278843,0316601950,0.0
278843,0316789089,0.0
278843,0399146431,9.0
278843,0425167313,0.0
278843,0440211263,7.0
278843,0440224594,0.0
278843,0449223604,0.0
278843,059035342X,8.0
278843,0684874350,0.0
278843,0786881852,8.0
278843,0804106304,0.0
243,0060915544,10.0
243,0060977493,7.0
243,0156006529,0.0
243,0316096199,0.0
243,0316601950,9.0
243,0316666343,0.0
243,0316693006,0.0
243,0316776963,9.0
243,0316899984,7.0
243,0345378490,0.0
243,0345465083,0.0
243,0375705856,0.0
243,0375727345,0.0
243,0380717018,0.0
243,0380718332,0.0
243,0385497466,0.0
243,0385508042,0.0
243,0385511612,0.0
243,0385720106,7.0
243,0385730586,0.0
243,042511774X,0.0
243,0425163407,9.0
243,0440224764,0.0
243,0440225701,0.0
243,0440226430,0.0
243,0440234743,0.0
243,044023722X,7.0
243,0446364800,9.0
243,0446605484,0.0
243,0446610399,0.0
243,0446612790,0.0
243,0449911004,0.0
243,0452282152,0.0
243,051512219X,0.0
243,0515130389,0.0
243,0671027387,0.0
243,0671042572,0.0
243,0684848783,0.0
243,155874262X,5.0
254,0060930535,0.0
254,014028009X,0.0
254,0140298479,0.0
254,014100018X,0.0
254,0142001740,9.0
254,0312305060,0.0
254,0316569321,0.0
254,0316769487,0.0
254,0316776963,0.0
254,0345350499,0.0
254,0345384466,0.0
254,0345387651,0.0
254,0373218400,0.0
254,0375727345,0.0
254,0380789019,0.0
254,0380789035,10.0
254,0380977788,0.0
254,038542017X,0.0
254,0399146431,9.0
254,0399501487,0.0
254,0439064864,9.0
254,0439064872,9.0
254,0439136350,9.0
254,0439136369,9.0
254,0439139597,9.0
254,043935806X,0.0
254,0440211263,0.0
254,0441003257,0.0
254,0441569595,0.0
254,0446364762,0.0
254,0446605239,0.0
254,0451137965,0.0
254,0451167317,8.0
254,0451524934,9.0
254,0452277337,0.0
254,0452282152,0.0
254,051513287X,0.0
254,0553250426,0.0
254,0553250531,0.0
254,0590353403,9.0
254,0618002219,9.0
254,0671021001,7.0
254,0671525743,0.0
254,067976402X,0.0
254,0679781587,8.0
254,0684833395,0.0
254,0684872153,0.0
254,0684874350,0.0
254,0743225406,0.0
254,0804106304,0.0
254,080410753X,0.0
507,0060392452,0.0
507,0060934417,0.0
507,0060938455,0.0
507,014029628X,0.0
507,0142001740,10.0
507,0345348036,0.0
507,0345404769,0.0
507,0446360589,0.0
507,0446394521,0.0
507,055356160X,0.0
507,0553564528,7.0
507,0553569910,0.0
507,0553576801,7.0
507,0553582135,0.0
507,0553582526,0.0
507,0553583441,7.0
507,068484267X,0.0
507,0786817070,0.0
626,0971880107,0.0
638,0316666343,10.0
638,0316693006,10.0
638,0316693200,9.0
638,0316769487,10.0
638,0316776963,10.0
638,0316779423,10.0
638,0316789089,10.0
638,0316969443,10.0
638,0345339711,10.0
638,0385420161,9.0
638,0385504209,10.0
638,0385505833,10.0
638,0446520802,0.0
638,0446525502,9.0
638,0446525537,9.0
638,0446527793,10.0
638,0446531332,10.0
638,0670892963,7.0
638,0679746048,7.0
638,0743206045,0.0
638,080411868X,0.0
643,0552137030,8.0
643,0671894455,7.0
741,0060085444,0.0
741,0312971346,0.0
741,0345384350,0.0
741,0425124347,0.0
741,0425155404,0.0
741,044022165X,0.0
741,0446364762,0.0
741,0553561618,0.0
882,0060502258,0.0
882,0060915544,0.0
882,0070212570,0.0
882,0312195516,0.0
882,0312274920,0.0
882,0345416260,0.0
882,0373218400,5.0
882,0373484410,0.0
882,0375707972,0.0
882,0380018179,10.0
882,0380789019,0.0
882,0385492081,0.0
882,0385504209,10.0
882,0440221595,0.0
882,0440226430,0.0
882,0440235162,10.0
882,0440514428,0.0
882,0446605239,0.0
882,0446606812,0.0
882,0446610399,0.0
882,0446611867,0.0
882,0449212602,0.0
882,0515130389,0.0
882,0553250426,10.0
882,0553250531,0.0
882,0553569058,0.0
882,0553571656,0.0
882,0553572997,10.0
882,0670869902,0.0
882,0671708635,0.0
882,0679429220,9.0
882,0679457313,0.0
882,067976402X,10.0
882,0679781587,10.0
882,0684874350,0.0
882,0786866276,0.0
882,0804114986,0.0
929,0439404371,8.0
929,0440211727,0.0
929,0440224624,6.0
929,0451169530,6.0
929,055321313X,0.0
929,0553234811,6.0
929,0553250426,0.0
929,0553296981,10.0
929,0671617028,8.0
929,1573225789,0.0
1025,0060928336,5.0
1025,0345361792,0.0
1025,0380012863,8.0
1025,068484267X,9.0
1025,0749397543,8.0
1025,0971880107,0.0
1211,0099771519,9.0
1211,0385504209,9.0
1211,1559029838,0.0
1424,0060930535,7.0
1424,0061097314,5.0
1424,0099771519,8.0
1424,0142001430,7.0
1424,0385720106,7.0
1424,0425158616,0.0
1424,0440222656,0.0
1424,0440235162,0.0
1424,0440236673,0.0
1424,0446608815,0.0
1424,0452282152,0.0
1424,0671776134,8.0
1424,0743224574,0.0
1424,0767902521,8.0
1424,0786868716,0.0
1424,0786885688,0.0
1424,0804106304,6.0
1435,0060915544,10.0
1435,0060922532,0.0
1435,0345370775,0.0
1435,0345378490,5.0
1435,0345380371,0.0
1435,0345387651,5.0
1435,034540288X,0.0
1435,0380718340,0.0
1435,038548951X,0.0
1435,0425161242,0.0
1435,0425169863,0.0
1435,0425180638,0.0
1435,0425182908,0.0
1435,0440211727,0.0
1435,044023722X,0.0
1435,0441172717,0.0
1435,0446672211,8.0
1435,0451183665,7.0
1435,0671024248,4.0
1435,0671042262,0.0
1435,0671537458,0.0
1435,068484267X,8.0
1435,0684848783,5.0
1435,0688177859,0.0
1435,080410753X,10.0
1435,0971880107,5.0
1435,155874262X,10.0
1674,0345384466,7.0
1674,0375725784,10.0
1674,038548951X,10.0
1674,0679429220,0.0
1733,0312971346,0.0
1733,0312983824,5.0
1733,0316089699,5.0
1733,0345447840,10.0
1733,0373218400,9.0
1733,0380018179,0.0
1733,0440213290,0.0
1733,0446360589,0.0
1733,0446364762,5.0
1733,051513287X,9.0
1733,059035342X,10.0
1733,0971880107,1.0
1848,0156027321,10.0
1848,0345342968,10.0
1848,0345348109,9.0
1848,0345353145,0.0
1848,034540288X,0.0
1848,0345417623,8.0
1848,0440211727,0.0
1848,0449219364,0.0
1848,0451169530,5.0
1848,0451177096,0.0
1848,0671027360,0.0
1848,0671027387,0.0
1848,0671510053,0.0
1848,0671758896,0.0
1848,0786868716,10.0
1848,0812550706,8.0
1903,0060392452,0.0
1903,0345339703,0.0
1903,0345339711,0.0
1903,0345339738,0.0
1903,0375706410,0.0
1903,0385492081,0.0
1903,0439064864,0.0
1903,0439136350,0.0
1903,0439139597,0.0
1903,044021145X,0.0
1903,0525947647,0.0
1903,0671041789,0.0
1903,0743211375,0.0
1903,074343627X,0.0
1903,0812550706,10.0
1903,0971880107,0.0
1903,1592400876,0.0
2030,0140298479,10.0
2033,0345337662,5.0
2033,0345351525,0.0
2033,0385265700,0.0
2033,0439064864,9.0
2033,0439136350,9.0
2033,0439139597,9.0
2033,043935806X,9.0
2033,0440213525,0.0
2033,0440220602,0.0
2033,0440221471,0.0
2033,044022165X,0.0
2033,0449003787,0.0
2033,0553573136,8.0
2033,0590353403,9.0
2033,0786889020,0.0
2110,0060987529,7.0
2110,0140298479,0.0
2110,0151008116,5.0
2110,0446394521,0.0
2110,0451137965,9.0
2110,0515133973,0.0
2110,059035342X,10.0
2110,059045367X,8.0
2110,0671042858,0.0
2110,0671693816,0.0
2110,0786868716,0.0
2132,0312979886,0.0
2179,0060392452,9.0
2179,0385504209,10.0
2179,0446532231,9.0
2179,0451524934,8.0
2179,051513287X,0.0
2179,0590353403,10.0
2179,0618002219,9.0
2276,034538475X,0.0
2276,0345391055,0.0
2276,0380002930,9.0
2276,0385505833,5.0
2276,0425119653,8.0
2276,0425158616,0.0
2276,0425172546,9.0
2276,0425182908,4.0
2276,0440221471,10.0
2276,0440236673,10.0
2276,0440241537,0.0
2276,0446605484,0.0
2276,0446607657,0.0
2276,0446609404,0.0
2276,0446612790,10.0
2276,0449212602,0.0
2276,0449227421,0.0
2276,0451153553,0.0
2276,0451167317,0.0
2276,0451184963,0.0
2276,0553250531,0.0
2276,0553263226,10.0
2276,0553576801,8.0
2276,0553582526,9.0
2276,0553583441,0.0
2276,0679429220,0.0
2276,0743439740,0.0
2276,0805063897,10.0
2358,0316666343,0.0
2358,037570504X,0.0
2358,0425169863,0.0
2358,0446516538,0.0
2358,0553277472,0.0
2358,0671021001,0.0
2358,0671027360,0.0
2358,0786881852,0.0
2358,1559029838,0.0
2766,0060392452,0.0
2766,0060958022,8.0
2766,014034294X,9.0
2766,014100018X,0.0
2766,0142001740,0.0
2766,0312305060,0.0
2766,0316284955,0.0
2766,0316666343,9.0
2766,0316776963,0.0
2766,0345378490,0.0
2766,0345384369,0.0
2766,0345391802,0.0
2766,0380710722,0.0
2766,0385486804,0.0
2766,0440211263,8.0
2766,0440213029,0.0
2766,0440213290,0.0
2766,0440214041,0.0
2766,0440219078,8.0
2766,0440221595,8.0
2766,0440236673,0.0
2766,044048474X,7.0
2766,0440498058,0.0
2766,0446310786,10.0
2766,0446516538,6.0
2766,0446606812,0.0
2766,0446611867,7.0
2766,0449005615,9.0
2766,0451183665,0.0
2766,0553279912,7.0
2766,0670030643,8.0
2766,0671510053,0.0
2766,0671617028,0.0
2766,0679751602,6.0
2766,067976402X,0.0
2766,0684874350,0.0
2766,0743412028,0.0
2766,0767902521,8.0
2766,0786867647,0.0
2766,0971880107,6.0
2766,1559029838,0.0
2766,1573225789,0.0
2891,0060392452,0.0
2891,0060921145,0.0
2891,0060928336,6.0
2891,0060930535,0.0
2891,0061097314,0.0
2891,0140119906,0.0
2891,0142001740,7.0
2891,0156027321,5.0
2891,0312282990,0.0
2891,0312305060,0.0
2891,0375703861,0.0
2891,0375726403,0.0
2891,0380726254,0.0
2891,0385482388,7.0
2891,038548951X,8.0
2891,0385503857,9.0
2891,0446607711,0.0
2891,0449005615,0.0
2891,0452260116,8.0
2891,0452282195,0.0
2891,0515087947,0.0
2891,0515102652,0.0
2891,0671003755,7.0
2891,0671004107,0.0
2891,0679457313,0.0
2891,067976402X,0.0
2891,0743225406,0.0
2891,080410526X,0.0
2891,0804106304,7.0
2891,140003065X,9.0
2977,0060392452,0.0
2977,0142001430,7.0
2977,0316569321,7.0
2977,0345370775,0.0
2977,037570504X,5.0
2977,0375725784,3.0
2977,0385722206,0.0
2977,0425142485,0.0
2977,0440183057,0.0
2977,044021145X,0.0
2977,0440234743,0.0
2977,0449221504,0.0
2977,0451153553,0.0
2977,0452282152,7.0
2977,0553285343,0.0
2977,0553569058,0.0
2977,0671021001,9.0
2977,0684810387,0.0
2977,0767902521,0.0
2977,0971880107,0.0
3145,0064407667,0.0
3145,0345413903,0.0
3145,0345447840,0.0
3145,0425169863,0.0
3145,0425182908,7.0
3145,043936213X,0.0
3145,044021145X,9.0
3145,0446359866,9.0
3145,0446603422,0.0
3145,0446612790,0.0
3145,0451188462,0.0
3145,0553279912,0.0
3145,0670892963,0.0
3145,1573229326,5.0
3167,0061009059,0.0
3167,0142001805,0.0
3167,0345337662,5.0
3167,0345348109,0.0
3167,0345370775,9.0
3167,034540288X,7.0
3167,0380012863,8.0
3167,0440219078,10.0
3167,044023722X,0.0
3167,0440998050,10.0
3167,0515102652,0.0
3167,0553571656,0.0
3167,0671004107,9.0
3167,080410526X,6.0
3167,0812550706,10.0
3346,0316666343,9.0
3346,0345342968,0.0
3346,0345413350,8.0
3346,0380789035,6.0
3363,002542730X,0.0
3363,0060096195,0.0
3363,0060175400,0.0
3363,0060502258,0.0
3363,0060928336,0.0
3363,0060958022,0.0
3363,0060976845,0.0
3363,0060987103,0.0
3363,0060987529,0.0
3363,0064472795,10.0
3363,0070212570,0.0
3363,0140067477,0.0
3363,0140293248,0.0
3363,0312144075,0.0
3363,0312278586,0.0
3363,0312961324,0.0
3363,0316096199,10.0
3363,0316284955,0.0
3363,0316569321,0.0
3363,0316666343,0.0
3363,0345337662,0.0
3363,0345348036,0.0
3363,0345380371,0.0
3363,0345404114,0.0
3363,0345417623,0.0
3363,0345445848,0.0
3363,0373218400,0.0
3363,0373250207,10.0
3363,037325024X,0.0
3363,037570504X,0.0
3363,0375705856,0.0
3363,0375706771,0.0
3363,0375726403,0.0
3363,0380726254,0.0
3363,0380820293,0.0
3363,0385323638,0.0
3363,0385335482,0.0
3363,0385335830,0.0
3363,0385335881,0.0
3363,0385420161,0.0
3363,038542471X,0.0
3363,0385424728,0.0
3363,0385504209,0.0
3363,0385722435,10.0
3363,0425147363,0.0
3363,0425155404,0.0
3363,0425158616,0.0
3363,0425169863,0.0
3363,0440206154,0.0
3363,0440224675,0.0
3363,0440234743,0.0
3363,0440236673,0.0
3363,0446394521,0.0
3363,0446520802,0.0
3363,0446605581,0.0
3363,0446606812,0.0
3363,0446672211,10.0
3363,0446675059,0.0
3363,0449005615,0.0
3363,0449223345,0.0
3363,0449911004,0.0
3363,0452268060,0.0
3363,0515131229,0.0
3363,051513287X,0.0
3363,0553277472,0.0
3363,0670880728,0.0
3363,0671003755,0.0
3363,0671673688,0.0
3363,0679751602,8.0
3363,0679772677,0.0
3363,0743418174,0.0
3363,0767905180,0.0
3363,0767907817,0.0
3363,0786866586,0.0
3363,0786881852,0.0
3363,0786885688,0.0
3363,080410526X,0.0
3363,080411868X,0.0
3363,0805063897,0.0
3363,0842329218,0.0
3363,0842329242,0.0
3363,0894805770,0.0
3363,089480829X,0.0
3363,0971880107,0.0
3363,155874262X,0.0
3363,1558743316,0.0
3363,1558744150,0.0
3363,1558745017,0.0
3371,0060928336,0.0
3371,0070212570,10.0
3371,0312274920,0.0
3371,0312278586,0.0
3371,0373243286,0.0
3371,0373484003,7.0
3371,0373484410,5.0
3371,0425163407,0.0
3371,0425175405,8.0
3371,0440200989,0.0
3371,0440211263,0.0
3371,0440213029,0.0
3371,0440214041,0.0
3371,0440221595,0.0
3371,0440226430,9.0
3371,0440235596,0.0
3371,0446359866,0.0
3371,0446607193,0.0
3371,0449221504,0.0
3371,0451169530,10.0
3371,0553260111,0.0
3371,0553263226,0.0
3371,0671002481,0.0
3371,0671004573,7.0
3371,0671027581,0.0
3371,0671568175,0.0
3371,067976402X,0.0
3371,0743439740,10.0
3371,0767905385,0.0
3373,0060958022,0.0
3373,0312291639,8.0
3373,0312995423,5.0
3373,0316789089,0.0
3373,0375727345,7.0
3373,039914613X,7.0
3373,0399149155,8.0
3373,0425161242,3.0
3373,0425178765,0.0
3373,0440236703,5.0
3373,0449003787,7.0
3373,0452264464,10.0
3373,0671014919,6.0
3373,0671026011,0.0
3373,0671027360,5.0
3373,0671027387,5.0
3373,0767900383,0.0
3373,0786866276,0.0
3538,0156027321,0.0
3556,0064400581,0.0
3556,0345339681,0.0
3556,0345339703,0.0
3556,0345339711,0.0
3556,0345339738,0.0
3556,0385504209,10.0
3556,0385508042,9.0
3556,044651652X,10.0
3556,059030271X,0.0
3556,0671027360,10.0
3556,0684867621,0.0
3556,0842329129,0.0
3556,0842329250,0.0
3556,0842329269,0.0
3556,0842329277,10.0
3556,0971880107,0.0
3675,0451166892,0.0
3827,014029628X,6.0
3827,0312274920,8.0
3827,0345337662,7.0
3827,0345348036,9.0
3827,0345351525,8.0
3827,034538475X,8.0
3827,0345413350,7.0
3827,0345423402,7.0
3827,0385482388,0.0
3827,0394820371,0.0
3827,0804114986,10.0
4017,0060915544,8.0
4017,0060928336,0.0
4017,0060964049,9.0
4017,0140244824,10.0
4017,014028009X,9.0
4017,0142001740,0.0
4017,0156027321,0.0
4017,0312150601,5.0
4017,0312291639,0.0
4017,0316096199,10.0
4017,0316182540,0.0
4017,0316284955,0.0
4017,0316666343,10.0
4017,0316899984,5.0
4017,0345424719,10.0
4017,0345433491,9.0
4017,0345443284,10.0
4017,0374129983,0.0
4017,0375500510,10.0
4017,0375502238,0.0
4017,0375506039,0.0
4017,037570504X,10.0
4017,0375705856,9.0
4017,0375707972,10.0
4017,0380730138,9.0
4017,0385265700,9.0
4017,0385486804,10.0
4017,0385502532,9.0
4017,0399146431,0.0
4017,0446310786,10.0
4017,0446516538,7.0
4017,0449911004,8.0
4017,0452260116,9.0
4017,0452282829,10.0
4017,0452283205,0.0
4017,0553275976,0.0
4017,059035342X,0.0
4017,0670892963,8.0
4017,0671038184,10.0
4017,0671510053,10.0
4017,067976402X,10.0
4017,0679781587,9.0
4017,068484267X,10.0
4017,068484477X,5.0
4017,0688177859,7.0
4017,0743439740,10.0
4017,0786866276,0.0
4017,0786866586,0.0
4017,0786868716,0.0
4017,0786881852,0.0
4017,0802139256,0.0
4017,0804106304,0.0
4017,1573225789,9.0
4092,0380002930,0.0
4092,0439064872,0.0
4092,0439136369,0.0
4092,0451156609,0.0
4092,0451186362,0.0
4092,059035342X,0.0
4092,0671027360,7.0
4092,0767905385,0.0
4092,0971880107,0.0
4131,0971880107,1.0
4157,0060392452,8.0
4157,0312195516,0.0
4157,0316601950,0.0
4157,0385484518,0.0
4157,0385512104,0.0
4157,0440206154,9.0
4157,0446532231,0.0
4157,0446604275,0.0
4157,0515095826,0.0
4157,0684848783,0.0
4334,0060392452,6.0
4334,0316666343,0.0
4334,0316780375,0.0
4334,0385504209,0.0
4334,0451137965,8.0
4334,0451177096,7.0
4385,0373484410,0.0
4385,0440221471,10.0
4385,0786868716,0.0
4622,0060175400,10.0
4622,0060199652,0.0
4622,0060915544,0.0
4622,0140177396,8.0
4622,0156027321,0.0
4622,0312305060,0.0
4622,031242227X,0.0
4622,034540288X,4.0
4622,0375702709,0.0
4622,0684833395,0.0
4622,080410526X,0.0
4785,006101351X,5.0
4785,0140293248,6.0
4785,0140298479,7.0
4785,0312291639,9.0
4785,0380789019,7.0
4785,0553277472,0.0
4785,0671708635,0.0
4896,0439064872,10.0
4896,043935806X,0.0
4896,059035342X,0.0
4938,006101351X,7.0
4938,0316089699,0.0
4938,0345313860,10.0
4938,0345384369,0.0
4938,0385492081,7.0
4938,0425115801,9.0
4938,042513525X,7.0
4938,0440220602,8.0
4938,0451156609,10.0
4938,0451184963,0.0
4938,0515095826,8.0
4938,0679781587,0.0
5331,0440213525,0.0
5331,0440225701,0.0
5331,044023722X,0.0
5439,0060915544,0.0
5439,0060928336,8.0
5439,0060938455,9.0
5439,0060976845,0.0
5439,014023313X,0.0
5439,0140293248,0.0
5439,0312306326,0.0
5439,0312966091,0.0
5439,031298328X,0.0
5439,0312983867,0.0
5439,0345342968,0.0
5439,0375504613,8.0
5439,0394820371,0.0
5439,0446672211,0.0
5439,0553271636,0.0
5439,0671001795,8.0
5439,0679751521,0.0
5439,0805063897,10.0
5483,0060502258,0.0
5483,0373218192,0.0
5483,0380718332,0.0
5483,0380718340,0.0
5483,0425119653,0.0
5483,0425153975,0.0
5483,0425154092,0.0
5483,0425169863,0.0
5483,0440211263,0.0
5483,0440214041,0.0
5483,0446364193,0.0
5483,0446608955,0.0
5483,0446611808,0.0
5483,0449227421,0.0
5483,0679781587,0.0
5483,0804114986,8.0
5539,0060928336,0.0
5539,0142001740,8.0
5539,0156007479,0.0
5539,0312144075,0.0
5539,0312274920,0.0
5539,0316284955,0.0
5539,0345339681,10.0
5539,0345423402,8.0
5539,0385490445,10.0
5539,0385720106,0.0
5539,0446607711,0.0
5539,0449005615,0.0
5539,0451206525,9.0
5539,0671027387,10.0
5539,0684874350,0.0
5539,0804114986,0.0
5543,0345370775,0.0
5543,0451167317,0.0
5543,0971880107,0.0
5582,014028009X,10.0
5582,0140293248,9.0
5582,0312966970,10.0
5582,0312971346,0.0
5582,0312976275,10.0
5582,0312979886,0.0
5582,0312980159,0.0
5582,0345423402,10.0
5582,0375727345,0.0
5582,0380789035,9.0
5582,0380820293,8.0
5582,0425152251,10.0
5582,0425173631,10.0
5582,044651652X,7.0
5582,0679781587,0.0
5582,1558744150,5.0
5609,0312195516,0.0
5609,0345313860,10.0
5609,0345337662,0.0
5609,0345351525,0.0
5609,0345380371,0.0
5609,0345391802,0.0
5609,0385479565,0.0
5609,0385508042,0.0
5609,0385511612,0.0
5609,044021145X,0.0
5609,0446609404,0.0
5609,0451188454,0.0
5609,0452282195,0.0
5609,0553279556,0.0
5609,0553284789,0.0
5609,0553573136,0.0
5609,0618002219,0.0
5609,0671041789,0.0
5609,0671042858,0.0
5609,0743235150,9.0
5899,0380789035,9.0
5903,0060085444,0.0
5903,0060921145,0.0
5903,0060930535,0.0
5903,0061009059,0.0
5903,0061091790,0.0
5903,0061097101,0.0
5903,0061098361,0.0
5903,0142001740,0.0
5903,0142001805,0.0
5903,0312195516,0.0
5903,0312966970,0.0
5903,0312971346,0.0
5903,0316089699,0.0
5903,0316096199,0.0
5903,0316569321,0.0
5903,0316666343,0.0
5903,0316777722,7.0
5903,0316781266,0.0
5903,0345435168,0.0
5903,0345439104,0.0
5903,0345443284,0.0
5903,0375726403,0.0
5903,0385503857,9.0
5903,0385512104,0.0
5903,0385720955,0.0
5903,0385730586,8.0
5903,042513699X,0.0
5903,0425167313,0.0
5903,0425175405,0.0
5903,0446605239,0.0
5903,0446605484,0.0
5903,0446611212,0.0
5903,0449212602,9.0
5903,0449221482,0.0
5903,0449221490,0.0
5903,0449221504,0.0
5903,0449223612,0.0
5903,0451169522,0.0
5903,0451203771,0.0
5903,0671014196,0.0
5903,0743418174,0.0
5903,0767902521,0.0
5903,0767905180,8.0
5903,0767907817,8.0
5903,0786867647,0.0
5903,0786885688,0.0
5903,0804106304,0.0
5903,080410753X,0.0
5903,0804111359,0.0
6073,0345427637,6.0
6073,0380002930,10.0
6073,0440211727,6.0
6073,0440214041,5.0
6073,0440226430,6.0
6073,0553273914,9.0
6073,067976397X,10.0
6092,0312150601,8.0
6242,0060934417,7.0
6242,0060958022,6.0
6242,0060987103,7.0
6242,0060987561,0.0
6242,0140244824,0.0
6242,0140293248,5.0
6242,0142001430,7.0
6242,0312144075,5.0
6242,0312150601,5.0
6242,0312195516,7.0
6242,0312243022,8.0
6242,0312282990,6.0
6242,0312291639,5.0
6242,0375705198,6.0
6242,0375705856,5.0
6242,0375706410,8.0
6242,0375707972,8.0
6242,0375726403,7.0
6242,038542017X,7.0
6242,0446670251,5.0
6242,0452264464,5.0
6242,0679746048,5.0
6242,0679751521,5.0
6242,067976402X,8.0
6242,068484267X,8.0
6242,068484477X,8.0
6242,0749397543,3.0
6242,0871136791,8.0
6242,1573225789,7.0
6242,1573229326,6.0
6251,0060392452,10.0
6251,0060915544,0.0
6251,0060930535,0.0
6251,0060932759,0.0
6251,0060938455,0.0
6251,0060964049,0.0
6251,0060976845,0.0
6251,0060987103,0.0
6251,0060987529,0.0
6251,0061009059,7.0
6251,006101351X,0.0
6251,0064407667,0.0
6251,0064407675,0.0
6251,0140067477,10.0
6251,0140244824,0.0
6251,0140254544,0.0
6251,0140257934,8.0
6251,0140293248,0.0
6251,0156007479,0.0
6251,0156628708,0.0
6251,0312150601,0.0
6251,0312195516,0.0
6251,0312278586,0.0
6251,0312291639,0.0
6251,0312305060,0.0
6251,0312966091,9.0
6251,0312980140,7.0
6251,0312983271,0.0
6251,0316284955,0.0
6251,0316569321,8.0
6251,0316899984,0.0
6251,0345337662,0.0
6251,0345351525,0.0
6251,0345370775,0.0
6251,0345370805,0.0
6251,034538475X,0.0
6251,0345387651,0.0
6251,034540288X,0.0
6251,0345417623,0.0
6251,0345427637,0.0
6251,0345465083,0.0
6251,0374129983,0.0
6251,0375501371,0.0
6251,0375504613,7.0
6251,0375725784,4.0
6251,0375727345,6.0
6251,0380600129,10.0
6251,0380714752,0.0
6251,0380717018,0.0
6251,0380718340,0.0
6251,0380730138,0.0
6251,0380731851,0.0
6251,0380789035,7.0
6251,0380813815,10.0
6251,0385420161,0.0
6251,0385479565,0.0
6251,0385484518,7.0
6251,0385492081,0.0
6251,038550120X,0.0
6251,0385722435,0.0
6251,039480001X,10.0
6251,0394820371,10.0
6251,0425182908,0.0
6251,0425184226,0.0
6251,0439064872,0.0
6251,0439136350,10.0
6251,0439139597,10.0
6251,0439139600,0.0
6251,043935806X,9.0
6251,0440206154,7.0
6251,044021145X,0.0
6251,0440218535,0.0
6251,044022103X,0.0
6251,0440221471,0.0
6251,0440222656,7.0
6251,0440224675,6.0
6251,0440224764,0.0
6251,0440235162,0.0
6251,0440498058,10.0
6251,0440998050,10.0
6251,0441003257,10.0
6251,0446364800,0.0
6251,0446532231,10.0
6251,0446604666,0.0
6251,0446610399,0.0
6251,0446672211,0.0
6251,0449212602,0.0
6251,0449221490,0.0
6251,0449221504,0.0
6251,0449223345,0.0
6251,0451183665,0.0
6251,0451184963,0.0
6251,0451188454,0.0
6251,0451203895,0.0
6251,0525947647,0.0
6251,0553260111,0.0
6251,0553272535,0.0
6251,0553277472,0.0
6251,0553282476,0.0
6251,055328942X,0.0
6251,0553560247,7.0
6251,0553572997,0.0
6251,0553573136,0.0
6251,0553578308,0.0
6251,059030271X,0.0
6251,059035342X,0.0
6251,0670030643,0.0
6251,0670880728,0.0
6251,067088300X,0.0
6251,0671001795,0.0
6251,0671021001,0.0
6251,0671038184,0.0
6251,0671042572,0.0
6251,0671510053,0.0
6251,0671894455,0.0
6251,0679457313,0.0
6251,0679721886,0.0
6251,0679731148,7.0
6251,0679745203,0.0
6251,067976397X,0.0
6251,067976402X,8.0
6251,068484267X,8.0
6251,0743224574,0.0
6251,0743418174,0.0
6251,0786817070,8.0
6251,0786866276,0.0
6251,0786867647,0.0
6251,0786868716,0.0
6251,0786885688,8.0
6251,080410526X,0.0
6251,0804105820,0.0
6251,0804106304,0.0
6251,080410753X,0.0
6251,080411109X,0.0
6251,0804114986,0.0
6251,0804115613,0.0
6251,0805063897,0.0
6251,0812550706,0.0
6251,0894805770,0.0
6251,0971880107,0.0
6251,1400031354,0.0
6251,1400031362,0.0
6251,1400034779,0.0
6251,1558531025,0.0
6323,0316096199,0.0
6323,0316569321,0.0
6323,0345313860,6.0
6323,0345334019,0.0
6323,0345337662,0.0
6323,0345351525,0.0
6323,0345380371,0.0
6323,034538475X,0.0
6323,0345404785,0.0
6323,0345427637,0.0
6323,0380710218,3.0
6323,0380717018,1.0
6323,0385424728,6.0
6323,0399146253,0.0
6323,0425163385,7.0
6323,0425173631,0.0
6323,0440211263,9.0
6323,0440213290,0.0
6323,0440213525,6.0
6323,0446601241,8.0
6323,0446667900,7.0
6323,0553284789,6.0
6323,0553285343,9.0
6323,0553571885,0.0
6323,0553579606,0.0
6323,0671004549,0.0
6323,0671758896,0.0
6323,0671793489,0.0
6323,0671867113,0.0
6323,0804106304,0.0
6431,0373825013,0.0
6431,0425116840,0.0
6431,0425147584,0.0
6431,0439064864,10.0
6431,0439136350,10.0
6431,0439139597,10.0
6431,043935806X,10.0
6431,0553579754,0.0
6431,0590353403,10.0
6431,0971880107,4.0
6543,0060987103,10.0
6543,0061009059,8.0
6543,0140119906,0.0
6543,014025448X,8.0
6543,0140254544,0.0
6543,0140257934,7.0
6543,0140270590,7.0
6543,014028009X,0.0
6543,0142000205,0.0
6543,0142001430,0.0
6543,0142001740,9.0
6543,0151008116,0.0
6543,0312195516,0.0
6543,0312278586,0.0
6543,0312306326,6.0
6543,0312966091,0.0
6543,0312966970,0.0
6543,0312971346,0.0
6543,0312976275,0.0
6543,0312980140,8.0
6543,0316168688,0.0
6543,0316602051,0.0
6543,0316666343,0.0
6543,0316777722,0.0
6543,0316779423,0.0
6543,0345342968,8.0
6543,0345436911,8.0
6543,0345438329,0.0
6543,0345445848,7.0
6543,0345447840,0.0
6543,0375412824,0.0
6543,0375705198,0.0
6543,0375725784,0.0
6543,0380813815,10.0
6543,0380977788,0.0
6543,038548951X,10.0
6543,0385504209,0.0
6543,0385721420,7.0
6543,0385722206,6.0
6543,0385730586,0.0
6543,0399149155,0.0
6543,0425192725,8.0
6543,0439404371,0.0
6543,0440212561,8.0
6543,0446605484,10.0
6543,0446610038,9.0
6543,0446611212,0.0
6543,0446612790,0.0
6543,0553571656,0.0
6543,0609804138,0.0
6543,0670030643,7.0
6543,0671001795,0.0
6543,0671041789,0.0
6543,0671880314,0.0
6543,067976397X,7.0
6543,0688177751,0.0
6543,0688177859,0.0
6543,0743227441,0.0
6543,0743235150,8.0
6543,0767905385,7.0
6543,0894805770,0.0
6543,089480829X,0.0
6543,0971880107,0.0
6543,1400031346,6.0
6543,1400031354,7.0
6543,1400031362,8.0
6543,1573225789,9.0
6563,0060085444,6.0
6563,0060199652,8.0
6563,0060915544,9.0
6563,0060922532,0.0
6563,0060928336,0.0
6563,0060976845,0.0
6563,0060987103,8.0
6563,0060987529,8.0
6563,0061097101,10.0
6563,0064407667,0.0
6563,0140244824,0.0
6563,0140298479,0.0
6563,014100018X,0.0
6563,0141000198,0.0
6563,0312278586,7.0
6563,0312924801,0.0
6563,0316096199,0.0
6563,0316666343,0.0
6563,0316776963,0.0
6563,0316780375,0.0
6563,0316781010,0.0
6563,034541389X,0.0
6563,0345465083,0.0
6563,0375412530,6.0
6563,0375500510,0.0
6563,0375705856,0.0
6563,0375725784,0.0
6563,0380002930,0.0
6563,038079487X,0.0
6563,0385335482,0.0
6563,0385335830,7.0
6563,0385335881,0.0
6563,0385484518,10.0
6563,0385508042,0.0
6563,0385730586,0.0
6563,0425163385,0.0
6563,0439064872,0.0
6563,0439136369,0.0
6563,0439139600,9.0
6563,043935806X,10.0
6563,0440122090,0.0
6563,0440211263,0.0
6563,0440211727,10.0
6563,0440213029,0.0
6563,0440213525,9.0
6563,0440214041,0.0
6563,044022103X,0.0
6563,0440221595,0.0
6563,0440224594,9.0
6563,0440226430,9.0
6563,0446360589,0.0
6563,0446394521,0.0
6563,0446516538,0.0
6563,0446608955,0.0
6563,0446613266,9.0
6563,0446672211,0.0
6563,0446675059,8.0
6563,0451202503,0.0
6563,0451203771,0.0
6563,059035342X,8.0
6563,0609804138,0.0
6563,0671021001,2.0
6563,067164257X,0.0
6563,0671693816,7.0
6563,0671727583,8.0
6563,0679751602,9.0
6563,0684872153,1.0
6563,0743225406,0.0
6563,0743418174,9.0
6563,0767900383,3.0
6563,0786866586,0.0
6563,0786867647,0.0
6563,0786868716,10.0
6563,0786881852,8.0
6563,080411918X,0.0
6563,0871136791,0.0
6563,1400031346,8.0
6563,1558745017,5.0
6575,0060085444,0.0
6575,0060173289,0.0
6575,0060502258,8.0
6575,0060915544,0.0
6575,0060916508,0.0
6575,0060928336,8.0
6575,0060934417,9.0
6575,0060938455,0.0
6575,0060958022,0.0
6575,0060976845,0.0
6575,0060987103,9.0
6575,0060987561,0.0
6575,0061009059,0.0
6575,0070212570,0.0
6575,0140244824,0.0
6575,0140254544,0.0
6575,014028009X,4.0
6575,0140293248,8.0
6575,014029628X,7.0
6575,0140298479,6.0
6575,0141000198,4.0
6575,0142001430,0.0
6575,0142001740,8.0
6575,015100692X,0.0
6575,0156007479,0.0
6575,0312144075,9.0
6575,0312150601,8.0
6575,0312195516,8.0
6575,0312243022,7.0
6575,0312265867,9.0
6575,0312278586,0.0
6575,0312282990,9.0
6575,0312966091,0.0
6575,0312966970,9.0
6575,0312971346,0.0
6575,0312976275,0.0
6575,0312980140,9.0
6575,0312980159,0.0
6575,0312983271,0.0
6575,031298328X,0.0
6575,0312983867,0.0
6575,0312986343,5.0
6575,0316569321,0.0
6575,0316601950,0.0
6575,0316666343,0.0
6575,0316776963,8.0
6575,0316777722,9.0
6575,0316779423,5.0
6575,0316781010,0.0
6575,0316781266,0.0
6575,0316782505,0.0
6575,034536676X,7.0
6575,0345370805,0.0
6575,0345391802,8.0
6575,0345404114,0.0
6575,0345413350,5.0
6575,0345416260,8.0
6575,0345433491,8.0
6575,0345435168,0.0
6575,0374129983,0.0
6575,0375412824,0.0
6575,0375502238,7.0
6575,0375700757,0.0
6575,0375702709,0.0
6575,0375703861,0.0
6575,0375705856,8.0
6575,0375706410,9.0
6575,0375706771,7.0
6575,0375707972,0.0
6575,0375725784,7.0
6575,0375727345,0.0
6575,0375760911,7.0
6575,0380002930,4.0
6575,0380726254,0.0
6575,0380730138,0.0
6575,0380789035,0.0
6575,0380977788,9.0
6575,0385265700,0.0
6575,0385323638,0.0
6575,0385335482,5.0
6575,038542017X,0.0
6575,0385484518,6.0
6575,0385490445,0.0
6575,0385504209,0.0
6575,0385720106,7.0
6575,038572179X,0.0
6575,0385722206,9.0
6575,0385722435,0.0
6575,0399146431,0.0
6575,042511774X,0.0
6575,042513699X,5.0
6575,0425169863,0.0
6575,043935806X,0.0
6575,0440212561,0.0
6575,0440213525,0.0
6575,0440214041,0.0
6575,044022103X,0.0
6575,0440222656,0.0
6575,0440226430,0.0
6575,0440235162,0.0
6575,0440236673,0.0
6575,0446394521,0.0
6575,0446516538,0.0
6575,044651862X,0.0
6575,0446603422,5.0
6575,0446604666,7.0
6575,0446606812,2.0
6575,0446612545,0.0
6575,0446670251,0.0
6575,0446672211,8.0
6575,0446675059,0.0
6575,0449005615,0.0
6575,0449223612,0.0
6575,0449907481,0.0
6575,0449911004,8.0
6575,0452277337,0.0
6575,0452282152,6.0
6575,0452282829,0.0
6575,0452283205,0.0
6575,0515127833,0.0
6575,0515130389,0.0
6575,0553268880,0.0
6575,0553275976,0.0
6575,0553279912,7.0
6575,0553569058,0.0
6575,0553569155,0.0
6575,0553582135,0.0
6575,0609804138,8.0
6575,0670030643,0.0
6575,0670869902,7.0
6575,0670880728,0.0
6575,0671001795,9.0
6575,0671003755,0.0
6575,0671510053,0.0
6575,0671743058,7.0
6575,0679429220,6.0
6575,0679457313,0.0
6575,0679457526,7.0
6575,0679731148,7.0
6575,0679734775,0.0
6575,0679736042,7.0
6575,0679745203,8.0
6575,0679746048,9.0
6575,0679751602,9.0
6575,067976402X,7.0
6575,0679772677,0.0
6575,0679781587,9.0
6575,0684810387,0.0
6575,068484267X,9.0
6575,068484477X,0.0
6575,0684867621,0.0
6575,0684874350,0.0
6575,0743227441,7.0
6575,0743237188,0.0
6575,0743418174,0.0
6575,0786866586,0.0
6575,0786881852,0.0
6575,080410526X,5.0
6575,0804106304,9.0
6575,080410753X,8.0
6575,080411109X,0.0
6575,0804111359,2.0
6575,0804115761,0.0
6575,080411868X,0.0
6575,080411918X,0.0
6575,0805063897,0.0
6575,140003065X,0.0
6575,1400031346,9.0
6575,1400031354,9.0
6575,1400031362,0.0
6575,1400034779,9.0
6575,1573225789,0.0
6575,1573229326,0.0
6575,1573229725,8.0
6611,0345369947,10.0
6611,0842329129,9.0
6611,0842329218,9.0
6772,0060173289,7.0
6772,0316780375,0.0
6772,0385306024,0.0
6772,0440206154,8.0
6772,0440236738,0.0
6772,0446604844,7.0
6772,0446605239,5.0
6772,0515127833,0.0
6772,0553279378,6.0
6772,0553295977,0.0
6772,0684872153,8.0
6772,0743436210,0.0
6772,0804105820,7.0
7105,0142001740,7.0
7105,0345424719,0.0
7105,0767902521,0.0
7105,0971880107,6.0
7125,0060096195,8.0
7125,0060930535,8.0
7125,0060976845,0.0
7125,0060987529,0.0
7125,014023313X,0.0
7125,014025448X,0.0
7125,0140293248,6.0
7125,0156027321,0.0
7125,0312974256,0.0
7125,0316776963,0.0
7125,0345424719,0.0
7125,0345447840,0.0
7125,0375727345,7.0
7125,0375760911,9.0
7125,038079487X,7.0
7125,0380820293,9.0
7125,0385323638,0.0
7125,044023722X,0.0
7125,0515126772,0.0
7125,0515130389,0.0
7125,0515131083,0.0
7125,0553582135,0.0
7125,0671003755,0.0
7125,0671028375,9.0
7125,0743418174,8.0
7125,0767907817,8.0
7125,0786868716,10.0
7125,0805063897,0.0
7125,0971880107,0.0
7125,140003065X,0.0
7125,1400031354,10.0
7125,1400031362,0.0
7125,1400034779,0.0
7158,0060915544,0.0
7158,0060976845,0.0
7158,0142000205,9.0
7158,0151008116,0.0
7158,0156005891,0.0
7158,0156006529,0.0
7158,0312305060,0.0
7158,031242227X,0.0
7158,0316096199,0.0
7158,0316168688,8.0
7158,0316666343,0.0
7158,0316780375,0.0
7158,0316781266,0.0
7158,0345378490,0.0
7158,0345391802,0.0
7158,0375502238,4.0
7158,0375506039,0.0
7158,0375703055,0.0
7158,0375707972,0.0
7158,0380730138,0.0
7158,0385306024,0.0
7158,0385511612,0.0
7158,0385721420,0.0
7158,0385730586,0.0
7158,0425107469,0.0
7158,042511774X,0.0
7158,0425121259,0.0
7158,042513525X,0.0
7158,0425153975,0.0
7158,0440200563,0.0
7158,0440211263,0.0
7158,0440226104,7.0
7158,0440235162,0.0
7158,0446520802,10.0
7158,0446527793,10.0
7158,0446531332,0.0
7158,0446605239,10.0
7158,0446605484,8.0
7158,0446608955,9.0
7158,0446609404,0.0
7158,0446610399,9.0
7158,0446611212,0.0
7158,0446612545,0.0
7158,0446672211,8.0
7158,0451170385,0.0
7158,0451180232,0.0
7158,0452282195,0.0
7158,0452282829,0.0
7158,0515127833,0.0
7158,0553582755,0.0
7158,0553801430,7.0
7158,067100042X,6.0
7158,0671003755,0.0
7158,0671004530,0.0
7158,0671004549,0.0
7158,0671038184,8.0
7158,0671510053,9.0
7158,0671867164,0.0
7158,0679433740,0.0
7158,0679439382,0.0
7158,0679746048,0.0
7158,0684867621,0.0
7158,0743206045,0.0
7158,0743211375,0.0
7158,0743224574,0.0
7158,0743411250,0.0
7158,0743418174,0.0
7158,074343627X,1.0
7158,0743439740,0.0
7158,0971880107,0.0
7158,155874262X,7.0
7210,0060938455,0.0
7210,0060987561,0.0
7210,0441172717,8.0
7210,0446364762,0.0
7210,0452264464,0.0
7210,0553279378,0.0
7210,0671617028,9.0
7210,0671683993,0.0
7283,0060934417,10.0
7283,0060987103,9.0
7283,014028009X,0.0
7283,0142001740,0.0
7283,0156027321,0.0
7283,0312195516,0.0
7283,0312278586,9.0
7283,0316666343,0.0
7283,0345380371,8.0
7283,0375707972,10.0
7283,0375725784,0.0
7283,0380717018,0.0
7283,0385335881,0.0
7283,0385504209,9.0
7283,0385722206,10.0
7283,044023722X,10.0
7283,055356451X,0.0
7283,0553571885,0.0
7283,0671003755,0.0
7283,0671004107,8.0
7283,0743418174,8.0
7283,0786868716,0.0
7286,0060915544,0.0
7286,0060928336,0.0
7286,014034294X,0.0
7286,0345342968,10.0
7286,034538475X,0.0
7286,0375504613,0.0
7286,0380600129,0.0
7286,0385722206,0.0
7286,039480001X,0.0
7286,0399501487,10.0
7286,044048474X,8.0
7286,0440940001,0.0
7286,0679781587,0.0
7286,068484267X,0.0
7286,089480829X,7.0
7286,0971880107,0.0
7346,0060085444,0.0
7346,0060096195,8.0
7346,006016848X,0.0
7346,0060928336,0.0
7346,0060930535,0.0
7346,0060934417,0.0
7346,0060964049,0.0
7346,0060977493,0.0
7346,0060987103,7.0
7346,0060987529,0.0
7346,0061009059,0.0
7346,006101351X,0.0
7346,0064400557,0.0
7346,0064407667,0.0
7346,0064472795,0.0
7346,0140119906,0.0
7346,014025448X,0.0
7346,0140254544,8.0
7346,0140293248,0.0
7346,014029628X,8.0
7346,014034294X,0.0
7346,014100018X,0.0
7346,0142002267,0.0
7346,0312150601,0.0
7346,0312265867,6.0
7346,0312274920,0.0
7346,0312282990,0.0
7346,0312291639,0.0
7346,0312924585,9.0
7346,0312966970,8.0
7346,0312976275,7.0
7346,0312980140,8.0
7346,0316096199,8.0
7346,0316666343,0.0
7346,0316678104,0.0
7346,0316769487,0.0
7346,0316782505,0.0
7346,0345334019,0.0
7346,0345337662,0.0
7346,0345348036,8.0
7346,0345361792,9.0
7346,0345370775,8.0
7346,0345380371,9.0
7346,0345387651,0.0
7346,0345391055,7.0
7346,034540761X,0.0
7346,0345417623,0.0
7346,0345438329,0.0
7346,0345445848,6.0
7346,0375504613,0.0
7346,0375700757,0.0
7346,0375705856,0.0
7346,0375706771,0.0
7346,0375726403,8.0
7346,0375727345,0.0
7346,0380001411,8.0
7346,0380710722,8.0
7346,0380714752,0.0
7346,0380789035,0.0
7346,0380977788,9.0
7346,0385335482,0.0
7346,0385335881,8.0
7346,038542017X,0.0
7346,0385474016,0.0
7346,0385479565,8.0
7346,0385492081,0.0
7346,0385505833,0.0
7346,0385508042,0.0
7346,0385730586,7.0
7346,0394820371,0.0
7346,0425118703,0.0
7346,0425119653,0.0
7346,0425122123,0.0
7346,0425147622,8.0
7346,0425154092,8.0
7346,0425175405,0.0
7346,0425182878,0.0
7346,0425184226,0.0
7346,0439136369,0.0
7346,043936213X,9.0
7346,0440202043,0.0
7346,0440214041,0.0
7346,0440218535,0.0
7346,0440219078,0.0
7346,044022103X,0.0
7346,0440221471,9.0
7346,044022165X,0.0
7346,0440222656,0.0
7346,0440224594,0.0
7346,0440225701,10.0
7346,0440234743,9.0
7346,0440235596,0.0
7346,0440236673,8.0
7346,0440236703,0.0
7346,0440241073,8.0
7346,044048474X,7.0
7346,0440940001,9.0
7346,0440998050,0.0
7346,0446310786,0.0
7346,0446359866,7.0
7346,0446364193,0.0
7346,0446365386,8.0
7346,0446601241,0.0
7346,0446604275,0.0
7346,0446605239,0.0
7346,0446605484,0.0
7346,0446608815,0.0
7346,0446611212,0.0
7346,0446672211,0.0
7346,0449003787,8.0
7346,0449212084,0.0
7346,0449219364,8.0
7346,0449219461,7.0
7346,0449223345,0.0
7346,0449223612,0.0
7346,0451153553,0.0
7346,0451188454,8.0
7346,0451202503,8.0
7346,0515087122,8.0
7346,0515131229,0.0
7346,051513287X,0.0
7346,0553250426,0.0
7346,0553268880,0.0
7346,0553273914,0.0
7346,0553275976,0.0
7346,0553284789,6.0
7346,0553560247,8.0
7346,059030271X,10.0
7346,0590353403,10.0
7346,059045367X,0.0
7346,0609804138,7.0
7346,0670869902,0.0
7346,0670880728,0.0
7346,0670892963,7.0
7346,0671001795,8.0
7346,0671004530,0.0
7346,0671041789,0.0
7346,0671042262,0.0
7346,0671042572,0.0
7346,0671443283,0.0
7346,0671510053,0.0
7346,0671537458,0.0
7346,0671617028,8.0
7346,0671701231,7.0
7346,0671867172,9.0
7346,0671880187,7.0
7346,0679736042,0.0
7346,067976402X,0.0
7346,0679772677,0.0
7346,0684810387,0.0
7346,068484477X,0.0
7346,0684872153,7.0
7346,0743224574,0.0
7346,0743227441,9.0
7346,0743418174,0.0
7346,0743418204,0.0
7346,0743436210,0.0
7346,0767900383,0.0
7346,0786868716,7.0
7346,0786885688,0.0
7346,0802139256,8.0
7346,0804105820,0.0
7346,0804106304,9.0
7346,080410753X,8.0
7346,0804114986,0.0
7346,0805063897,0.0
7346,0842329218,0.0
7346,0842329242,0.0
7346,0842329250,0.0
7346,1558531025,9.0
7346,155874262X,7.0
7346,1558743316,7.0
7346,1558743669,0.0
7346,1558745157,0.0
7346,1559029838,8.0
7346,1573225789,0.0
7346,1573229725,0.0
7569,0060916508,7.0
7569,006101351X,0.0
7569,0345387651,0.0
7569,0380718340,0.0
7569,0440222656,0.0
7569,0440235596,0.0
7569,0446364762,0.0
7569,0446608890,0.0
7569,0449003787,0.0
7569,0515130389,8.0
7569,0515132187,5.0
7569,0671673688,0.0
7569,0671701231,0.0
7887,0312924585,0.0
7887,0345370775,0.0
7887,0385479565,0.0
7887,0440214041,0.0
7887,0449134482,0.0
7887,0451156609,0.0
7887,0451170385,10.0
7887,0451188462,0.0
7887,0452281903,10.0
7887,0684872153,10.0
7887,1558743669,10.0
7887,1558745157,10.0
7915,006016848X,0.0
7915,0060928336,0.0
7915,0060934417,0.0
7915,0060987529,0.0
7915,0061009059,8.0
7915,0061097101,0.0
7915,0061098361,0.0
7915,0070212570,0.0
7915,014023313X,0.0
7915,014025448X,0.0
7915,0140254544,0.0
7915,0140257934,0.0
7915,0140270590,0.0
7915,015100692X,5.0
7915,0312195516,10.0
7915,0312291639,0.0
7915,0312966091,8.0
7915,0312966970,0.0
7915,0312971346,0.0
7915,0312976275,10.0
7915,0312979886,0.0
7915,0312980140,10.0
7915,0312983867,0.0
7915,0312986343,0.0
7915,0316781142,0.0
7915,0375502238,0.0
7915,0375706771,8.0
7915,0385486804,0.0
7915,0385504209,10.0
7915,0385511612,0.0
7915,042511774X,8.0
7915,0425162443,0.0
7915,0425163407,0.0
7915,0440212561,9.0
7915,0440215625,10.0
7915,044022103X,7.0
7915,0440224624,0.0
7915,0440226430,7.0
7915,0440514428,0.0
7915,0446605239,0.0
7915,0446612545,0.0
7915,0446672211,0.0
7915,0451202341,0.0
7915,0452277337,0.0
7915,0452282152,9.0
7915,051512219X,0.0
7915,0553272535,8.0
7915,0553571885,0.0
7915,0553578308,0.0
7915,0609804138,3.0
7915,0671001795,0.0
7915,0671003755,0.0
7915,0671525743,0.0
7915,0671727583,0.0
7915,0671793489,0.0
7915,0671867164,0.0
7915,0671867172,0.0
7915,0679745203,5.0
7915,067976402X,0.0
7915,0679781587,0.0
7915,0684872153,0.0
7915,0743237188,0.0
7915,0786868716,10.0
7915,0804114986,0.0
7915,080411868X,0.0
7958,0140067477,0.0
7958,014100018X,9.0
7958,0345342968,0.0
7958,0345378490,0.0
7958,0375504613,9.0
7958,0385722206,0.0
7958,0385730586,8.0
7958,043935806X,0.0
7958,0553250426,0.0
7958,0684801523,8.0
7958,0804106304,10.0
7958,080410753X,9.0
7958,080411109X,9.0
7958,0804114986,10.0
8019,002542730X,9.0
8019,0140119906,0.0
8019,0345378490,0.0
8019,0440178002,9.0
8019,0440220602,7.0
8019,0440222656,0.0
8019,044651862X,0.0
8019,0451166892,0.0
8019,0553250426,9.0
8019,0553260111,0.0
8019,0553263226,6.0
8019,0679746048,0.0
8066,0060502258,9.0
8066,014100018X,8.0
8066,0142001740,10.0
8066,0156027321,9.0
8066,0312243022,9.0
8066,0345370805,0.0
8066,0375501371,9.0
8066,0385265700,0.0
8066,038548951X,8.0
8066,0385504209,0.0
8066,0440220602,0.0
8066,0440235162,0.0
8066,044023722X,7.0
8066,044661064X,0.0
8066,0446672211,7.0
8066,0452282152,0.0
8066,0671880314,8.0
8066,0679731148,0.0
8066,0679734775,7.0
8066,0679736042,0.0
8066,0743412028,0.0
8066,0743418174,8.0
8066,0767900383,8.0
8066,0767905385,7.0
8066,0871136791,7.0
8066,1400031354,0.0
8066,1400031362,0.0
8066,1400034779,0.0
8066,1573225789,0.0
8067,0060085444,0.0
8067,0060096195,10.0
8067,0061009059,10.0
8067,014028009X,5.0
8067,0140293248,0.0
8067,0142002267,0.0
8067,0312306326,7.0
8067,0312966091,0.0
8067,0312966970,10.0
8067,0312971346,10.0
8067,0312976275,0.0
8067,0312979886,9.0
8067,0312980140,10.0
8067,0312980159,10.0
8067,0312983271,10.0
8067,031298328X,10.0
8067,0375760911,10.0
8067,0380820293,0.0
8067,0385335830,9.0
8067,0385502532,0.0
8067,042513699X,0.0
8067,042518630X,2.0
8067,0446606812,8.0
8067,0446610542,9.0
8067,0449134482,0.0
8067,0515130389,0.0
8067,0553275976,0.0
8067,0553578308,0.0
8067,0553582658,0.0
8067,0671001795,10.0
8067,0679751602,0.0
8167,0345348036,7.0
8167,042511774X,0.0
8167,0671683993,0.0
8245,0060199652,6.0
8245,0060915544,0.0
8245,0061091790,9.0
8245,0061098361,0.0
8245,014023313X,0.0
8245,0140244824,0.0
8245,0142001430,9.0
8245,0156006529,7.0
8245,0156027321,9.0
8245,0312195516,9.0
8245,0312974256,8.0
8245,0312976275,0.0
8245,0316777722,8.0
8245,0316969443,7.0
8245,0345416260,8.0
8245,0345433491,0.0
8245,0373484003,0.0
8245,037570504X,0.0
8245,0375727345,0.0
8245,0380730138,0.0
8245,0380820293,0.0
8245,0385492081,0.0
8245,0385720106,0.0
8245,0385722206,7.0
8245,042513699X,7.0
8245,0425152251,0.0
8245,0425162443,0.0
8245,0425184226,0.0
8245,0439064872,8.0
8245,0440122090,9.0
8245,044021145X,9.0
8245,0440213029,0.0
8245,0440215625,7.0
8245,0440222656,0.0
8245,0440224764,8.0
8245,0446603716,8.0
8245,0446606324,9.0
8245,0446610542,0.0
8245,0452282152,10.0
8245,0452282829,6.0
8245,0452284449,9.0
8245,0515131229,8.0
8245,0515132020,0.0
8245,0553268880,9.0
8245,0553275976,0.0
8245,0609804138,9.0
8245,067102423X,0.0
8245,0671038184,8.0
8245,0671693816,0.0
8245,0671708635,8.0
8245,0679772677,0.0
8245,068484477X,0.0
8245,0684874350,8.0
8245,0688170528,8.0
8245,0786868716,0.0
8245,080410946X,0.0
8245,080411918X,0.0
8245,140003065X,9.0
8253,0060391626,9.0
8253,0060915544,9.0
8253,0060922532,0.0
8253,0060928336,10.0
8253,0060930535,10.0
8253,0060977493,8.0
8253,0064407667,0.0
8253,014023313X,10.0
8253,014029628X,0.0
8253,0312150601,0.0
8253,0312195516,0.0
8253,0312243022,0.0
8253,0312278586,0.0
8253,0312282990,0.0
8253,0316569321,10.0
8253,0316601950,9.0
8253,0316666343,10.0
8253,0345351525,0.0
8253,034536676X,10.0
8253,0345416260,0.0
8253,0345424719,0.0
8253,0345436911,8.0
8253,0375703055,0.0
8253,0375703861,8.0
8253,0375706771,0.0
8253,0375726403,7.0
8253,0380977788,10.0
8253,0385490445,8.0
8253,0385502532,0.0
8253,0385504209,0.0
8253,038572179X,10.0
8253,0425122123,0.0
8253,0425143325,0.0
8253,0425147363,0.0
8253,0425147584,0.0
8253,0425152251,10.0
8253,0425158632,0.0
8253,0425162443,0.0
8253,0440211263,0.0
8253,044021145X,9.0
8253,0441003257,0.0
8253,0441172717,9.0
8253,0446310786,10.0
8253,0446363251,0.0
8253,0446520802,10.0
8253,0446531332,10.0
8253,0446610038,0.0
8253,0446610100,0.0
8253,0449003795,0.0
8253,0449212602,10.0
8253,0452282829,0.0
8253,0553250426,0.0
8253,0553279912,0.0
8253,0553280341,0.0
8253,0553280368,0.0
8253,0590353403,8.0
8253,0671021001,10.0
8253,0671701231,5.0
8253,0671867113,10.0
8253,067976402X,10.0
8253,0679781587,10.0
8253,068484477X,0.0
8253,0688177751,0.0
8253,0743237188,0.0
8253,0743418174,0.0
8253,0804106304,0.0
8253,080411109X,9.0
8253,0804111359,0.0
8284,0312983271,0.0
8284,031298328X,10.0
8284,0312983867,0.0
8284,0425121631,0.0
8284,0425163407,0.0
8284,0440224764,0.0
8284,0446601241,0.0
8284,0446607657,0.0
8284,0451167317,0.0
8284,0553263226,0.0
8284,055356160X,0.0
8284,0553561618,0.0
8284,0553571818,10.0
8284,1551666839,0.0
8362,0060173289,8.0
8362,0060922532,0.0
8362,0140067477,0.0
8362,0140244824,0.0
8362,0142001740,0.0
8362,0151008116,0.0
8362,0312278586,0.0
8362,0316601950,0.0
8362,0316969443,0.0
8362,0345387651,0.0
8362,0345391802,0.0
8362,0375703063,8.0
8362,038542471X,0.0
8362,0385497466,0.0
8362,0425116840,0.0
8362,042518109X,0.0
8362,0439136369,0.0
8362,0440200989,0.0
8362,044021145X,0.0
8362,0440211727,0.0
8362,0440220602,0.0
8362,0440224624,9.0
8362,0440226104,0.0
8362,0440235596,0.0
8362,0446310786,0.0
8362,0446359866,0.0
8362,0446364193,0.0
8362,0446609404,0.0
8362,0446611212,0.0
8362,0452260116,0.0
8362,0452264464,0.0
8362,0452282829,8.0
8362,0553273914,0.0
8362,067088300X,0.0
8362,0671003755,0.0
8362,0671793489,7.0
8362,0679433740,0.0
8362,0679745203,0.0
8362,080410753X,9.0
8362,080410946X,0.0
8454,0060977493,8.0
8454,0060987103,10.0
8454,0060987529,9.0
8454,0060987561,6.0
8454,0140293248,7.0
8454,0140298479,8.0
8454,0142000205,7.0
8454,0142001740,9.0
8454,0142001805,8.0
8454,0156005891,8.0
8454,0156007479,10.0
8454,0156027321,9.0
8454,0316569321,6.0
8454,0316601950,9.0
8454,0316777722,0.0
8454,0316780375,8.0
8454,0316781266,8.0
8454,0374199698,0.0
8454,0375412824,6.0
8454,0375703861,7.0
8454,0375707972,0.0
8454,038548951X,0.0
8454,0385720106,6.0
8454,038572179X,8.0
8454,0425167313,0.0
8454,0679731148,10.0
8454,0679736042,8.0
8454,0679781587,10.0
8454,0743418174,8.0
8454,0767905180,8.0
8454,0805063897,9.0
8454,0871136791,0.0
8487,0061097101,0.0
8487,0345334019,0.0
8487,0345378490,0.0
8487,0345386108,0.0
8487,034540761X,0.0
8487,0375703055,0.0
8487,0375703063,0.0
8487,0380730138,0.0
8487,0385306024,0.0
8487,0385497466,0.0
8487,0425107469,0.0
8487,0425121259,0.0
8487,0425124347,0.0
8487,0425130711,0.0
8487,042513525X,0.0
8487,0425144429,0.0
8487,0425153975,0.0
8487,0440213525,0.0
8487,0440218535,0.0
8487,0440241073,7.0
8487,0446360589,0.0
8487,0446525502,0.0
8487,0446610100,0.0
8487,0446672211,0.0
8487,0515132187,8.0
8487,0553569910,0.0
8487,0553571818,0.0
8487,055357230X,0.0
8487,0553572326,0.0
8487,0553578022,0.0
8487,0553579754,0.0
8487,0553580191,0.0
8487,0553580221,0.0
8487,0671021001,0.0
8487,0671038184,0.0
8487,0679457526,0.0
8487,067976402X,0.0
8487,1558531025,10.0
8529,0060977493,0.0
8529,0140293248,6.0
8529,0345313860,0.0
8529,038542017X,0.0
8529,0385504209,0.0
8529,0439064864,10.0
8529,0679429220,9.0
8529,0971880107,0.0
8681,0060928336,0.0
8681,0060958022,0.0
8681,0060987103,0.0
8681,014028009X,0.0
8681,0142001740,9.0
8681,0156027321,0.0
8681,0312150601,9.0
8681,0312195516,8.0
8681,0316666343,0.0
8681,0316693006,0.0
8681,0345350499,7.0
8681,0375707972,0.0
8681,0375727345,0.0
8681,0380789019,0.0
8681,0385490445,10.0
8681,0385502532,0.0
8681,038572179X,0.0
8681,0399146431,0.0
8681,0425152251,0.0
8681,0425158616,0.0
8681,0439064864,0.0
8681,0439136350,0.0
8681,0439139597,0.0
8681,0440224675,0.0
8681,0452282152,0.0
8681,0525947647,10.0
8681,0553561618,0.0
8681,0553569058,8.0
8681,0553572997,7.0
8681,0590353403,8.0
8681,0618002219,8.0
8681,0671027360,0.0
8681,0679745203,8.0
8681,080411109X,0.0
8681,0971880107,0.0
8734,0312195516,9.0
8734,0316678104,8.0
8734,0380018179,0.0
8734,0385504209,9.0
8734,0449212602,9.0
8734,0452282195,7.0
8734,0553234811,0.0
8734,059045367X,0.0
8734,0767905385,7.0
8734,0871136791,0.0
8734,0894805770,7.0
8734,089480829X,8.0
8782,0060392452,0.0
8782,0060938455,0.0
8782,0312306326,9.0
8782,0312983271,0.0
8782,0312986343,9.0
8782,0345417623,0.0
8782,0385484518,0.0
8782,0385492081,0.0
8782,0385505833,0.0
8782,044022165X,0.0
8782,0446601640,0.0
8782,0451188462,0.0
8782,0515132187,0.0
8782,0553571885,0.0
8782,0786868716,9.0
8782,0786881852,7.0
8782,0804115761,0.0
8782,0805063897,0.0
8782,1592400876,0.0
8839,0345348036,10.0
8839,039480001X,0.0
8839,0439136369,0.0
8936,0070212570,0.0
8936,0345384466,0.0
8936,0345435168,0.0
8936,0380717018,7.0
8936,0380718332,9.0
8936,0380718340,9.0
8936,0380730847,0.0
8936,039914613X,0.0
8936,0399146253,0.0
8936,042510687X,0.0
8936,0425107469,0.0
8936,0425142485,0.0
8936,0425147622,9.0
8936,0425154092,0.0
8936,0425158616,0.0
8936,0425163385,0.0
8936,0425163407,0.0
8936,0425174271,0.0
8936,0425175405,0.0
8936,0425180638,0.0
8936,0425182878,0.0
8936,0425182908,0.0
8936,0440200563,0.0
8936,044021145X,0.0
8936,0446359866,0.0
8936,0446609404,0.0
8936,0446610038,0.0
8936,0449003787,0.0
8936,0449219364,0.0
8936,0449221504,0.0
8936,0451137965,0.0
8936,0451153553,0.0
8936,0451160525,0.0
8936,0451169522,0.0
8936,0451170385,0.0
8936,0451177096,0.0
8936,0451188462,9.0
8936,0452262143,0.0
8936,0515087122,7.0
8936,0515087947,0.0
8936,0515095826,0.0
8936,0515102652,0.0
8936,0515113328,0.0
8936,055329170X,0.0
8936,0553572326,0.0
8936,067102423X,0.0
8936,0671041789,0.0
8936,0671537458,0.0
8936,067164257X,0.0
8936,0679746048,0.0
8936,0684867621,0.0
8936,0743211375,0.0
8936,0743235150,0.0
8971,0671004107,0.0
9029,0345354621,0.0
9141,0060915544,0.0
9141,0060928336,0.0
9141,0312195516,0.0
9141,0312243022,9.0
9141,0316780375,0.0
9141,0345413903,0.0
9141,0345433491,0.0
9141,0385482388,0.0
9141,0446531332,0.0
9141,1400031362,0.0
9177,0345391055,8.0
9177,0446364193,7.0
9177,0552137030,9.0
9227,0316666343,0.0
9227,0345350499,0.0
9227,0345417623,7.0
9227,0440236673,9.0
9227,059035342X,0.0
9227,0671004107,0.0
9381,0060958022,6.0
9381,0345361792,0.0
9381,0375700757,0.0
9381,0375707972,0.0
9381,038549081X,0.0
9381,0446310786,0.0
9381,0786867647,9.0
9381,0971880107,0.0
9417,0060987529,0.0
9417,0375700757,0.0
9417,0380977788,10.0
9417,0425109720,0.0
9417,0425121259,0.0
9417,0425122123,0.0
9417,0425144429,0.0
9417,0425147363,0.0
9417,0425158632,0.0
9417,0440200563,5.0
9417,044021145X,0.0
9417,0440213525,0.0
9417,0440214041,0.0
9417,0446310786,7.0
9417,0446359866,0.0
9417,0446610038,7.0
9417,0553289411,0.0
9417,055356160X,0.0
9417,0553569910,0.0
9417,0553572997,0.0
9417,0553578022,0.0
9417,0553579754,0.0
9417,0553581554,0.0
9417,0671443283,5.0
9417,0671670689,5.0
9417,0671695169,5.0
9417,0671743058,0.0
9417,0743436210,0.0
9571,044022165X,0.0
9571,0971880107,0.0
9613,0316182540,0.0
9613,0345423402,0.0
9613,0439064872,0.0
9613,0439136350,7.0
9613,0439139597,0.0
9613,0441000916,7.0
9613,0441304834,7.0
9613,059035342X,0.0
9613,0671002481,0.0
9613,0743436210,0.0
9747,0060976845,0.0
9747,0140293248,0.0
9747,0312195516,0.0
9747,0312278586,8.0
9747,0312974256,0.0
9747,0316899984,0.0
9747,0345313860,0.0
9747,0345337662,0.0
9747,0345351525,0.0
9747,0345384466,0.0
9747,0345391802,0.0
9747,0375500510,0.0
9747,0375727345,0.0
9747,0380820889,0.0
9747,0385484518,0.0
9747,042518109X,0.0
9747,0439064872,0.0
9747,0440206154,0.0
9747,044022103X,0.0
9747,044022165X,0.0
9747,0440224624,0.0
9747,0440234743,0.0
9747,0441003257,0.0
9747,0446527165,0.0
9747,0446531332,10.0
9747,0446608815,0.0
9747,0446608955,10.0
9747,0446611808,0.0
9747,0515124214,0.0
9747,0515128546,0.0
9747,0515131229,10.0
9747,051513287X,0.0
9747,0553279912,10.0
9747,0553280368,0.0
9747,0553571818,0.0
9747,059035342X,10.0
9747,0671038184,0.0
9747,0671042262,0.0
9747,0671617028,0.0
9747,0671727583,0.0
9747,068484267X,0.0
9747,068484477X,0.0
9747,0743412028,0.0
9747,0804106304,0.0
9747,080410753X,0.0
9747,1559029838,0.0
9856,0316666343,0.0
9856,0345313860,0.0
9856,0345337662,0.0
9856,0345351525,0.0
9856,0345353145,6.0
9856,0345361792,10.0
9856,0345369947,0.0
9856,0345370775,0.0
9856,0345378490,0.0
9856,0345384350,5.0
9856,0345422317,0.0
9856,038542017X,0.0
9856,0399501487,0.0
9856,042510687X,0.0
9856,0425115801,7.0
9856,0425119653,5.0
9856,0425121259,0.0
9856,0425182878,0.0
9856,0439064872,0.0
9856,0439136369,10.0
9856,0440211727,0.0
9856,0440213525,0.0
9856,0440214041,0.0
9856,0440219078,0.0
9856,0440221471,0.0
9856,044022165X,0.0
9856,0440224764,7.0
9856,0440225701,0.0
9856,0440234743,0.0
9856,044023722X,0.0
9856,0440241073,0.0
9856,0446670251,0.0
9856,0446672211,0.0
9856,055321313X,0.0
9856,0553580191,0.0
9856,0553580221,0.0
9856,0553582755,9.0
9856,059035342X,0.0
9856,0671042262,0.0
9856,0679751602,6.0
9856,0679781587,10.0
9856,0805019375,0.0
9856,1559029838,8.0
9908,006016848X,0.0
9908,0061009059,0.0
9908,0425173631,0.0
9908,0425184226,0.0
9908,0439136369,10.0
9908,0439139600,10.0
9908,043935806X,7.0
9908,0446607193,0.0
9908,0446610038,0.0
9908,0446613266,0.0
9908,0451524934,6.0
9908,059035342X,10.0
9908,0842329218,9.0
9908,0842329285,10.0
9908,0971880107,0.0
10030,002542730X,7.0
10030,0312195516,0.0
10030,0345370775,0.0
10030,0345386108,0.0
10030,044021145X,0.0
10030,0440211727,0.0
10030,0440213525,0.0
10030,0440214041,0.0
10030,0449134482,0.0
10030,0515113328,8.0
10030,059035342X,0.0
10030,0671004530,0.0
10030,0671004549,10.0
10030,0671004573,10.0
10030,0671701231,10.0
10030,0671758896,0.0
10030,0671867172,10.0
10030,0671888587,0.0
10030,080410526X,0.0
10030,155874262X,10.0
10067,0553271636,0.0
10067,0553576801,0.0
10067,067976402X,0.0
10067,0749397543,5.0
10118,0316969443,0.0
10118,0385484518,10.0
10118,0446310786,0.0
10118,0449005615,0.0
10118,0671027360,10.0
10118,0786868716,10.0
10118,0971880107,0.0
10314,006019491X,0.0
10314,0060916508,0.0
10314,0060934417,0.0
10314,0060976845,9.0
10314,0061009059,0.0
10314,014023313X,5.0
10314,0140244824,0.0
10314,0142000205,6.0
10314,0142001740,0.0
10314,0156005891,0.0
10314,0156007479,8.0
10314,0312195516,9.0
10314,0316601950,8.0
10314,0316776963,7.0
10314,0316781010,7.0
10314,0375502238,0.0
10314,0375700757,6.0
10314,0375702709,7.0
10314,0375703063,0.0
10314,0375703861,0.0
10314,037570504X,0.0
10314,0375706771,0.0
10314,0380730138,5.0
10314,0385265700,6.0
10314,0385505833,0.0
10314,038572179X,7.0
10314,042513699X,0.0
10314,0425167313,0.0
10314,0439404371,0.0
10314,0440226104,0.0
10314,0440235596,0.0
10314,0446310786,9.0
10314,0446608955,0.0
10314,0446610038,0.0
10314,0446675059,0.0
10314,0452282195,0.0
10314,0553572997,8.0
10314,0553581554,0.0
10314,068484477X,7.0
10314,0688177751,0.0
10314,0743227441,9.0
10314,0743418174,9.0
10314,0786867647,9.0
10314,0786868716,0.0
10314,155874262X,0.0
10314,1558744150,6.0
10314,1573225789,8.0
10314,1573229326,7.0
10354,0064400557,10.0
10354,0345337662,0.0
10354,0345339703,0.0
10354,0345339711,0.0
10354,0345339738,0.0
10354,0375702709,0.0
10354,0394820371,8.0
10354,0451160525,0.0
10354,0451169522,9.0
10354,0451184963,7.0
10354,0553579606,0.0
10354,067102423X,0.0
10447,0060915544,9.0
10447,0060916508,7.0
10447,0060928336,9.0
10447,0060934417,0.0
10447,0060976845,8.0
10447,0060987529,9.0
10447,006101351X,0.0
10447,0140244824,0.0
10447,014025448X,9.0
10447,0140254544,9.0
10447,0140298479,0.0
10447,0156027321,0.0
10447,0156628708,0.0
10447,0312305060,0.0
10447,0312976275,0.0
10447,0316284955,0.0
10447,0316780375,0.0
10447,0316781266,0.0
10447,0316789089,3.0
10447,0316899984,0.0
10447,034536676X,0.0
10447,0345427637,0.0
10447,0345433491,0.0
10447,0345465083,10.0
10447,0375500510,0.0
10447,0375700757,9.0
10447,0375703055,6.0
10447,037570504X,0.0
10447,0375706771,0.0
10447,0375726403,0.0
10447,0375727345,0.0
10447,0380730138,0.0
10447,038079487X,7.0
10447,0385335881,0.0
10447,0385504209,0.0
10447,0385505833,7.0
10447,038572179X,0.0
10447,0385722206,0.0
10447,0425162443,0.0
10447,0425167313,0.0
10447,0425175405,0.0
10447,0440220602,0.0
10447,0440224594,0.0
10447,044023722X,0.0
10447,0441003257,0.0
10447,0446611867,0.0
10447,0446675059,0.0
10447,0449003787,0.0
10447,0449003795,0.0
10447,0449212602,9.0
10447,0449219364,0.0
10447,0451202503,0.0
10447,0451203895,5.0
10447,0452282152,7.0
10447,0452284449,9.0
10447,0553284789,0.0
10447,0553572997,0.0
10447,0553573136,0.0
10447,0671041789,7.0
10447,0671510053,0.0
10447,0679746048,0.0
10447,067976402X,0.0
10447,068484477X,9.0
10447,0743237188,3.0
10447,0743412028,4.0
10447,0749397543,0.0
10447,0786868716,7.0
10447,1400034779,0.0
10447,155874262X,6.0
10560,0312195516,9.0
10560,0316666343,8.0
10560,0345384466,8.0
10560,0345423402,9.0
10560,0375760911,10.0
10560,038548951X,9.0
10560,0385504209,10.0
10560,0439064872,10.0
10560,0439136369,10.0
10560,0439139600,9.0
10560,043935806X,10.0
10560,0452284449,8.0
10560,0515133876,10.0
10560,059035342X,10.0
10560,0671027360,8.0
10560,0743418174,8.0
10560,0767905385,8.0
10590,0375707972,0.0
10590,0446364762,0.0
10590,0553296981,10.0
10590,0671021001,0.0
10590,067976402X,0.0
10590,0971880107,0.0
10819,0060916508,0.0
10819,0060938455,0.0
10819,0140293248,0.0
10819,0156027321,0.0
10819,0156628708,0.0
10819,0380710722,0.0
10819,0440498058,9.0
10819,0449212602,0.0
10819,0451180232,0.0
10819,055321313X,0.0
10819,0553272535,0.0
10819,0553279378,0.0
10819,0553296981,0.0
10819,0671003755,0.0
10819,0671004107,0.0
10819,0805063897,0.0
10819,0971880107,0.0
10819,1558531025,7.0
11120,0151008116,0.0
11120,0345380371,0.0
11120,0345402871,0.0
11120,0440226104,0.0
11120,0446612790,0.0
11120,0671024248,0.0
11120,0671880187,8.0
11120,0679781587,0.0
11120,0971880107,0.0
11224,0061000043,5.0
11224,0061009059,7.0
11224,0316666343,9.0
11224,0316781142,5.0
11224,0345348036,0.0
11224,037570504X,0.0
11224,038542471X,7.0
11224,0385424728,7.0
11224,038550120X,0.0
11224,0385504209,9.0
11224,0399146431,0.0
11224,0425169863,5.0
11224,0440220602,7.0
11224,0440224764,7.0
11224,0440225701,0.0
11224,0440234743,6.0
11224,0446610100,0.0
11224,0452260116,2.0
11224,0670880728,0.0
11224,067088300X,6.0
11224,0670892963,8.0
11224,0671001795,0.0
11224,0971880107,1.0
11224,155874262X,8.0
11224,1558743316,0.0
11245,034541389X,0.0
11245,0345413903,6.0
11245,0380718340,0.0
11245,0380730847,0.0
11245,0425122123,8.0
11245,0425175405,0.0
11245,0425180964,9.0
11245,0440183057,0.0
11245,0440200989,8.0
11245,0440236673,7.0
11245,044023722X,0.0
11245,0440241073,0.0
11245,0440241537,9.0
11245,0446611212,7.0
11245,0446667900,6.0
11245,0451186923,0.0
11245,0671004530,8.0
11245,0671004549,9.0
11245,0671004573,8.0
11245,0671673688,8.0
11245,0671701231,8.0
11245,0671758896,8.0
11245,0671867113,10.0
11245,0671867156,8.0
11245,0671888587,0.0
11245,0743227441,0.0
11245,0971880107,0.0
11400,0060958022,10.0
11400,0151008116,6.0
11400,0312195516,7.0
11400,0312274920,0.0
11400,0312305060,0.0
11400,0316789089,7.0
11400,0345445848,0.0
11400,0375506039,8.0
11400,0375727345,0.0
11400,0425116840,0.0
11400,0440211727,0.0
11400,0440222656,6.0
11400,0446364193,0.0
11400,0446606324,8.0
11400,0553582658,0.0
11400,0671021001,0.0
11400,0743418174,8.0
11400,0786868716,9.0
11601,0060915544,10.0
11601,0060921145,0.0
11601,0060938455,10.0
11601,0060964049,0.0
11601,0061097314,0.0
11601,0140119906,0.0
11601,014023313X,0.0
11601,014025448X,0.0
11601,0312243022,0.0
11601,0312278586,0.0
11601,0312924585,0.0
11601,0312966091,0.0
11601,0312974256,0.0
11601,0316569321,0.0
11601,0316601950,0.0
11601,0316678104,0.0
11601,0316693200,0.0
11601,0316769487,0.0
11601,0316777722,4.0
11601,0316782505,0.0
11601,0316899984,0.0
11601,0316969680,0.0
11601,0345337662,0.0
11601,0345380371,0.0
11601,0345391802,0.0
11601,0345404769,0.0
11601,034541389X,0.0
11601,0345422317,0.0
11601,0345435168,0.0
11601,0373218400,0.0
11601,0375412530,0.0
11601,0375703055,0.0
11601,0375703063,10.0
11601,0375725784,0.0
11601,0380002930,0.0
11601,0380714752,0.0
11601,0380718332,0.0
11601,0380718340,0.0
11601,0380726254,0.0
11601,0380820889,0.0
11601,038542017X,0.0
11601,038542471X,0.0
11601,0385484518,0.0
11601,0385492081,0.0
11601,0385720955,0.0
11601,039914613X,0.0
11601,0425116840,0.0
11601,0425124347,0.0
11601,0425143325,0.0
11601,0425162443,0.0
11601,0425173631,0.0
11601,0425174271,0.0
11601,0425180964,0.0
11601,0439064872,0.0
11601,0440183057,0.0
11601,0440200989,0.0
11601,0440213525,0.0
11601,0440214041,0.0
11601,0440222656,0.0
11601,0440224675,0.0
11601,0440226104,0.0
11601,0440236703,0.0
11601,0440498058,0.0
11601,0446310786,10.0
11601,0446363251,0.0
11601,044651862X,0.0
11601,0446601241,0.0
11601,0446608890,0.0
11601,0446608955,0.0
11601,0446610399,0.0
11601,044661064X,0.0
11601,0446611212,0.0
11601,0449003787,0.0
11601,0449212602,0.0
11601,0449219364,0.0
11601,0449219461,0.0
11601,0449221512,0.0
11601,0449907481,0.0
11601,0449911004,0.0
11601,0452260116,0.0
11601,0452277337,0.0
11601,0452282195,0.0
11601,0452282829,0.0
11601,0515128546,0.0
11601,0515131229,0.0
11601,0515132020,0.0
11601,0553260111,0.0
11601,0553271636,0.0
11601,0553273914,0.0
11601,0553279556,0.0
11601,0553279912,0.0
11601,0553280341,0.0
11601,0553282476,0.0
11601,0553284789,0.0
11601,055329170X,0.0
11601,0553564528,0.0
11601,0553571885,0.0
11601,0553572997,0.0
11601,0553574574,0.0
11601,0553579606,0.0
11601,0553583441,0.0
11601,0670869902,0.0
11601,0671001795,0.0
11601,0671002481,0.0
11601,0671014196,0.0
11601,0671021001,0.0
11601,0671024248,0.0
11601,0671537458,0.0
11601,0671673688,0.0
11601,0671683993,0.0
11601,0671708635,0.0
11601,0671743058,0.0
11601,0671867172,0.0
11601,0671888587,9.0
11601,0679429220,0.0
11601,067976402X,0.0
11601,0684810387,8.0
11601,068484477X,0.0
11601,0684848783,0.0
11601,0684872153,0.0
11601,0684874350,0.0
11601,0743237188,0.0
11601,080410526X,0.0
11601,080410753X,0.0
11601,0804108749,0.0
11601,080411109X,0.0
11601,0812550706,0.0
11601,0871136791,0.0
11601,155874262X,0.0
11601,1558743669,0.0
11601,1573225789,10.0
11601,1592400876,0.0
11629,0345348109,4.0
11629,038542017X,7.0
11629,042510687X,0.0
11629,0451166892,8.0
11629,0515102652,0.0
11676,002542730X,6.0
11676,0060085444,0.0
11676,0060096195,0.0
11676,006016848X,9.0
11676,0060173289,0.0
11676,0060175400,10.0
11676,006019491X,10.0
11676,0060199652,10.0
11676,0060391626,10.0
11676,0060392452,0.0
11676,0060502258,8.0
11676,0060915544,0.0
11676,0060916508,0.0
11676,0060921145,0.0
11676,0060922532,8.0
11676,0060928336,0.0
11676,0060930535,0.0
11676,0060932759,0.0
11676,0060934417,0.0
11676,0060938455,10.0
11676,0060958022,3.0
11676,0060964049,4.0
11676,0060976845,0.0
11676,0060977493,0.0
11676,0060987103,9.0
11676,0060987529,8.0
11676,0060987561,9.0
11676,0061000043,9.0
11676,0061009059,8.0
11676,006101351X,8.0
11676,0061097101,0.0
11676,0061097314,0.0
11676,0064400042,9.0
11676,0064400557,9.0
11676,0064400581,0.0
11676,0064407667,3.0
11676,0064407675,10.0
11676,0070212570,7.0
11676,0099771519,0.0
11676,0140067477,8.0
11676,0140177396,0.0
11676,014023313X,6.0
11676,0140244824,0.0
11676,014025448X,10.0
11676,0140254544,8.0
11676,0140257934,8.0
11676,0140270590,8.0
11676,014028009X,8.0
11676,0140293248,5.0
11676,014029628X,7.0
11676,0140298479,3.0
11676,014034294X,0.0
11676,014100018X,10.0
11676,0141000198,0.0
11676,0142000205,8.0
11676,0142001430,0.0
11676,0142001740,0.0
11676,0142001805,0.0
11676,0142002267,8.0
11676,0151008116,6.0
11676,0156006529,0.0
11676,0156007479,8.0
11676,0156027321,6.0
11676,0156628708,0.0
11676,0312150601,0.0
11676,0312195516,10.0
11676,0312243022,7.0
11676,0312265867,8.0
11676,0312274920,7.0
11676,0312278586,6.0
11676,0312282990,8.0
11676,0312291639,9.0
11676,0312305060,9.0
11676,031242227X,7.0
11676,0312924585,0.0
11676,0312924801,8.0
11676,0312958129,0.0
11676,0312961324,10.0
11676,0312966091,8.0
11676,0312966970,7.0
11676,0312971346,0.0
11676,0312974256,8.0
11676,0312976275,7.0
11676,0312979886,0.0
11676,0312980159,5.0
11676,0312983271,0.0
11676,031298328X,0.0
11676,0312983824,7.0
11676,0312983867,4.0
11676,0312986343,8.0
11676,0312995423,7.0
11676,0316089699,0.0
11676,0316096199,10.0
11676,0316168688,9.0
11676,0316182540,9.0
11676,0316284955,0.0
11676,0316569321,10.0
11676,0316601950,0.0
11676,0316602051,0.0
11676,0316666343,5.0
11676,0316678104,7.0
11676,0316693006,10.0
11676,0316693200,7.0
11676,0316769487,0.0
11676,0316776963,8.0
11676,0316777722,10.0
11676,0316779423,0.0
11676,0316780375,7.0
11676,0316781010,0.0
11676,0316781142,9.0
11676,0316781266,5.0
11676,0316782505,8.0
11676,0316789089,8.0
11676,0316899984,0.0
11676,0316969443,7.0
11676,0316969680,0.0
11676,0345313860,8.0
11676,0345337662,6.0
11676,0345339681,0.0
11676,0345339703,0.0
11676,0345339711,0.0
11676,0345342968,0.0
11676,0345348036,0.0
11676,0345348109,0.0
11676,0345350499,0.0
11676,0345351525,0.0
11676,0345353145,0.0
11676,0345354621,6.0
11676,0345361792,10.0
11676,034536676X,10.0
11676,0345370775,8.0
11676,0345370805,4.0
11676,0345378490,9.0
11676,0345380371,0.0
11676,0345384369,6.0
11676,0345384466,9.0
11676,034538475X,6.0
11676,0345386108,10.0
11676,0345387651,0.0
11676,0345391055,9.0
11676,0345391802,0.0
11676,0345402871,0.0
11676,034540288X,10.0
11676,0345404114,0.0
11676,0345404769,0.0
11676,0345404785,8.0
11676,034540761X,8.0
11676,0345413350,0.0
11676,034541389X,6.0
11676,0345413903,0.0
11676,0345416260,0.0
11676,0345417623,10.0
11676,0345422317,8.0
11676,0345424719,0.0
11676,0345433491,8.0
11676,0345435168,3.0
11676,0345438329,6.0
11676,0345439104,0.0
11676,0345443284,0.0
11676,0345445848,6.0
11676,0345447840,8.0
11676,0345465083,7.0
11676,0373218192,8.0
11676,0373218400,5.0
11676,0373250207,4.0
11676,0373484003,0.0
11676,0373484410,8.0
11676,0373825013,0.0
11676,0374129983,5.0
11676,0374199698,9.0
11676,0375412530,4.0
11676,0375412824,9.0
11676,0375501371,4.0
11676,0375502238,7.0
11676,0375504613,9.0
11676,0375506039,0.0
11676,0375700757,0.0
11676,0375702709,7.0
11676,0375703055,7.0
11676,0375703063,0.0
11676,0375703861,0.0
11676,037570504X,0.0
11676,0375705198,0.0
11676,0375705856,0.0
11676,0375706410,8.0
11676,0375706771,6.0
11676,0375707972,9.0
11676,0375725784,0.0
11676,0375726403,7.0
11676,0375727345,7.0
11676,0375760911,6.0
11676,0380001411,0.0
11676,0380002930,5.0
11676,0380012863,0.0
11676,0380018179,6.0
11676,0380600129,0.0
11676,0380710218,8.0
11676,0380710722,0.0
11676,0380717018,5.0
11676,0380718332,9.0
11676,0380718340,10.0
11676,0380726254,8.0
11676,0380730138,0.0
11676,0380730847,7.0
11676,0380731851,6.0
11676,0380789019,7.0
11676,0380789035,0.0
11676,038079487X,10.0
11676,0380813815,5.0
11676,0380820293,8.0
11676,0380820889,0.0
11676,0380977788,0.0
11676,0385265700,7.0
11676,0385306024,5.0
11676,0385323638,0.0
11676,0385335482,10.0
11676,0385335830,8.0
11676,0385335881,8.0
11676,0385420161,0.0
11676,038542017X,8.0
11676,038542471X,10.0
11676,0385424728,0.0
11676,0385474016,10.0
11676,0385479565,10.0
11676,0385482388,9.0
11676,0385484518,9.0
11676,0385486804,0.0
11676,038548951X,9.0
11676,0385490445,7.0
11676,038549081X,9.0
11676,0385492081,0.0
11676,0385497466,0.0
11676,038550120X,10.0
11676,0385502532,0.0
11676,0385503857,0.0
11676,0385504209,9.0
11676,0385505833,8.0
11676,0385508042,9.0
11676,0385511612,10.0
11676,0385512104,9.0
11676,0385720106,8.0
11676,0385720955,0.0
11676,0385721420,0.0
11676,038572179X,0.0
11676,0385722206,9.0
11676,0385722435,7.0
11676,0385730586,0.0
11676,039480001X,10.0
11676,0394820371,10.0
11676,039914613X,8.0
11676,0399146253,0.0
11676,0399146431,9.0
11676,0399149155,0.0
11676,0399501487,0.0
11676,042510107X,0.0
11676,042510687X,8.0
11676,0425107469,9.0
11676,0425109720,0.0
11676,0425116840,0.0
11676,042511774X,5.0
11676,0425118703,8.0
11676,0425119653,7.0
11676,0425121259,8.0
11676,0425122123,7.0
11676,0425130711,0.0
11676,042513525X,8.0
11676,042513699X,0.0
11676,0425142485,6.0
11676,0425143325,0.0
11676,0425144429,0.0
11676,0425147363,9.0
11676,0425147584,6.0
11676,0425147622,5.0
11676,0425152251,0.0
11676,0425153975,9.0
11676,0425154092,8.0
11676,0425155404,8.0
11676,0425158616,10.0
11676,042516098X,5.0
11676,0425161242,8.0
11676,0425162443,6.0
11676,0425163385,8.0
11676,0425163407,8.0
11676,0425167313,8.0
11676,0425169863,8.0
11676,0425173631,0.0
11676,0425175405,0.0
11676,0425178765,8.0
11676,0425180638,9.0
11676,0425180964,10.0
11676,042518109X,0.0
11676,042518286X,5.0
11676,0425182878,9.0
11676,0425182908,0.0
11676,0425184226,0.0
11676,042518630X,10.0
11676,0425192725,9.0
11676,0439064864,10.0
11676,0439064872,8.0
11676,0439136350,0.0
11676,0439136369,9.0
11676,0439139597,8.0
11676,0439139600,10.0
11676,043935806X,0.0
11676,043936213X,10.0
11676,0439404371,8.0
11676,0440122090,10.0
11676,0440183057,0.0
11676,0440200563,9.0
11676,0440200989,4.0
11676,0440202043,0.0
11676,0440206154,0.0
11676,0440211263,8.0
11676,044021145X,1.0
11676,0440211727,0.0
11676,0440212561,0.0
11676,0440213029,8.0
11676,0440213290,8.0
11676,0440213525,5.0
11676,0440213991,1.0
11676,0440214041,0.0
11676,0440215625,8.0
11676,0440217563,0.0
11676,0440218535,7.0
11676,0440219078,7.0
11676,0440220602,0.0
11676,044022103X,8.0
11676,0440221471,9.0
11676,0440221595,7.0
11676,044022165X,0.0
11676,0440222656,1.0
11676,0440224624,7.0
11676,0440224675,8.0
11676,0440224764,0.0
11676,0440225701,8.0
11676,0440226104,7.0
11676,0440226430,7.0
11676,0440234743,9.0
11676,0440235162,0.0
11676,0440235596,6.0
11676,0440236673,8.0
11676,0440236703,0.0
11676,0440236738,5.0
11676,044023722X,8.0
11676,0440241073,8.0
11676,0440241537,0.0
11676,044048474X,0.0
11676,0440498058,8.0
11676,0440514428,10.0
11676,0440940001,8.0
11676,0440998050,10.0
11676,0441003257,7.0
11676,0441172717,0.0
11676,0441569595,8.0
11676,0446310786,0.0
11676,0446359866,0.0
11676,0446360589,6.0
11676,0446363251,10.0
11676,0446364193,8.0
11676,0446365386,5.0
11676,0446394521,0.0
11676,044651652X,8.0
11676,0446516538,0.0
11676,044651862X,10.0
11676,0446520802,10.0
11676,0446525502,8.0
11676,0446525537,10.0
11676,0446527165,9.0
11676,0446527793,8.0
11676,0446531332,9.0
11676,0446532231,7.0
11676,0446601241,9.0
11676,0446601640,5.0
11676,0446603422,0.0
11676,0446603589,7.0
11676,0446603716,7.0
11676,0446604666,10.0
11676,0446604801,8.0
11676,0446604844,9.0
11676,0446605239,6.0
11676,0446605484,0.0
11676,0446606324,0.0
11676,0446606812,0.0
11676,0446607193,8.0
11676,0446607657,0.0
11676,0446607711,9.0
11676,0446608815,6.0
11676,0446608890,9.0
11676,0446608955,7.0
11676,0446609404,5.0
11676,0446610038,10.0
11676,0446610100,0.0
11676,0446610399,10.0
11676,044661064X,10.0
11676,0446611212,6.0
11676,0446611778,9.0
11676,0446611808,9.0
11676,0446611867,8.0
11676,0446612545,6.0
11676,0446612790,8.0
11676,0446613266,5.0
11676,0446667900,0.0
11676,0446670251,8.0
11676,0446672211,10.0
11676,0446673544,0.0
11676,0446675059,8.0
11676,0449003787,7.0
11676,0449003795,0.0
11676,0449005615,10.0
11676,0449134482,0.0
11676,0449212084,7.0
11676,0449212602,10.0
11676,0449219364,7.0
11676,0449221482,7.0
11676,0449221490,9.0
11676,0449221504,0.0
11676,0449221512,0.0
11676,0449223345,10.0
11676,0449223604,5.0
11676,0449223612,5.0
11676,0449227421,8.0
11676,0449907481,0.0
11676,0449911004,7.0
11676,0451153553,9.0
11676,0451156609,7.0
11676,0451166892,0.0
11676,0451169522,4.0
11676,0451169530,5.0
11676,0451172817,8.0
11676,0451177096,0.0
11676,0451180232,0.0
11676,0451181379,0.0
11676,0451184963,9.0
11676,0451186923,0.0
11676,0451188454,8.0
11676,0451188462,0.0
11676,0451202341,0.0
11676,0451202503,0.0
11676,0451203771,0.0
11676,0451206525,0.0
11676,0451524934,0.0
11676,0452260116,0.0
11676,0452264464,8.0
11676,0452268060,8.0
11676,0452277337,8.0
11676,0452281903,10.0
11676,0452282152,0.0
11676,0452282195,8.0
11676,0452282829,10.0
11676,0452283205,7.0
11676,0452284449,0.0
11676,0515087122,0.0
11676,0515087947,0.0
11676,0515095826,0.0
11676,0515102652,8.0
11676,0515113328,0.0
11676,051511992X,8.0
11676,0515121843,9.0
11676,051512219X,9.0
11676,0515124214,0.0
11676,051512608X,7.0
11676,0515126772,10.0
11676,0515127833,7.0
11676,0515130389,0.0
11676,0515131083,0.0
11676,0515131229,0.0
11676,0515132020,10.0
11676,0515132187,9.0
11676,051513287X,10.0
11676,0515133876,0.0
11676,0515133973,6.0
11676,0525947647,0.0
11676,0552137030,0.0
11676,055321313X,7.0
11676,0553250426,0.0
11676,0553250531,0.0
11676,0553260111,0.0
11676,0553263226,0.0
11676,0553268880,10.0
11676,0553271636,0.0
11676,0553272535,10.0
11676,0553273914,6.0
11676,0553275976,0.0
11676,0553277472,7.0
11676,0553279378,8.0
11676,0553279556,6.0
11676,0553279912,0.0
11676,0553280341,10.0
11676,0553280368,10.0
11676,0553282476,0.0
11676,0553284789,4.0
11676,0553289411,8.0
11676,055328942X,10.0
11676,0553295977,0.0
11676,0553296981,7.0
11676,0553560247,9.0
11676,055356160X,9.0
11676,0553561618,0.0
11676,055356451X,9.0
11676,0553569058,0.0
11676,0553569155,8.0
11676,0553569910,7.0
11676,0553571656,9.0
11676,055357230X,7.0
11676,0553572326,0.0
11676,0553572997,7.0
11676,0553574574,10.0
11676,0553576801,3.0
11676,0553578022,0.0
11676,0553578308,0.0
11676,0553579754,8.0
11676,0553580191,0.0
11676,0553580221,9.0
11676,0553581554,6.0
11676,0553582127,7.0
11676,0553582135,8.0
11676,0553582526,9.0
11676,0553582755,0.0
11676,0553583441,9.0
11676,0553801430,0.0
11676,0590353403,8.0
11676,059035342X,10.0
11676,059045367X,8.0
11676,0609804138,10.0
11676,0618002219,10.0
11676,0670030643,0.0
11676,0670880728,5.0
11676,067088300X,0.0
11676,0670892963,7.0
11676,067100042X,5.0
11676,0671001795,10.0
11676,0671002481,5.0
11676,0671003755,1.0
11676,0671004107,0.0
11676,0671004530,7.0
11676,0671004549,6.0
11676,0671004573,10.0
11676,0671014196,8.0
11676,0671014919,8.0
11676,0671021001,0.0
11676,067102423X,8.0
11676,0671024248,0.0
11676,0671026011,0.0
11676,0671027360,0.0
11676,0671027387,10.0
11676,0671027581,0.0
11676,0671028375,10.0
11676,0671038184,4.0
11676,0671041789,5.0
11676,0671042262,7.0
11676,0671042572,10.0
11676,0671042858,10.0
11676,0671510053,9.0
11676,0671525743,10.0
11676,0671537458,8.0
11676,0671568175,7.0
11676,0671617028,0.0
11676,067164257X,3.0
11676,0671670689,0.0
11676,0671683993,9.0
11676,0671693816,10.0
11676,0671701231,6.0
11676,0671708635,0.0
11676,0671727583,6.0
11676,0671741187,0.0
11676,0671743058,8.0
11676,0671758896,0.0
11676,0671793489,8.0
11676,0671867091,9.0
11676,0671867113,0.0
11676,0671867164,0.0
11676,0671867172,8.0
11676,0671880314,7.0
11676,0671888587,8.0
11676,0671894455,0.0
11676,0679429220,0.0
11676,0679433740,2.0
11676,0679439382,8.0
11676,0679457313,10.0
11676,0679457526,7.0
11676,0679721886,10.0
11676,0679731148,5.0
11676,0679734775,9.0
11676,0679745203,10.0
11676,0679751521,9.0
11676,0679751602,6.0
11676,067976402X,10.0
11676,0679772677,0.0
11676,0679781587,0.0
11676,0684801523,5.0
11676,0684833395,8.0
11676,068484267X,0.0
11676,068484477X,4.0
11676,0684848783,6.0
11676,0684867621,3.0
11676,0684872153,9.0
11676,0684874350,7.0
11676,0688170528,0.0
11676,0688177751,8.0
11676,0688177859,10.0
11676,0743203631,7.0
11676,0743206045,8.0
11676,0743211375,0.0
11676,0743224574,0.0
11676,0743225406,10.0
11676,0743227441,0.0
11676,0743235150,0.0
11676,0743237188,6.0
11676,0743411250,8.0
11676,0743412028,7.0
11676,0743418174,8.0
11676,0743418204,10.0
11676,0743436210,8.0
11676,074343627X,10.0
11676,0743439740,10.0
11676,0749397543,0.0
11676,0767900383,8.0
11676,0767902521,8.0
11676,0767905180,0.0
11676,0767905385,10.0
11676,0786817070,0.0
11676,0786866276,8.0
11676,0786866586,0.0
11676,0786867647,0.0
11676,0786868716,9.0
11676,0786881852,6.0
11676,0786885688,9.0
11676,0802139256,0.0
11676,080410526X,6.0
11676,0804105820,8.0
11676,0804106304,0.0
11676,080410753X,8.0
11676,0804108749,6.0
11676,080410946X,0.0
11676,080411109X,9.0
11676,0804111359,6.0
11676,0804114986,8.0
11676,0804115613,8.0
11676,0804115761,3.0
11676,080411868X,0.0
11676,0805059555,0.0
11676,0805063897,0.0
11676,0812550706,9.0
11676,0842329129,9.0
11676,0842329218,10.0
11676,0842329242,8.0
11676,0842329250,10.0
11676,0842329269,0.0
11676,0842329277,0.0
11676,0842329285,0.0
11676,084233226X,0.0
11676,0871136791,8.0
11676,0894805770,10.0
11676,0971880107,6.0
11676,140003065X,0.0
11676,1400031346,9.0
11676,1400031354,8.0
11676,1400031362,0.0
11676,1400034779,0.0
11676,1551666839,0.0
11676,1558531025,10.0
11676,155874262X,7.0
11676,1558743316,0.0
11676,1558743669,0.0
11676,1558744150,10.0
11676,1558745157,10.0
11676,1559029838,9.0
11676,1573225789,10.0
11676,1573229326,7.0
11676,1573229725,0.0
11676,1592400876,9.0
11687,0060391626,10.0
11687,0375501371,10.0
11687,0385484518,0.0
11687,0425152251,4.0
11687,0446672211,10.0
11687,0671510053,0.0
11687,067976402X,0.0
11687,0684833395,10.0
11687,0684874350,10.0
11690,0446610100,0.0
11690,0971880107,0.0
11724,0060928336,0.0
11724,0060976845,7.0
11724,0156027321,0.0
11724,0312195516,0.0
11724,0316969443,0.0
11724,0385420161,0.0
11724,0385484518,0.0
11724,0446603716,0.0
11724,0451181379,0.0
11724,0451183665,7.0
11724,0515087122,8.0
11724,0515102652,8.0
11724,0515113328,8.0
11724,089480829X,10.0
11724,0971880107,0.0
11724,155874262X,0.0
11993,0060928336,0.0
11993,0064400042,10.0
11993,0142001740,0.0
11993,0312291639,6.0
11993,0380018179,0.0
11993,0385505833,0.0
11993,0385730586,0.0
11993,0399146431,0.0
11993,0440206154,0.0
11993,0440211263,0.0
11993,0440211727,0.0
11993,0440213525,6.0
11993,0440214041,7.0
11993,044022165X,0.0
11993,059035342X,0.0
11993,0671617028,0.0
11993,068484267X,0.0
11993,0743418174,0.0
11993,080410526X,0.0
11993,0804106304,0.0
11993,0804114986,0.0
11993,0871136791,0.0
11993,0971880107,2.0
11993,1573225789,0.0
12100,042511774X,0.0
12100,0671683993,7.0
12100,067976402X,7.0
12100,0684833395,8.0
12194,0345313860,0.0
12194,0345337662,10.0
12194,0345348036,0.0
12194,0345351525,0.0
12194,0439064872,0.0
12194,0439136369,0.0
12194,0439139600,0.0
12194,059035342X,0.0
12272,0345339738,10.0
12272,0439064872,0.0
12272,043935806X,10.0
12272,0446604666,10.0
12272,059035342X,0.0
12272,0671027360,10.0
12272,0971880107,10.0
12538,002542730X,10.0
12538,0060502258,0.0
12538,0060915544,9.0
12538,0064400042,0.0
12538,0064400581,8.0
12538,0156007479,0.0
12538,0312195516,9.0
12538,0312979886,5.0
12538,0312983271,0.0
12538,0316096199,8.0
12538,0316666343,0.0
12538,0345313860,0.0
12538,0345337662,0.0
12538,0345348109,0.0
12538,0345351525,0.0
12538,0345353145,0.0
12538,0345391055,0.0
12538,0375727345,0.0
12538,0380002930,0.0
12538,0380012863,7.0
12538,0380018179,0.0
12538,038542471X,0.0
12538,0399501487,0.0
12538,0425083837,0.0
12538,042510107X,0.0
12538,042510687X,0.0
12538,0425118703,9.0
12538,0425121259,0.0
12538,0425130711,0.0
12538,0425147363,0.0
12538,0425153975,0.0
12538,0425162443,0.0
12538,0440122090,0.0
12538,0440202043,0.0
12538,044021145X,0.0
12538,0440211727,0.0
12538,0440213991,0.0
12538,0440220602,0.0
12538,044022165X,0.0
12538,0440222656,0.0
12538,0440225701,0.0
12538,0446310786,0.0
12538,0446364800,0.0
12538,0446609404,0.0
12538,0449212602,0.0
12538,0451169522,0.0
12538,0451181379,0.0
12538,0451186362,0.0
12538,0451188462,0.0
12538,0451524934,0.0
12538,0515126772,0.0
12538,055321313X,0.0
12538,0553263226,0.0
12538,0553268880,0.0
12538,0553279378,0.0
12538,0553296981,7.0
12538,0553582127,0.0
12538,0553801430,0.0
12538,067100042X,7.0
12538,0671004530,0.0
12538,0671021001,9.0
12538,067102423X,8.0
12538,0671024248,0.0
12538,0671027662,0.0
12538,0671041789,0.0
12538,0671443283,0.0
12538,0671568175,0.0
12538,0671670689,0.0
12538,0671693816,0.0
12538,0671867091,0.0
12538,0671867172,0.0
12538,0679746048,8.0
12538,0688177751,0.0
12538,0743411250,0.0
12538,074343627X,0.0
12538,080410526X,0.0
12538,0812550706,0.0
12538,0842329242,9.0
12538,0842329250,0.0
12538,0842329269,0.0
12538,0842329277,0.0
12538,084233226X,10.0
12538,1558743316,0.0
12538,1558743669,0.0
12569,0312291639,9.0
12569,0316769487,0.0
12569,0345351525,0.0
12569,0345402871,0.0
12569,044022165X,0.0
12569,0440224764,0.0
12569,0446606812,0.0
12569,0446611867,10.0
12569,0446612545,7.0
12569,0553282476,0.0
12569,0671695169,0.0
12569,0804106304,7.0
12824,0060928336,4.0
12824,0345339703,0.0
12824,0345369947,0.0
12824,0345370775,7.0
12824,0345384466,0.0
12824,034538475X,0.0
12824,0345423402,0.0
12824,0380789019,8.0
12824,0385720106,5.0
12824,0439064872,8.0
12824,0439136369,10.0
12824,0440206154,8.0
12824,0440211727,5.0
12824,0440213525,0.0
12824,0440214041,0.0
12824,0440224675,8.0
12824,0441000916,0.0
12824,0441304834,0.0
12824,0451137965,0.0
12824,0451156609,0.0
12824,0451160525,0.0
12824,0451172817,0.0
12824,0451184963,0.0
12824,055356160X,0.0
12824,0553561618,8.0
12824,0553579606,0.0
12824,0553582526,0.0
12824,059035342X,0.0
12824,0671024248,0.0
12824,0842329242,0.0
12835,0060392452,0.0
12835,0971880107,0.0
12863,0345391802,8.0
12863,0380977788,10.0
12863,0452264464,9.0
12863,0743418174,0.0
12982,0060958022,9.0
12982,0060976845,0.0
12982,0312924801,9.0
12982,0345369947,8.0
12982,0345370775,8.0
12982,0375703861,0.0
12982,0425130711,8.0
12982,042518109X,7.0
12982,0440206154,8.0
12982,0440221471,7.0
12982,0449134482,8.0
12982,0451177096,8.0
12982,0451188462,0.0
12982,0671537458,7.0
12982,0671743058,0.0
12982,0671888587,8.0
12982,0679457313,9.0
12982,0804111359,0.0
13082,0345348036,10.0
13082,0345361792,0.0
13082,034539657X,0.0
13082,037570504X,0.0
13082,0380012863,7.0
13082,0385486804,0.0
13082,0425109720,0.0
13082,0425153975,8.0
13082,043935806X,10.0
13082,0440213525,0.0
13082,0440214041,0.0
13082,044022165X,0.0
13082,044651652X,0.0
13082,0446601241,0.0
13082,0451167317,0.0
13082,0451180232,0.0
13082,0452268060,4.0
13082,0515133973,0.0
13082,0553582658,0.0
13082,1559029838,0.0
13093,0060976845,0.0
13093,0312291639,0.0
13093,0316769487,0.0
13093,0375707972,9.0
13093,0452282152,0.0
13093,0971880107,0.0
13273,0060199652,0.0
13273,0060930535,9.0
13273,0060976845,0.0
13273,0061009059,0.0
13273,0064407675,8.0
13273,014025448X,8.0
13273,015100692X,9.0
13273,0151008116,0.0
13273,0312265867,7.0
13273,0312306326,0.0
13273,0312983271,7.0
13273,0312983824,0.0
13273,0316096199,0.0
13273,0316601950,9.0
13273,0316666343,8.0
13273,0316678104,8.0
13273,0316693006,5.0
13273,0316780375,0.0
13273,0316781142,0.0
13273,0345348109,0.0
13273,0345361792,0.0
13273,0345416260,0.0
13273,0345443284,0.0
13273,0373825013,0.0
13273,0374199698,0.0
13273,0375412824,10.0
13273,0375502238,0.0
13273,0375703861,0.0
13273,0375705856,0.0
13273,0375706771,0.0
13273,0375707972,0.0
13273,0375727345,0.0
13273,0380789019,9.0
13273,0385482388,0.0
13273,0385484518,0.0
13273,038550120X,0.0
13273,0385503857,10.0
13273,0385504209,9.0
13273,0385505833,0.0
13273,0385508042,5.0
13273,0385511612,0.0
13273,0399149155,5.0
13273,0425083837,0.0
13273,042510107X,0.0
13273,0425162443,0.0
13273,0439064864,0.0
13273,0439139597,9.0
13273,044021145X,0.0
13273,0440215625,0.0
13273,0440217563,0.0
13273,0440220602,0.0
13273,0440226104,0.0
13273,0446527793,0.0
13273,0446531332,0.0
13273,0446672211,9.0
13273,0446675059,0.0
13273,0449907481,0.0
13273,0452282152,0.0
13273,0452282829,0.0
13273,0515087122,0.0
13273,0515113328,0.0
13273,0553282476,0.0
13273,0553801430,0.0
13273,0671003755,0.0
13273,0671004549,8.0
13273,0671004573,0.0
13273,0671027360,8.0
13273,0671042572,0.0
13273,0671867091,8.0
13273,0671888587,8.0
13273,0679746048,0.0
13273,0679751521,0.0
13273,067976402X,0.0
13273,0679781587,0.0
13273,068484477X,0.0
13273,0688170528,0.0
13273,0688177751,8.0
13273,0743211375,7.0
13273,0802139256,9.0
13273,080410526X,0.0
13273,0804105820,7.0
13273,080410946X,0.0
13273,0804111359,0.0
13273,080411868X,0.0
13273,0805063897,0.0
13273,0842329285,0.0
13273,084233226X,8.0
13273,0871136791,0.0
13273,089480829X,0.0
13273,1400031346,8.0
13273,1400031354,0.0
13273,1400034779,0.0
13273,1573225789,0.0
13273,1573229326,0.0
13540,0425163407,0.0
13540,044022165X,0.0
13540,055329170X,0.0
13540,0553295977,0.0
13540,0553582526,0.0
13540,0671001795,0.0
13540,0671793489,0.0
13540,0671867172,0.0
13552,002542730X,0.0
13552,0060085444,7.0
13552,0060096195,7.0
13552,0060928336,0.0
13552,0060976845,0.0
13552,0060987529,0.0
13552,0061009059,0.0
13552,0070212570,0.0
13552,0140298479,9.0
13552,0141000198,9.0
13552,0156006529,0.0
13552,0156027321,0.0
13552,0312243022,0.0
13552,0312966091,0.0
13552,0312966970,0.0
13552,0312974256,0.0
13552,0312979886,0.0
13552,0312980159,0.0
13552,0312983824,0.0
13552,0312986343,0.0
13552,0312995423,8.0
13552,0316096199,0.0
13552,0316284955,0.0
13552,0316569321,0.0
13552,0316601950,0.0
13552,0345339703,0.0
13552,0345339711,0.0
13552,0345339738,0.0
13552,0345370775,0.0
13552,0345378490,0.0
13552,0345384466,10.0
13552,0345386108,0.0
13552,0345387651,0.0
13552,0345391055,0.0
13552,034539657X,0.0
13552,0373218192,8.0
13552,0373243286,0.0
13552,0373250207,8.0
13552,0380710218,8.0
13552,0380710722,10.0
13552,0380718340,7.0
13552,038079487X,0.0
13552,0385306024,0.0
13552,0385335482,0.0
13552,0385335830,0.0
13552,0385335881,0.0
13552,0385484518,10.0
13552,038550120X,0.0
13552,0385502532,0.0
13552,0385504209,10.0
13552,0399146253,0.0
13552,0425107469,8.0
13552,0425115801,10.0
13552,0425121259,0.0
13552,0425124347,8.0
13552,0425130711,0.0
13552,042513525X,8.0
13552,0425147363,0.0
13552,0425147622,0.0
13552,0425153975,9.0
13552,0425154092,8.0
13552,0425158616,0.0
13552,0425163385,0.0
13552,0425169863,9.0
13552,0425172546,7.0
13552,0440200563,6.0
13552,0440211263,0.0
13552,044021145X,0.0
13552,0440211727,9.0
13552,0440213525,0.0
13552,0440214041,9.0
13552,0440220602,7.0
13552,0440221471,8.0
13552,044022165X,8.0
13552,0440222656,0.0
13552,0440224764,9.0
13552,0440225701,0.0
13552,0440226430,0.0
13552,0440234743,8.0
13552,044023722X,0.0
13552,0440241537,8.0
13552,0446363251,0.0
13552,0446364762,0.0
13552,044651652X,8.0
13552,0446606812,0.0
13552,0446607193,0.0
13552,0446608890,0.0
13552,0446610542,7.0
13552,0446611867,0.0
13552,0449212602,0.0
13552,0449911004,0.0
13552,0451153553,9.0
13552,0451156609,10.0
13552,0451167317,0.0
13552,0451170385,0.0
13552,0451180232,0.0
13552,0451181379,0.0
13552,0451183665,0.0
13552,0451184963,0.0
13552,0451186362,0.0
13552,0451188454,0.0
13552,051511992X,7.0
13552,0515121843,7.0
13552,0515124214,7.0
13552,051512608X,0.0
13552,0515126772,8.0
13552,0515128546,7.0
13552,0515130389,0.0
13552,0515132187,0.0
13552,0515133973,9.0
13552,0553260111,8.0
13552,0553263226,0.0
13552,0553275976,0.0
13552,055356451X,0.0
13552,0553569155,0.0
13552,0553569910,0.0
13552,0553572326,0.0
13552,0553573136,0.0
13552,0553574574,0.0
13552,0553581554,0.0
13552,0553801430,0.0
13552,0609804138,0.0
13552,0671001795,0.0
13552,0671003755,0.0
13552,067102423X,0.0
13552,0671027360,0.0
13552,0671027387,0.0
13552,0671443283,9.0
13552,0671510053,0.0
13552,067164257X,9.0
13552,0671670689,7.0
13552,0671695169,7.0
13552,0671708635,0.0
13552,0671880314,0.0
13552,067976397X,0.0
13552,0679772677,0.0
13552,068484267X,0.0
13552,068484477X,0.0
13552,0743203631,0.0
13552,0743237188,0.0
13552,0743412028,0.0
13552,0743418174,10.0
13552,0743418204,9.0
13552,0743439740,7.0
13552,0767905180,0.0
13552,0767907817,4.0
13552,0786868716,9.0
13552,080410526X,0.0
13552,080411868X,0.0
13552,1558745157,0.0
13582,0316666343,7.0
13582,0345313860,0.0
13582,0345337662,0.0
13582,0345339703,0.0
13582,0345339711,0.0
13582,0345339738,0.0
13582,0345350499,10.0
13582,0345351525,0.0
13582,0345369947,0.0
13582,0345384466,8.0
13582,0345391055,0.0
13582,0345402871,0.0
13582,0380977788,0.0
13582,0425118703,0.0
13582,0440178002,0.0
13582,0440211727,0.0
13582,0440214041,0.0
13582,0440221471,0.0
13582,044022165X,0.0
13582,0440224764,0.0
13582,0440234743,0.0
13582,0441172717,0.0
13582,0446608955,0.0
13582,0451153553,9.0
13582,0451166892,0.0
13582,0451167317,0.0
13582,0451188454,0.0
13582,055321313X,0.0
13582,0553268880,0.0
13582,0553279556,0.0
13582,0553280368,0.0
13582,0553582755,7.0
13582,0679751521,0.0
13600,0345417623,0.0
13600,0345465083,0.0
13600,0380731851,0.0
13600,0446603422,7.0
13600,0553571818,6.0
13600,0553578022,8.0
13600,0804111359,0.0
13600,0971880107,0.0
13850,006016848X,7.0
13850,0060502258,10.0
13850,0316769487,9.0
13850,0316969443,10.0
13850,0345342968,10.0
13850,0385484518,10.0
13850,039480001X,10.0
13850,0446310786,9.0
13850,0446527165,0.0
13850,0446612545,9.0
13850,0553573136,0.0
13850,0679772677,0.0
13850,0786868716,5.0
13850,080411868X,9.0
13850,0894805770,6.0
13850,089480829X,6.0
13850,1558531025,9.0
13935,0345353145,0.0
13935,0345391055,7.0
13935,0425175405,0.0
13935,0446527165,0.0
13935,0446611212,0.0
13935,0446612790,0.0
13935,0449134482,0.0
13935,0515133973,0.0
13935,0553579754,0.0
13995,0060964049,0.0
13995,0316666343,8.0
13995,0316769487,9.0
13995,0345370775,0.0
13995,0345387651,0.0
13995,0375703861,8.0
13995,0375707972,0.0
13995,0385265700,9.0
13995,0385479565,0.0
13995,0452282152,0.0
13995,0671041789,0.0
13995,0679721886,0.0
13995,0684833395,9.0
13995,0804106304,7.0
14079,0385504209,0.0
14079,0449227421,0.0
14079,0452282152,8.0
14079,0971880107,0.0
14232,0375726403,0.0
14232,0446673544,0.0
14326,0060976845,0.0
14326,0373243286,0.0
14326,0380977788,0.0
14326,042518286X,0.0
14326,0446363251,0.0
14326,0553250426,10.0
14326,0553581554,0.0
14326,0671568175,8.0
14374,0140298479,0.0
14374,0375705856,8.0
14374,0385486804,0.0
14374,0440214041,0.0
14374,0440236673,0.0
14374,0446604844,5.0
14374,0452260116,0.0
14374,0553273914,9.0
14374,0805063897,10.0
14387,0060930535,0.0
14387,0060964049,0.0
14387,0060977493,0.0
14387,0316284955,8.0
14387,0345361792,9.0
14387,0345424719,0.0
14387,037570504X,0.0
14387,0375727345,9.0
14387,0385265700,8.0
14387,038548951X,0.0
14387,0399146253,0.0
14387,0440213525,5.0
14387,0446672211,7.0
14387,0446673544,0.0
14387,0671741187,0.0
14387,0671880314,10.0
14387,067976402X,0.0
14387,0971880107,0.0
14387,1400034779,9.0
14422,006016848X,0.0
14422,0060928336,9.0
14422,0060976845,9.0
14422,0060987103,0.0
14422,0060987529,0.0
14422,014023313X,0.0
14422,0142000205,0.0
14422,0142001805,0.0
14422,015100692X,10.0
14422,0156027321,0.0
14422,0312980159,0.0
14422,0312995423,0.0
14422,0316168688,0.0
14422,0316601950,9.0
14422,0316781010,8.0
14422,0316781142,7.0
14422,0345348036,9.0
14422,0345361792,0.0
14422,0345380371,8.0
14422,0345384466,0.0
14422,0345438329,0.0
14422,037325024X,0.0
14422,0374129983,0.0
14422,0375725784,0.0
14422,0375727345,8.0
14422,0375760911,0.0
14422,0380730138,0.0
14422,0385265700,0.0
14422,0385482388,0.0
14422,0385486804,0.0
14422,0385503857,0.0
14422,0385722206,0.0
14422,0385730586,0.0
14422,0425107469,0.0
14422,0425116840,0.0
14422,0425121631,0.0
14422,0425162443,0.0
14422,042518109X,0.0
14422,0440178002,9.0
14422,0440211727,0.0
14422,0440213290,8.0
14422,0440221595,0.0
14422,0440222656,0.0
14422,0440224764,0.0
14422,0440226430,0.0
14422,0440235162,9.0
14422,0440235596,0.0
14422,0440498058,0.0
14422,0446364800,8.0
14422,0446365386,10.0
14422,044651652X,7.0
14422,0446525537,0.0
14422,0446603589,8.0
14422,0446605239,0.0
14422,0446611867,0.0
14422,0446672211,0.0
14422,0449212602,0.0
14422,0449911004,0.0
14422,0452277337,0.0
14422,0452282829,4.0
14422,051512219X,0.0
14422,0515130389,0.0
14422,0553260111,9.0
14422,0553279912,0.0
14422,0553280341,0.0
14422,0553280368,8.0
14422,0553289411,0.0
14422,0553579754,0.0
14422,0618002219,8.0
14422,0671027360,0.0
14422,0671042572,0.0
14422,0671510053,0.0
14422,0671525743,0.0
14422,0671693816,0.0
14422,0671793489,0.0
14422,0679745203,5.0
14422,067976402X,0.0
14422,0679781587,0.0
14422,068484267X,5.0
14422,068484477X,0.0
14422,0688177751,7.0
14422,0743227441,0.0
14422,0743237188,0.0
14422,0743418174,9.0
14422,0767900383,0.0
14422,0786885688,0.0
14422,0804115613,0.0
14422,0842329277,0.0
14422,1400031354,0.0
14422,1400034779,9.0
14422,155874262X,7.0
14422,1558743316,7.0
14422,1573229725,0.0
14449,0452264464,5.0
14449,0671867164,0.0
14449,067976402X,0.0
14449,0805019375,8.0
14451,068484267X,5.0
14456,0316769487,8.0
14456,0345313860,10.0
14456,0439064864,10.0
14456,0439136350,10.0
14456,0439139597,10.0
14456,0446365386,9.0
14456,0451166892,0.0
14456,0590353403,0.0
14456,0618002219,8.0
14456,0679429220,8.0
14521,0060391626,0.0
14521,0061009059,0.0
14521,006101351X,5.0
14521,0064407667,10.0
14521,0140067477,0.0
14521,0140177396,10.0
14521,0140257934,0.0
14521,0312976275,0.0
14521,0312995423,0.0
14521,0316089699,0.0
14521,0316782505,0.0
14521,0316899984,0.0
14521,0345334019,0.0
14521,0345337662,0.0
14521,0345342968,0.0
14521,0345370775,10.0
14521,0345378490,0.0
14521,0345391055,0.0
14521,034540288X,0.0
14521,034540761X,0.0
14521,0345422317,0.0
14521,0345427637,0.0
14521,0375703055,0.0
14521,0375705856,0.0
14521,0380001411,0.0
14521,0380018179,0.0
14521,0380600129,0.0
14521,0380717018,0.0
14521,0380718332,0.0
14521,0380718340,0.0
14521,0385492081,0.0
14521,0385504209,10.0
14521,042510107X,0.0
14521,0425115801,0.0
14521,0425116840,0.0
14521,0425124347,0.0
14521,0425130711,0.0
14521,0425142485,0.0
14521,0425143325,0.0
14521,0425147363,0.0
14521,0425147584,0.0
14521,0425147622,0.0
14521,0425155404,0.0
14521,0425158632,0.0
14521,0425173631,0.0
14521,0425174271,0.0
14521,0425175405,0.0
14521,0425180964,0.0
14521,042518109X,0.0
14521,0440122090,0.0
14521,0440200563,0.0
14521,0440202043,0.0
14521,0440211263,5.0
14521,044021145X,0.0
14521,0440211727,0.0
14521,0440213290,0.0
14521,0440213525,5.0
14521,0440214041,0.0
14521,0440215625,0.0
14521,0440221471,0.0
14521,044022165X,0.0
14521,0440222656,10.0
14521,0440224624,0.0
14521,0440224675,0.0
14521,0440224764,0.0
14521,0440226430,0.0
14521,0440234743,0.0
14521,0440235162,0.0
14521,0440235596,0.0
14521,044023722X,0.0
14521,0440514428,7.0
14521,0441172717,0.0
14521,0441569595,0.0
14521,0446364193,0.0
14521,0446364800,0.0
14521,0446601241,0.0
14521,0446601640,0.0
14521,0446603716,0.0
14521,0446604844,0.0
14521,0446605239,0.0
14521,0446605484,0.0
14521,0446606812,0.0
14521,0446607711,0.0
14521,0446610038,0.0
14521,0446611867,5.0
14521,0446667900,0.0
14521,0449003795,0.0
14521,0449221490,0.0
14521,0451166892,0.0
14521,0451170385,0.0
14521,0451184963,0.0
14521,0451203771,0.0
14521,0451206525,0.0
14521,0515113328,0.0
14521,051511992X,0.0
14521,0553234811,0.0
14521,0553250531,0.0
14521,0553260111,0.0
14521,0553268880,0.0
14521,0553273914,0.0
14521,0553275976,10.0
14521,055328942X,0.0
14521,0553560247,0.0
14521,055356451X,0.0
14521,055357230X,0.0
14521,0553572997,0.0
14521,0553580191,0.0
14521,0553580221,0.0
14521,0553582127,0.0
14521,0671002481,0.0
14521,0671004573,0.0
14521,0671021001,0.0
14521,067102423X,0.0
14521,0671026011,0.0
14521,0671041789,0.0
14521,0671443283,0.0
14521,0671537458,0.0
14521,067164257X,0.0
14521,0671758896,0.0
14521,0671793489,0.0
14521,068484267X,0.0
14521,0684872153,0.0
14521,0743411250,0.0
14521,074343627X,0.0
14521,0805063897,0.0
14521,0871136791,0.0
14521,1400034779,0.0
14638,0345353145,0.0
14638,0345404785,0.0
14638,0425161242,0.0
14638,0440206154,0.0
14638,0440211727,0.0
14638,0440214041,0.0
14638,0451181379,0.0
14638,0671004107,0.0
14638,0671004573,0.0
14638,0671708635,0.0
14638,0684867621,0.0
14638,074343627X,0.0
14698,0142002267,0.0
14698,0345391055,7.0
14698,0425121631,6.0
14698,0553268880,0.0
14698,059030271X,8.0
14768,0060392452,0.0
14768,0060987529,0.0
14768,0060987561,0.0
14768,0140119906,0.0
14768,0140293248,0.0
14768,0312195516,0.0
14768,0316096199,0.0
14768,0316284955,10.0
14768,0316666343,8.0
14768,0316776963,0.0
14768,0316777722,0.0
14768,0345342968,0.0
14768,0345402871,0.0
14768,034540288X,0.0
14768,0345443284,0.0
14768,0375707972,7.0
14768,038079487X,0.0
14768,038549081X,0.0
14768,0425167313,0.0
14768,0440213525,6.0
14768,0440214041,0.0
14768,0440220602,0.0
14768,0446532231,0.0
14768,0446670251,0.0
14768,0446672211,0.0
14768,0451206525,0.0
14768,0451524934,0.0
14768,0671003755,0.0
14768,0671693816,0.0
14768,0679746048,0.0
14768,0684872153,0.0
14768,0743237188,0.0
14768,074343627X,0.0
14897,0060502258,0.0
14897,0061000043,0.0
14897,0345313860,0.0
14897,0425172546,0.0
14897,0439139600,8.0
14897,0440214041,0.0
14897,0446607657,0.0
14897,0446611212,0.0
14897,0451169530,0.0
14897,0451188454,0.0
14897,0515087122,0.0
14897,0515087947,10.0
14897,0553250426,0.0
14897,0553250531,0.0
14897,0553289411,0.0
14897,0671014919,0.0
14897,0671024248,0.0
14897,0671026011,0.0
14897,0679781587,10.0
14897,0743224574,0.0
14897,0804106304,0.0
14897,080410753X,0.0
14897,080411109X,0.0
14897,0804114986,0.0
14966,006101351X,0.0
14966,0380726254,0.0
14966,0440213290,0.0
14966,0440224594,0.0
14966,0440224675,0.0
14966,0440235596,0.0
14966,0553284789,0.0
15021,0425155404,5.0
15049,006016848X,8.0
15049,0064400557,9.0
15049,0446610399,0.0
15049,0553250426,8.0
15049,0553250531,8.0
15049,0553280945,8.0
15049,0553289411,8.0
15049,055328942X,0.0
15049,0842329129,8.0
15049,0842329218,8.0
15049,0842329242,8.0
15049,0842329250,8.0
15049,0842329269,8.0
15049,0842329277,8.0
15049,0842329285,8.0
15049,084233226X,0.0
15049,0894805770,8.0
15049,089480829X,8.0
15049,0971880107,0.0
15208,0425154092,0.0
15408,0060175400,0.0
15408,0060392452,0.0
15408,0060928336,0.0
15408,0060958022,0.0
15408,006101351X,9.0
15408,0064407667,0.0
15408,014023313X,0.0
15408,0142000205,0.0
15408,0156628708,0.0
15408,0312150601,0.0
15408,0312282990,0.0
15408,0312958129,0.0
15408,0316182540,0.0
15408,0316777722,7.0
15408,0316779423,0.0
15408,0316780375,0.0
15408,0345339681,0.0
15408,0345342968,0.0
15408,0345369947,0.0
15408,0345384369,0.0
15408,0345387651,0.0
15408,0345436911,0.0
15408,0374129983,8.0
15408,0375412530,0.0
15408,0375506039,0.0
15408,037570504X,0.0
15408,0375727345,0.0
15408,0380717018,0.0
15408,0385323638,0.0
15408,0385722206,0.0
15408,0399501487,0.0
15408,0425147622,0.0
15408,042516098X,0.0
15408,0425178765,0.0
15408,0425182878,0.0
15408,0439064872,0.0
15408,0439136369,0.0
15408,0440213525,0.0
15408,0440220602,0.0
15408,044022165X,0.0
15408,0440224675,0.0
15408,0440241073,0.0
15408,044651652X,0.0
15408,0446604801,0.0
15408,0446611212,0.0
15408,0446672211,0.0
15408,0449212602,0.0
15408,0451524934,9.0
15408,0452260116,0.0
15408,0452282152,0.0
15408,055329170X,0.0
15408,0553573136,0.0
15408,059045367X,0.0
15408,067088300X,0.0
15408,0671001795,0.0
15408,0671002481,0.0
15408,0671014196,0.0
15408,0671038184,0.0
15408,0671042262,0.0
15408,0671708635,0.0
15408,0671867091,0.0
15408,0671867156,0.0
15408,0679429220,0.0
15408,0679439382,0.0
15408,0679734775,0.0
15408,0679745203,0.0
15408,0679781587,0.0
15408,0684848783,10.0
15408,0688177859,0.0
15408,0743436210,0.0
15408,0767902521,9.0
15408,0786866586,7.0
15408,080410526X,0.0
15408,0804106304,0.0
15408,080410753X,0.0
15408,0804114986,0.0
15408,0804115761,0.0
15408,080411868X,0.0
15408,140003065X,0.0
15408,1558744150,0.0
15418,0140298479,8.0
15418,0142001805,0.0
15418,0312243022,10.0
15418,0312265867,0.0
15418,0312924585,0.0
15418,0312976275,0.0
15418,0312980140,8.0
15418,0312983867,8.0
15418,0316666343,0.0
15418,0345350499,0.0
15418,0345391802,7.0
15418,0345423402,0.0
15418,0385504209,0.0
15418,0439064872,0.0
15418,0440224764,0.0
15418,0441000916,9.0
15418,0441304834,0.0
15418,0446364193,0.0
15418,0449212084,0.0
15418,0449219461,0.0
15418,0515133876,0.0
15418,0552137030,0.0
15418,0553280368,0.0
15418,0553284789,0.0
15418,055356451X,0.0
15418,0671041789,7.0
15418,0671867113,0.0
15418,0679781587,0.0
15418,0805063897,0.0
15418,0971880107,0.0
15497,0140293248,6.0
15497,0316776963,0.0
15497,0345348109,0.0
15497,0375700757,0.0
15497,0375703063,0.0
15497,0385323638,0.0
15497,0385335881,9.0
15497,0449911004,0.0
15497,0609804138,0.0
15497,0679429220,0.0
15497,0679751602,0.0
15497,0743418204,0.0
15497,0743439740,0.0
15497,0842329129,0.0
15497,0842329218,0.0
15497,0842329242,0.0
15497,0842329250,0.0
15497,1400034779,0.0
15589,0440236703,7.0
15651,0060922532,0.0
15651,0312278586,0.0
15651,0375703055,0.0
15651,0380001411,10.0
15651,038542471X,0.0
15651,0385424728,0.0
15651,0439139597,0.0
15651,043936213X,0.0
15651,0439404371,10.0
15651,044021145X,0.0
15651,0440224764,10.0
15651,055357230X,0.0
15651,0842329129,10.0
15651,0842329218,10.0
15670,0060987103,0.0
15670,0345353145,0.0
15670,044021145X,0.0
15670,0446603422,7.0
15670,0446608955,0.0
15670,0553285343,0.0
15819,0060096195,10.0
15819,0064472795,0.0
15819,0425180638,0.0
15819,042518630X,0.0
15819,0451206525,0.0
15819,0515087122,0.0
15819,0515087947,0.0
15819,0515095826,0.0
15819,0515102652,9.0
15819,0553279912,0.0
15819,0553280341,0.0
15819,0553280368,0.0
15819,0553295977,0.0
15819,055356160X,0.0
15819,0671027360,10.0
15819,067976402X,0.0
15819,1400034779,0.0
15918,0060964049,0.0
15918,0385504209,0.0
15918,1400031346,0.0
15945,0374199698,0.0
15945,0375725784,0.0
15945,0380813815,5.0
15945,0385722206,0.0
15957,0060976845,0.0
15957,0312291639,3.0
15957,0375700757,0.0
15957,0380820889,0.0
15957,0385335482,9.0
15957,0385504209,0.0
15957,042516098X,0.0
15957,0440222656,0.0
15957,0440235162,0.0
15957,0440236703,0.0
15957,0440236738,0.0
15957,0446612790,0.0
15957,0446673544,9.0
15957,0449221482,0.0
15957,0553573136,8.0
15957,0743224574,0.0
15957,0804106304,0.0
15957,0804111359,0.0
15957,0971880107,0.0
16106,0060987103,7.0
16106,0061097314,0.0
16106,0064407667,0.0
16106,0140244824,0.0
16106,0142001740,0.0
16106,0142002267,9.0
16106,0156027321,0.0
16106,0312278586,8.0
16106,0312282990,0.0
16106,0312983824,0.0
16106,0312995423,0.0
16106,0316096199,0.0
16106,034540761X,0.0
16106,034541389X,7.0
16106,0345435168,0.0
16106,0345445848,9.0
16106,0345447840,0.0
16106,0345465083,10.0
16106,0373250207,0.0
16106,0373825013,0.0
16106,0375707972,9.0
16106,0375760911,0.0
16106,0380730847,0.0
16106,0385306024,0.0
16106,038548951X,0.0
16106,038550120X,0.0
16106,0385503857,0.0
16106,0385730586,10.0
16106,0439136350,0.0
16106,0440206154,0.0
16106,0440224624,0.0
16106,0440236738,0.0
16106,0446604801,0.0
16106,0446610100,0.0
16106,0446611212,0.0
16106,0446611778,0.0
16106,0446612545,0.0
16106,0449223345,0.0
16106,0451203895,7.0
16106,0451206525,0.0
16106,0452282829,0.0
16106,0553571656,0.0
16106,0553578308,0.0
16106,0671027360,10.0
16106,0671027387,0.0
16106,0671027581,0.0
16106,0671042262,0.0
16106,0671776134,0.0
16106,0671867172,0.0
16106,067976397X,0.0
16106,0743411250,0.0
16106,0786881852,0.0
16106,0786885688,9.0
16106,0805063897,0.0
16106,0842329277,0.0
16106,1400034779,10.0
16155,0060928336,0.0
16155,0316569321,0.0
16155,0316777722,0.0
16155,0345361792,8.0
16155,0345443284,0.0
16155,037570504X,0.0
16155,0380710218,0.0
16155,0380717018,0.0
16155,0380718332,0.0
16155,0385484518,0.0
16155,0385505833,0.0
16155,0425147622,0.0
16155,0425154092,8.0
16155,0425158616,7.0
16155,0425175405,0.0
16155,0446394521,0.0
16155,044651652X,0.0
16155,0446516538,0.0
16155,0446673544,0.0
16155,0449219364,0.0
16155,0449219461,0.0
16155,0449221482,0.0
16155,0449221504,0.0
16155,0449223604,0.0
16155,0449223612,0.0
16155,0515102652,0.0
16155,0553271636,0.0
16155,0553279556,0.0
16155,0553280368,0.0
16155,0553284789,0.0
16155,0553560247,0.0
16155,059030271X,0.0
16155,0671880187,7.0
16155,0679721886,0.0
16155,0749397543,0.0
16155,0804111359,0.0
16155,0805019375,0.0
16155,0805059555,0.0
16155,0971880107,0.0
16161,0099771519,9.0
16161,0156027321,0.0
16161,0786867647,9.0
16246,014025448X,0.0
16246,0140254544,0.0
16246,0140257934,0.0
16246,0140270590,0.0
16246,0345353145,6.0
16246,0345416260,0.0
16246,0380820293,10.0
16246,0385265700,9.0
16246,0385492081,9.0
16246,0425167313,0.0
16246,0440226430,9.0
16246,0446360589,0.0
16246,0451184963,3.0
16246,0671021001,0.0
16246,0804115613,10.0
16246,080411868X,0.0
16246,0805063897,0.0
16413,0064400557,0.0
16413,0156027321,0.0
16413,0345404769,0.0
16413,0375725784,0.0
16413,0440998050,0.0
16488,0060915544,8.0
16488,0070212570,8.0
16488,0140119906,0.0
16488,0312195516,0.0
16488,0312971346,0.0
16488,0345370775,0.0
16488,0345387651,8.0
16488,0380600129,0.0
16488,0380710722,0.0
16488,0385720955,0.0
16488,042511774X,8.0
16488,044021145X,5.0
16488,0440213525,0.0
16488,0440218535,0.0
16488,0440222656,0.0
16488,0446365386,8.0
16488,0446603422,0.0
16488,0446606812,7.0
16488,0449134482,0.0
16488,0451186923,0.0
16488,0452282152,0.0
16488,0553250531,0.0
16488,0553275976,7.0
16488,0553277472,9.0
16488,0553280945,0.0
16488,0553282476,0.0
16488,0671003755,0.0
16488,0679429220,0.0
16488,0743225406,10.0
16488,1559029838,0.0
16599,006019491X,0.0
16599,0140293248,8.0
16599,0345313860,0.0
16599,0345337662,8.0
16599,0345351525,5.0
16599,034538475X,6.0
16599,0380730138,0.0
16599,044651652X,0.0
16599,0446516538,6.0
16601,0156027321,0.0
16601,0312306326,0.0
16601,0312924801,5.0
16601,0345424719,0.0
16601,038572179X,0.0
16601,0425174271,0.0
16601,0440211263,0.0
16601,0440224594,0.0
16601,0446604844,0.0
16601,0452262143,0.0
16601,0553572326,0.0
16601,0786817070,9.0
16634,006016848X,7.0
16634,0060392452,8.0
16634,0060928336,0.0
16634,0060930535,0.0
16634,0060932759,0.0
16634,0060987529,0.0
16634,0060987561,0.0
16634,0142000205,0.0
16634,0142001430,0.0
16634,0142001805,0.0
16634,015100692X,9.0
16634,0312195516,0.0
16634,0312924801,0.0
16634,0312986343,0.0
16634,0312995423,0.0
16634,0316284955,8.0
16634,0316569321,0.0
16634,0316780375,0.0
16634,0345313860,10.0
16634,0345334019,0.0
16634,0345350499,10.0
16634,0345378490,0.0
16634,0345380371,0.0
16634,0345404769,0.0
16634,0345422317,8.0
16634,0345443284,0.0
16634,0345465083,0.0
16634,0373218400,0.0
16634,0373250207,0.0
16634,037325024X,0.0
16634,0375705856,0.0
16634,0375725784,3.0
16634,0375727345,0.0
16634,0380002930,10.0
16634,0380018179,7.0
16634,0380718332,0.0
16634,0380730138,0.0
16634,0380731851,0.0
16634,0380789019,9.0
16634,0380789035,0.0
16634,0380820293,0.0
16634,0385720106,0.0
16634,0385722435,0.0
16634,0399501487,8.0
16634,042510107X,0.0
16634,0425122123,0.0
16634,0425173631,0.0
16634,0425175405,0.0
16634,0425178765,0.0
16634,0425180964,0.0
16634,042518286X,0.0
16634,042518630X,0.0
16634,0440213525,7.0
16634,0440214041,0.0
16634,0440226430,0.0
16634,0440236738,0.0
16634,0441000916,0.0
16634,0441172717,0.0
16634,0441304834,8.0
16634,0441569595,0.0
16634,0446310786,0.0
16634,0446359866,7.0
16634,0446516538,0.0
16634,044651862X,0.0
16634,0446527165,0.0
16634,0446604844,0.0
16634,0446606324,0.0
16634,0446607711,0.0
16634,0446608890,0.0
16634,0446610542,0.0
16634,0446667900,0.0
16634,0449212602,8.0
16634,0451166892,10.0
16634,0451202503,7.0
16634,0451206525,0.0
16634,0452260116,0.0
16634,0452262143,8.0
16634,0515132020,0.0
16634,0515133876,0.0
16634,0525947647,0.0
16634,055321313X,0.0
16634,0553268880,0.0
16634,0553279912,0.0
16634,0553285343,0.0
16634,055356451X,0.0
16634,0553572326,0.0
16634,0553579754,0.0
16634,0671042858,0.0
16634,0671693816,0.0
16634,0679734775,0.0
16634,0679751521,0.0
16634,067976402X,8.0
16634,0679772677,8.0
16634,068484267X,0.0
16634,080410526X,0.0
16634,0804114986,0.0
16634,0842329129,0.0
16634,089480829X,0.0
16634,0971880107,0.0
16634,1558744150,0.0
16718,0061098361,0.0
16718,0142001740,8.0
16718,0385335482,10.0
16718,0385335881,0.0
16718,038550120X,0.0
16718,0440236673,0.0
16718,0446527165,0.0
16718,0446605239,9.0
16718,0446608890,0.0
16718,0446611808,0.0
16718,0515131229,0.0
16718,0515132187,0.0
16718,0670880728,10.0
16718,0679781587,0.0
16718,0743418174,10.0
16718,0767905180,10.0
16718,0786868716,10.0
16718,0786881852,9.0
16718,155874262X,9.0
16718,1558743316,8.0
16721,0061097314,0.0
16721,0373484003,0.0
16721,0373484410,9.0
16721,0425122123,0.0
16721,0425147584,0.0
16721,0425180638,0.0
16721,0446525502,7.0
16721,051512608X,0.0
16721,0515127833,0.0
16721,0515130389,5.0
16721,0553295977,0.0
16721,0671028375,0.0
16721,0671041789,0.0
16795,002542730X,0.0
16795,0060085444,0.0
16795,0060096195,0.0
16795,0060199652,0.0
16795,0060502258,0.0
16795,0060928336,0.0
16795,0060930535,4.0
16795,0060934417,0.0
16795,0060976845,7.0
16795,0061009059,9.0
16795,0061091790,0.0
16795,0061097101,0.0
16795,0061097314,0.0
16795,0061098361,0.0
16795,0064407667,8.0
16795,0064407675,7.0
16795,0070212570,9.0
16795,0140244824,6.0
16795,014025448X,0.0
16795,014100018X,0.0
16795,0142000205,9.0
16795,0142001740,10.0
16795,0142002267,0.0
16795,0151008116,10.0
16795,0156005891,0.0
16795,0156006529,0.0
16795,0312144075,10.0
16795,0312195516,9.0
16795,0312291639,9.0
16795,0312305060,8.0
16795,0312306326,0.0
16795,031242227X,9.0
16795,0312924585,0.0
16795,0312958129,0.0
16795,0312961324,0.0
16795,0312966091,0.0
16795,0312966970,8.0
16795,0312971346,0.0
16795,0312976275,0.0
16795,0312980140,6.0
16795,0312983271,0.0
16795,0312983824,0.0
16795,0316096199,0.0
16795,0316168688,10.0
16795,0316182540,8.0
16795,0316569321,9.0
16795,0316601950,0.0
16795,0316666343,10.0
16795,0316693006,0.0
16795,0316693200,0.0
16795,0316769487,8.0
16795,0316776963,0.0
16795,0316781010,0.0
16795,0316781142,9.0
16795,0316782505,8.0
16795,0345339703,8.0
16795,0345342968,8.0
16795,0345353145,0.0
16795,0345354621,0.0
16795,0345361792,0.0
16795,0345369947,0.0
16795,0345370775,0.0
16795,0345370805,0.0
16795,0345378490,7.0
16795,0345380371,0.0
16795,0345384350,5.0
16795,0345384369,8.0
16795,0345384466,0.0
16795,0345386108,0.0
16795,0345387651,5.0
16795,0345402871,0.0
16795,0345404114,0.0
16795,0345404769,0.0
16795,0345413903,0.0
16795,0345417623,5.0
16795,0345427637,0.0
16795,0345433491,0.0
16795,0345435168,8.0
16795,0345438329,9.0
16795,0345439104,8.0
16795,0345443284,0.0
16795,0345445848,0.0
16795,0345447840,0.0
16795,0375412530,9.0
16795,0375412824,10.0
16795,0375502238,8.0
16795,0375703055,0.0
16795,0375703063,8.0
16795,0375703861,0.0
16795,0375705856,0.0
16795,0375706771,7.0
16795,0375707972,5.0
16795,0375725784,0.0
16795,0375726403,4.0
16795,0375727345,9.0
16795,0380001411,7.0
16795,0380002930,6.0
16795,0380726254,0.0
16795,0380730138,8.0
16795,0380813815,0.0
16795,0380820889,0.0
16795,0385265700,0.0
16795,0385335482,0.0
16795,0385335881,0.0
16795,0385420161,7.0
16795,0385479565,0.0
16795,0385484518,0.0
16795,0385492081,5.0
16795,0385504209,10.0
16795,0385505833,10.0
16795,0385720106,9.0
16795,0385720955,0.0
16795,0385721420,0.0
16795,039480001X,5.0
16795,042510687X,8.0
16795,0425107469,9.0
16795,0425109720,0.0
16795,0425115801,8.0
16795,0425116840,0.0
16795,0425119653,7.0
16795,0425124347,0.0
16795,0425130711,0.0
16795,042513525X,0.0
16795,042513699X,7.0
16795,0425142485,0.0
16795,0425143325,0.0
16795,0425144429,0.0
16795,0425147584,0.0
16795,0425162443,9.0
16795,0425174271,0.0
16795,0425178765,0.0
16795,042518109X,9.0
16795,042518286X,0.0
16795,0425182878,5.0
16795,0440178002,0.0
16795,0440200563,8.0
16795,0440211263,9.0
16795,044021145X,0.0
16795,0440211727,0.0
16795,0440213290,0.0
16795,0440213525,5.0
16795,0440214041,6.0
16795,0440220602,0.0
16795,044022103X,8.0
16795,0440221471,0.0
16795,0440221595,0.0
16795,044022165X,5.0
16795,0440222656,9.0
16795,0440224624,0.0
16795,0440224675,5.0
16795,0440224764,0.0
16795,0440225701,0.0
16795,0440226104,5.0
16795,0440226430,9.0
16795,0440234743,0.0
16795,0440235162,0.0
16795,0440236703,9.0
16795,0440236738,0.0
16795,044023722X,0.0
16795,0440241537,0.0
16795,0440940001,9.0
16795,0440998050,0.0
16795,0441304834,0.0
16795,0446360589,0.0
16795,0446363251,8.0
16795,0446364193,8.0
16795,0446394521,0.0
16795,044651652X,9.0
16795,044651862X,6.0
16795,0446527793,0.0
16795,0446531332,9.0
16795,0446601241,0.0
16795,0446601640,0.0
16795,0446603589,0.0
16795,0446604666,0.0
16795,0446605239,10.0
16795,0446605581,0.0
16795,0446606324,0.0
16795,0446606812,0.0
16795,0446607193,0.0
16795,0446607657,9.0
16795,0446607711,0.0
16795,0446608890,0.0
16795,0446608955,8.0
16795,0446609404,8.0
16795,0446610038,9.0
16795,0446610399,6.0
16795,0446610542,0.0
16795,0446612545,0.0
16795,0446672211,8.0
16795,0446675059,0.0
16795,0449219364,0.0
16795,0449221490,0.0
16795,0449221504,0.0
16795,0449221512,0.0
16795,0449223604,0.0
16795,0449907481,0.0
16795,0451156609,0.0
16795,0451166892,0.0
16795,0451169522,10.0
16795,0451177096,8.0
16795,0451184963,8.0
16795,0451186362,0.0
16795,0451188454,0.0
16795,0451203771,0.0
16795,0451524934,8.0
16795,0452277337,0.0
16795,0452282152,0.0
16795,0452282829,0.0
16795,0515087122,0.0
16795,0515087947,0.0
16795,0515095826,0.0
16795,0515102652,0.0
16795,0515113328,0.0
16795,051511992X,10.0
16795,0515126772,0.0
16795,0515131083,0.0
16795,0515131229,0.0
16795,051513287X,0.0
16795,0553234811,0.0
16795,0553250426,7.0
16795,0553268880,5.0
16795,055329170X,0.0
16795,0553295977,5.0
16795,0553296981,8.0
16795,0553560247,0.0
16795,055356160X,0.0
16795,055356451X,0.0
16795,0553569910,0.0
16795,0553571818,0.0
16795,0553572326,9.0
16795,0553572997,0.0
16795,0553573136,0.0
16795,0553576801,0.0
16795,0553578022,0.0
16795,0553579606,0.0
16795,0553579754,8.0
16795,0553580191,7.0
16795,0553580221,0.0
16795,0553581554,0.0
16795,0553582135,0.0
16795,0553582658,0.0
16795,0553583441,0.0
16795,0553801430,0.0
16795,0670880728,7.0
16795,067088300X,0.0
16795,067100042X,0.0
16795,0671001795,7.0
16795,0671002481,0.0
16795,0671004573,0.0
16795,0671014196,0.0
16795,0671021001,10.0
16795,067102423X,0.0
16795,0671026011,0.0
16795,0671027360,0.0
16795,0671027662,0.0
16795,0671028375,0.0
16795,0671041789,7.0
16795,0671042262,8.0
16795,0671042572,0.0
16795,0671042858,0.0
16795,0671510053,5.0
16795,0671525743,8.0
16795,067164257X,9.0
16795,0671683993,0.0
16795,0671695169,0.0
16795,0671708635,7.0
16795,0671727583,0.0
16795,0671741187,0.0
16795,0671867091,0.0
16795,0671867156,0.0
16795,0671888587,0.0
16795,0679429220,0.0
16795,0679721886,0.0
16795,0679745203,7.0
16795,0679746048,9.0
16795,0679751602,0.0
16795,067976402X,0.0
16795,0684801523,6.0
16795,068484477X,7.0
16795,0684874350,7.0
16795,0688170528,8.0
16795,0688177751,0.0
16795,0688177859,0.0
16795,0743203631,8.0
16795,0743211375,9.0
16795,0743224574,0.0
16795,0743235150,10.0
16795,0743237188,9.0
16795,0743418174,9.0
16795,0743436210,0.0
16795,074343627X,0.0
16795,0767900383,0.0
16795,0767905180,0.0
16795,0786866276,0.0
16795,0786867647,10.0
16795,0786868716,8.0
16795,0786881852,9.0
16795,0786885688,7.0
16795,0786889020,5.0
16795,080410526X,0.0
16795,0804106304,0.0
16795,080410946X,0.0
16795,0804115613,7.0
16795,080411868X,0.0
16795,080411918X,0.0
16795,0842329129,9.0
16795,0842329218,0.0
16795,0842329242,9.0
16795,0842329250,0.0
16795,0842329269,9.0
16795,0842329277,0.0
16795,0842329285,7.0
16795,084233226X,6.0
16795,0971880107,0.0
16795,1558743669,10.0
16795,1558744150,8.0
16795,1558745017,7.0
16795,1573229326,9.0
16916,0060987103,0.0
16916,0061091790,0.0
16916,0312924585,10.0
16916,0312974256,0.0
16916,0312980140,0.0
16916,0316284955,0.0
16916,0345334019,0.0
16916,0345370775,0.0
16916,034540288X,0.0
16916,034540761X,0.0
16916,0380718332,0.0
16916,0380718340,0.0
16916,0425147622,0.0
16916,0425155404,0.0
16916,0425158616,0.0
16916,0425163407,10.0
16916,0440200563,0.0
16916,0440206154,0.0
16916,0440211727,0.0
16916,0440213290,0.0
16916,0440213525,0.0
16916,0440214041,10.0
16916,0440220602,0.0
16916,0440222656,7.0
16916,0446360589,10.0
16916,0446611778,0.0
16916,0451166892,0.0
16916,0515121843,0.0
16916,051513287X,0.0
16916,0553582526,9.0
16916,0671021001,0.0
16916,0671027581,0.0
16916,0671673688,0.0
16916,0671741187,0.0
16916,0671758896,0.0
16916,0671867113,0.0
16916,0671867164,0.0
16916,0671888587,0.0
16916,068484477X,0.0
16916,0804115613,0.0
16916,080411868X,0.0
16916,0842329129,10.0
16916,0842329218,10.0
16916,0842329242,10.0
16916,0842329250,10.0
16916,0842329269,10.0
16916,0842329285,10.0
16916,084233226X,10.0
16916,1551666839,0.0
16943,0060928336,0.0
16943,0312274920,8.0
16943,0312976275,0.0
16943,0345370805,0.0
16943,0375706771,0.0
16943,044021145X,6.0
16943,044651652X,0.0
16943,0449003795,0.0
16943,0452282152,0.0
16943,0553569155,0.0
16943,0553573136,0.0
16943,0671001795,0.0
16943,0671038184,0.0
16943,0971880107,0.0
16943,1573229326,0.0
16966,0312974256,9.0
16966,0316096199,0.0
16966,0345353145,0.0
16966,0345354621,0.0
16966,0345378490,0.0
16966,0345423402,6.0
16966,0385505833,0.0
16966,044021145X,0.0
16966,0440214041,0.0
16966,0446606812,0.0
16966,0553271636,0.0
16966,0553569910,3.0
16966,0671001795,0.0
16966,0671028375,0.0
16966,067976402X,0.0
16996,002542730X,8.0
16996,0064400581,8.0
16996,0140177396,5.0
16996,0140293248,0.0
16996,014034294X,0.0
16996,0312195516,0.0
16996,0312983824,7.0
16996,0380001411,0.0
16996,0385323638,8.0
16996,0385335482,7.0
16996,0385335881,0.0
16996,0440122090,6.0
16996,0440211263,0.0
16996,0440213290,9.0
16996,0440514428,8.0
16996,044651652X,0.0
16996,0671510053,7.0
16996,0671776134,9.0
17003,0060392452,10.0
17003,0060915544,10.0
17003,0060921145,10.0
17003,0060922532,5.0
17003,0060938455,10.0
17003,0312195516,0.0
17003,0312291639,0.0
17003,0312305060,10.0
17003,0316666343,9.0
17003,0316776963,7.0
17003,0345337662,7.0
17003,0385722435,9.0
17003,0446532231,10.0
17003,0452264464,0.0
17003,0671683993,6.0
17003,0679731148,0.0
17003,0679734775,9.0
17003,0679781587,8.0
17003,0786866586,10.0
17003,0804106304,8.0
17003,080411109X,8.0
17183,0316666343,6.0
17183,0316769487,6.0
17183,0345402871,0.0
17183,0452282152,6.0
17183,0452284449,6.0
17183,0804114986,6.0
17190,014029628X,0.0
17190,0312195516,0.0
17190,0375703055,10.0
17190,0385730586,0.0
17190,0842329129,10.0
17190,0842329218,0.0
17190,0842329242,10.0
17190,0842329250,0.0
17190,0842329285,7.0
17190,084233226X,7.0
17282,0060938455,0.0
17282,0312983271,8.0
17282,031298328X,0.0
17282,0380718332,0.0
17282,0425154092,0.0
17282,0515124214,0.0
17282,0671014196,6.0
17282,0804106304,0.0
17282,080411109X,0.0
17282,0971880107,0.0
17507,0060977493,0.0
17507,0451203771,0.0
17507,0971880107,0.0
17667,0064407667,7.0
17667,0312974256,8.0
17667,0312980159,9.0
17667,0316779423,7.0
17667,0439064872,7.0
17667,044048474X,9.0
17667,067976402X,8.0
17667,0743418174,0.0
17859,0316182540,10.0
17859,0345334019,8.0
17859,0375500510,0.0
17859,0380718332,10.0
17859,0425109720,0.0
17859,0425154092,10.0
17859,0425169863,10.0
17859,0425175405,10.0
17859,0425180638,0.0
17859,0440200989,0.0
17859,0440211727,0.0
17859,0440218535,7.0
17859,0440226430,9.0
17859,0440236673,0.0
17859,0446359866,10.0
17859,0449221482,10.0
17859,055356451X,10.0
17859,0553572997,0.0
17859,0553582526,0.0
17859,0671004573,9.0
17859,0671867091,0.0
17859,0671894455,5.0
17859,0684874350,0.0
17859,140003065X,0.0
17950,006019491X,0.0
17950,0060199652,0.0
17950,0060928336,0.0
17950,0060930535,0.0
17950,0060976845,0.0
17950,0060977493,0.0
17950,006101351X,0.0
17950,0064407667,10.0
17950,0064407675,10.0
17950,0070212570,0.0
17950,0140293248,0.0
17950,014029628X,0.0
17950,0140298479,0.0
17950,014034294X,8.0
17950,0142001740,0.0
17950,0316666343,0.0
17950,0316769487,9.0
17950,0316899984,0.0
17950,0345361792,0.0
17950,0345443284,4.0
17950,0375412530,0.0
17950,0375501371,0.0
17950,0375506039,0.0
17950,0375702709,8.0
17950,0375703055,0.0
17950,0375703063,0.0
17950,037570504X,0.0
17950,0375727345,0.0
17950,0380730138,3.0
17950,038079487X,0.0
17950,0385265700,0.0
17950,0385306024,5.0
17950,0385420161,0.0
17950,0385424728,0.0
17950,0385484518,8.0
17950,0385497466,5.0
17950,038550120X,0.0
17950,0385502532,0.0
17950,0385720106,0.0
17950,039914613X,0.0
17950,0399501487,0.0
17950,0425152251,0.0
17950,0440206154,0.0
17950,0440211727,5.0
17950,0440213525,5.0
17950,0440214041,0.0
17950,0440226104,0.0
17950,0440235596,0.0
17950,0446310786,8.0
17950,044651652X,9.0
17950,0446516538,7.0
17950,0446601640,0.0
17950,0446605239,6.0
17950,0446606812,0.0
17950,0446608955,10.0
17950,0446672211,0.0
17950,0446673544,0.0
17950,0449223604,0.0
17950,0451202341,0.0
17950,0452281903,0.0
17950,0452282829,5.0
17950,0553279378,0.0
17950,0553296981,8.0
17950,0553569155,5.0
17950,0670869902,0.0
17950,0671021001,0.0
17950,0671041789,0.0
17950,0671042572,0.0
17950,0671510053,0.0
17950,0671867164,0.0
17950,0671880187,0.0
17950,0671880314,0.0
17950,067976402X,0.0
17950,0679781587,9.0
17950,068484267X,5.0
17950,068484477X,0.0
17950,0684867621,5.0
17950,0684874350,8.0
17950,0786817070,5.0
17950,0786866276,0.0
17950,0786889020,5.0
17950,080410753X,0.0
17950,080411109X,2.0
17950,0971880107,0.0
17950,1558743316,10.0
17950,1558743669,0.0
17950,1558744150,8.0
17950,1558745157,0.0
18067,006016848X,0.0
18067,0064400557,0.0
18067,0064407667,8.0
18067,0142001740,0.0
18067,0316569321,6.0
18067,0316769487,3.0
18067,0345353145,0.0
18067,0375501371,0.0
18067,0380718332,6.0
18067,0385504209,0.0
18067,038572179X,0.0
18067,0394820371,0.0
18067,039914613X,0.0
18067,0425116840,0.0
18067,0425154092,0.0
18067,0425158632,0.0
18067,0425163385,0.0
18067,0425174271,0.0
18067,043935806X,0.0
18067,0440206154,0.0
18067,0440213525,0.0
18067,0440226430,4.0
18067,0446364193,0.0
18067,044651652X,0.0
18067,0446516538,0.0
18067,0449221504,0.0
18067,0451172817,0.0
18067,0553263226,0.0
18067,0553279556,0.0
18067,0671027360,0.0
18067,067976402X,0.0
18067,0684810387,5.0
18067,0786867647,8.0
18067,1400034779,0.0
18082,0312974256,8.0
18082,0312979886,0.0
18082,0316776963,0.0
18082,0380710218,0.0
18082,0385335881,0.0
18082,0425154092,0.0
18082,0425172546,0.0
18082,0440221471,8.0
18082,0440226430,8.0
18082,0446364193,7.0
18082,0446604275,8.0
18082,0446604801,0.0
18082,0446605239,9.0
18082,0446607657,7.0
18082,0449134482,0.0
18082,051512219X,8.0
18082,0553250426,0.0
18082,0553289411,0.0
18082,055329170X,0.0
18082,055356160X,0.0
18082,0671027581,0.0
18082,0786889020,0.0
18082,080410526X,9.0
18082,0804106304,0.0
18155,0345313860,6.0
18155,0399501487,8.0
18155,0553280341,0.0
18155,0679429220,8.0
18155,0679439382,0.0
18172,006016848X,0.0
18172,006101351X,0.0
18172,0345354621,0.0
18172,0345370775,0.0
18172,034540288X,0.0
18172,0345404785,0.0
18172,0373484410,0.0
18172,038542471X,0.0
18172,0425109720,10.0
18172,0439064872,0.0
18172,044021145X,0.0
18172,044022165X,0.0
18172,0440241537,0.0
18172,044651652X,9.0
18172,0553285343,0.0
18172,067976402X,0.0
18172,0684848783,0.0
18172,0804106304,0.0
18172,089480829X,0.0
18309,0345378490,6.0
18384,0345350499,0.0
18401,0060085444,0.0
18401,042516098X,0.0
18401,0446607193,0.0
18401,0446610038,10.0
18401,0446612790,0.0
18401,0553582127,0.0
18401,0553582135,0.0
18995,0064400042,0.0
19085,0345417623,8.0
19085,0380789019,8.0
19085,0380820889,0.0
19085,0385504209,0.0
19085,0425121631,0.0
19085,042513525X,8.0
19085,0425147363,9.0
19085,0425155404,7.0
19085,0425163385,0.0
19085,0425184226,10.0
19085,0446364193,8.0
19085,0446601241,9.0
19085,0446605239,0.0
19085,0451188462,9.0
19085,0553580221,8.0
19085,0553582526,0.0
19085,0553582755,0.0
19085,0671024248,9.0
19085,0671042858,0.0
19085,0684810387,0.0
19085,0786817070,0.0
19085,0842329218,0.0
19085,0842329242,0.0
19085,0842329250,0.0
19085,0842329277,0.0
19085,0842329285,0.0
19085,084233226X,0.0
19085,0971880107,0.0
19493,006101351X,0.0
19493,0312305060,7.0
19493,0316569321,10.0
19493,0316666343,10.0
19493,0373218192,10.0
19493,0375703063,9.0
19493,0385484518,10.0
19493,0515127833,0.0
19493,0553295977,0.0
19493,0805019375,0.0
19522,0312958129,0.0
19522,0446611867,0.0
19522,0553561618,0.0
19664,0060392452,0.0
19664,0060921145,8.0
19664,0060922532,0.0
19664,0060930535,0.0
19664,0060976845,8.0
19664,0060987561,0.0
19664,006101351X,10.0
19664,0064400581,0.0
19664,0070212570,0.0
19664,014023313X,0.0
19664,0140244824,0.0
19664,014028009X,0.0
19664,0140293248,0.0
19664,0312150601,0.0
19664,0312243022,0.0
19664,0312291639,0.0
19664,0316569321,0.0
19664,0345413350,0.0
19664,0345438329,0.0
19664,0375700757,8.0
19664,0375705856,0.0
19664,0380714752,0.0
19664,038079487X,0.0
19664,0385335482,8.0
19664,0385474016,0.0
19664,042511774X,0.0
19664,0425167313,9.0
19664,044022103X,0.0
19664,0440514428,0.0
19664,044651652X,0.0
19664,0446531332,0.0
19664,0446605239,4.0
19664,0446606812,0.0
19664,0449134482,0.0
19664,0449907481,0.0
19664,0451203895,0.0
19664,0670892963,8.0
19664,0671042572,0.0
19664,0671510053,0.0
19664,0679745203,0.0
19664,0786885688,0.0
19664,0804108749,9.0
19681,0316284955,10.0
19681,0373484003,9.0
19681,0380001411,10.0
19681,0385335482,10.0
19681,0515124214,0.0
19681,051512608X,0.0
19681,0553250426,0.0
19681,055357230X,0.0
19681,0842329129,10.0
19711,031242227X,7.0
19711,0312995423,0.0
19711,0345334019,0.0
19711,0345384369,8.0
19711,0380726254,8.0
19711,0385484518,9.0
19711,0385504209,0.0
19711,0425121259,5.0
19711,0425143325,0.0
19711,0425155404,0.0
19711,042516098X,0.0
19711,0425163407,8.0
19711,0425175405,0.0
19711,0446532231,7.0
19711,0446610038,0.0
19711,044661064X,0.0
19711,0446611808,0.0
19711,0446612545,0.0
19711,0449219461,0.0
19711,0449221482,0.0
19711,0515102652,7.0
19711,0515128546,5.0
19711,051513287X,0.0
19711,0553285343,0.0
19711,0553580221,8.0
19711,0684872153,8.0
19842,0060921145,0.0
19842,0060928336,10.0
19842,0060934417,0.0
19842,0061097101,9.0
19842,014034294X,0.0
19842,0312195516,0.0
19842,0312961324,5.0
19842,031298328X,9.0
19842,0316969680,0.0
19842,0345339681,0.0
19842,0345378490,0.0
19842,0345404114,0.0
19842,0375726403,6.0
19842,0380710722,0.0
19842,0440122090,9.0
19842,0446604666,0.0
19842,0451183665,0.0
19842,0452282195,0.0
19842,0515128546,0.0
19842,0515131229,9.0
19842,0515132020,0.0
19842,055321313X,0.0
19842,0553260111,8.0
19842,0553578022,0.0
19842,0671002481,0.0
19842,0671041789,9.0
19842,0671510053,0.0
19842,0743227441,0.0
19842,0743237188,0.0
19842,0804114986,0.0
20060,0345404785,6.0
20060,034541389X,0.0
20060,0345416260,10.0
20060,0345447840,0.0
20060,0425153975,9.0
20060,042518109X,7.0
20060,0425182878,10.0
20060,0425182908,2.0
20060,0440178002,8.0
20060,044021145X,9.0
20060,0440224624,8.0
20060,0440224764,9.0
20060,0440235162,10.0
20060,0440241073,9.0
20060,0446527165,9.0
20060,0446607193,9.0
20060,044661064X,0.0
20060,0446611212,10.0
20060,0446611808,9.0
20060,0446612545,9.0
20060,0446667900,7.0
20060,0451206525,0.0
20060,0515130389,0.0
20060,0553561618,0.0
20060,0553571818,10.0
20060,0553576801,0.0
20060,0553583441,0.0
20060,0671026011,9.0
20060,0671042262,7.0
20060,0743436210,3.0
20060,0743439740,8.0
20060,0767900383,9.0
20060,0971880107,0.0
20115,0060175400,0.0
20115,0060987561,0.0
20115,0064400042,0.0
20115,014025448X,10.0
20115,0140254544,10.0
20115,0140257934,0.0
20115,0140270590,0.0
20115,0316569321,0.0
20115,0316601950,0.0
20115,0345337662,0.0
20115,0345351525,0.0
20115,034538475X,0.0
20115,034540288X,0.0
20115,0375705198,0.0
20115,0380002930,0.0
20115,0380714752,0.0
20115,0385335482,0.0
20115,0399501487,0.0
20115,0425121631,0.0
20115,0440211263,0.0
20115,0440222656,0.0
20115,0440235596,0.0
20115,0446610038,0.0
20115,0446672211,10.0
20115,0449212602,0.0
20115,0451166892,0.0
20115,0451202341,0.0
20115,0515131229,0.0
20115,0515132020,0.0
20115,0515132187,0.0
20115,059045367X,0.0
20115,0671002481,0.0
20115,0671004107,0.0
20115,0671004530,0.0
20115,0671042858,0.0
20115,0671617028,0.0
20115,0671693816,0.0
20115,0671708635,0.0
20115,0671727583,0.0
20115,0671776134,0.0
20115,0679781587,0.0
20115,068484267X,0.0
20115,0743206045,0.0
20115,074343627X,0.0
20115,089480829X,0.0
20115,1558744150,0.0
20119,0060928336,0.0
20119,0060976845,0.0
20119,006101351X,0.0
20119,0061098361,8.0
20119,0142001740,0.0
20119,0312924801,0.0
20119,0316678104,0.0
20119,0316899984,0.0
20119,034540288X,0.0
20119,0345417623,0.0
20119,0345422317,0.0
20119,0375703063,0.0
20119,0425116840,0.0
20119,0425147363,0.0
20119,0425158616,0.0
20119,0440213029,0.0
20119,0440213525,9.0
20119,0440214041,0.0
20119,0440221595,0.0
20119,0440222656,9.0
20119,0440236673,0.0
20119,044023722X,0.0
20119,0446606812,10.0
20119,0446610100,0.0
20119,0451188454,0.0
20119,0553582755,8.0
20119,059035342X,10.0
20119,0671021001,0.0
20119,0804106304,0.0
20119,0804115761,0.0
20119,080411918X,0.0
20119,1558744150,7.0
20172,0060958022,10.0
20172,0060987529,9.0
20172,0142001740,0.0
20172,0142001805,9.0
20172,0345337662,8.0
20172,0345413350,0.0
20172,0374199698,10.0
20172,0385265700,0.0
20172,0385504209,5.0
20172,0452282152,0.0
20172,0452282829,0.0
20172,0553234811,0.0
20172,0553277472,10.0
20172,059030271X,10.0
20172,0871136791,10.0
20180,0060502258,8.0
20180,0060921145,0.0
20180,0060928336,10.0
20180,0060930535,8.0
20180,0060976845,8.0
20180,0070212570,9.0
20180,014028009X,5.0
20180,0140298479,8.0
20180,0142001740,0.0
20180,0312195516,10.0
20180,0312243022,8.0
20180,0312958129,0.0
20180,0345436911,8.0
20180,0345439104,8.0
20180,0446612545,0.0
20180,0446613266,0.0
20180,0446672211,8.0
20180,0449005615,0.0
20180,0449219364,8.0
20180,0449221482,0.0
20180,0449221504,8.0
20180,0449221512,8.0
20180,0451169530,10.0
20180,0451186362,8.0
20180,0553271636,8.0
20180,0553279556,8.0
20180,0553280341,8.0
20180,0553280368,8.0
20180,0553284789,8.0
20180,0671041789,10.0
20180,0679746048,0.0
20180,0679781587,10.0
20180,0743203631,0.0
20180,0743227441,8.0
20180,1573225789,10.0
20201,0345313860,0.0
20201,0345351525,0.0
20201,0345370775,8.0
20201,034538475X,0.0
20201,0373484410,0.0
20201,0373825013,0.0
20201,0425144429,0.0
20201,0440206154,7.0
20201,044021145X,0.0
20201,0440211727,0.0
20201,0440214041,0.0
20201,044023722X,0.0
20201,0446604275,0.0
20201,0451170385,10.0
20201,0515131229,0.0
20201,0515132020,0.0
20201,051513287X,0.0
20201,0553260111,0.0
20201,0553564528,8.0
20201,0553582755,0.0
20201,0671743058,0.0
20201,0671867156,0.0
20201,0971880107,0.0
20201,1559029838,0.0
20409,0060922532,0.0
20409,0312144075,10.0
20409,0345402871,0.0
20409,0385323638,0.0
20409,0425122123,0.0
20409,0440202043,0.0
20409,0446675059,0.0
20409,0767905180,10.0
20462,0060915544,0.0
20462,0142001430,6.0
20462,0312144075,0.0
20462,0312282990,0.0
20462,0312305060,7.0
20462,0345313860,0.0
20462,0375725784,8.0
20462,0380717018,0.0
20462,0385722206,7.0
20462,0425115801,0.0
20462,0425172546,0.0
20462,0439404371,9.0
20462,0440211727,7.0
20462,0440234743,0.0
20462,0451188462,0.0
20462,0670030643,6.0
20462,0767900383,6.0
20462,0786881852,0.0
20627,006019491X,9.0
20627,014023313X,0.0
20627,0316569321,0.0
20627,0316781010,0.0
20627,0375727345,0.0
20627,0380730138,9.0
20627,0452277337,0.0
20971,0316666343,6.0
20971,0345443284,4.0
20971,0375702709,0.0
20971,038542471X,0.0
20971,042518630X,0.0
20971,0440206154,0.0
20971,0440224675,9.0
20971,0440225701,0.0
20971,0440241073,0.0
20971,0446611778,0.0
20971,0449223612,0.0
20971,0451177096,0.0
20971,0451183665,0.0
20971,0671741187,0.0
20971,0671758896,5.0
20971,0743206045,0.0
20971,0805059555,0.0
21011,0060915544,8.0
21011,0060958022,10.0
21011,0140298479,0.0
21011,0142001740,10.0
21011,0156027321,7.0
21011,0312291639,8.0
21011,031242227X,5.0
21011,0316601950,8.0
21011,0316666343,0.0
21011,0345439104,8.0
21011,0345445848,5.0
21011,0375700757,0.0
21011,0375702709,0.0
21011,0375705856,7.0
21011,0440213290,0.0
21011,0452281903,0.0
21011,0679731148,8.0
21011,0679736042,0.0
21011,0743203631,8.0
21011,0743237188,8.0
21011,1558745157,7.0
21014,0060175400,7.0
21014,0060391626,0.0
21014,0060392452,0.0
21014,0060915544,8.0
21014,0060921145,8.0
21014,0060922532,0.0
21014,0060928336,8.0
21014,0060930535,0.0
21014,0060932759,8.0
21014,0060934417,0.0
21014,0060977493,0.0
21014,0060987529,0.0
21014,006101351X,0.0
21014,0061098361,0.0
21014,0064400042,10.0
21014,0064400557,10.0
21014,0064407667,8.0
21014,0070212570,8.0
21014,0140067477,0.0
21014,0140119906,0.0
21014,0140177396,8.0
21014,014023313X,3.0
21014,014025448X,0.0
21014,014028009X,0.0
21014,0140293248,8.0
21014,014029628X,8.0
21014,0140298479,0.0
21014,014034294X,0.0
21014,0142001430,0.0
21014,0142001740,0.0
21014,015100692X,0.0
21014,0151008116,0.0
21014,0156006529,0.0
21014,0312144075,0.0
21014,0312195516,9.0
21014,0312265867,0.0
21014,0312278586,7.0
21014,0312305060,8.0
21014,0312924801,7.0
21014,0312958129,0.0
21014,0312961324,8.0
21014,0312971346,6.0
21014,0312974256,0.0
21014,0312980140,0.0
21014,0312983271,0.0
21014,0312983867,0.0
21014,0316089699,9.0
21014,0316284955,7.0
21014,0316569321,8.0
21014,0316678104,0.0
21014,0316776963,0.0
21014,0316781010,10.0
21014,0316781142,6.0
21014,0316781266,0.0
21014,0316789089,8.0
21014,0316969443,0.0
21014,0345313860,0.0
21014,0345337662,0.0
21014,0345350499,0.0
21014,034536676X,0.0
21014,0345370775,5.0
21014,0345370805,0.0
21014,0345384466,0.0
21014,0345387651,8.0
21014,0345391802,0.0
21014,0345404114,0.0
21014,0345404785,0.0
21014,0345424719,0.0
21014,0345427637,0.0
21014,0345438329,0.0
21014,0345439104,0.0
21014,0345443284,0.0
21014,0345465083,0.0
21014,0374129983,8.0
21014,0374199698,0.0
21014,0375500510,8.0
21014,0375506039,0.0
21014,0375700757,8.0
21014,0375702709,0.0
21014,0375705198,0.0
21014,0375705856,7.0
21014,0375706410,0.0
21014,0375706771,0.0
21014,0375707972,4.0
21014,0375725784,0.0
21014,0375726403,8.0
21014,0375727345,0.0
21014,0380001411,5.0
21014,0380002930,0.0
21014,0380018179,0.0
21014,0380710218,8.0
21014,0380717018,0.0
21014,0380718332,0.0
21014,0380726254,0.0
21014,0380730138,0.0
21014,0380731851,0.0
21014,0380789019,0.0
21014,0380789035,0.0
21014,0380813815,0.0
21014,0385265700,0.0
21014,0385335482,0.0
21014,0385335881,6.0
21014,0385420161,3.0
21014,038542017X,0.0
21014,0385484518,0.0
21014,038549081X,0.0
21014,0385492081,0.0
21014,038550120X,0.0
21014,0385504209,0.0
21014,0385720106,0.0
21014,0385720955,0.0
21014,0385722206,8.0
21014,0385722435,8.0
21014,0394820371,0.0
21014,0399146253,0.0
21014,0399146431,0.0
21014,042511774X,0.0
21014,0425147622,8.0
21014,0425154092,0.0
21014,0425158616,7.0
21014,042516098X,0.0
21014,0425162443,7.0
21014,0425163407,8.0
21014,0425167313,8.0
21014,0425169863,0.0
21014,0425182908,0.0
21014,0425192725,0.0
21014,0439064872,9.0
21014,0439136369,0.0
21014,0439139600,0.0
21014,043935806X,0.0
21014,0440122090,0.0
21014,0440211263,8.0
21014,044021145X,0.0
21014,0440212561,0.0
21014,0440213525,0.0
21014,0440214041,0.0
21014,0440217563,9.0
21014,0440220602,0.0
21014,044022103X,8.0
21014,0440221595,0.0
21014,044022165X,0.0
21014,0440222656,0.0
21014,0440224594,0.0
21014,0440224675,0.0
21014,0440224764,0.0
21014,0440226104,0.0
21014,0440226430,0.0
21014,0440235596,8.0
21014,0440236673,0.0
21014,0440236703,0.0
21014,0440236738,0.0
21014,044048474X,0.0
21014,0440998050,0.0
21014,0446310786,0.0
21014,0446394521,0.0
21014,0446527165,0.0
21014,0446604666,0.0
21014,0446604801,0.0
21014,0446605484,0.0
21014,0446606812,0.0
21014,0446608815,0.0
21014,0446610038,0.0
21014,0446612545,0.0
21014,0449003795,0.0
21014,0449134482,0.0
21014,0449219364,0.0
21014,0449223604,0.0
21014,0449223612,0.0
21014,0449907481,0.0
21014,0449911004,0.0
21014,0451167317,0.0
21014,0451169522,0.0
21014,0451169530,8.0
21014,0451202341,0.0
21014,0451203771,0.0
21014,0452260116,0.0
21014,0452262143,0.0
21014,0452282152,8.0
21014,0452282195,0.0
21014,0452283205,0.0
21014,0452284449,5.0
21014,0515087122,0.0
21014,0515113328,0.0
21014,0515131229,0.0
21014,055321313X,0.0
21014,0553234811,8.0
21014,0553250426,10.0
21014,0553250531,9.0
21014,0553260111,0.0
21014,0553268880,5.0
21014,0553273914,0.0
21014,0553275976,0.0
21014,0553280341,0.0
21014,0553280368,0.0
21014,0553289411,0.0
21014,055328942X,0.0
21014,0553296981,8.0
21014,0553569058,0.0
21014,0553569155,0.0
21014,0553574574,0.0
21014,0553576801,0.0
21014,0553579754,0.0
21014,0553582135,0.0
21014,059030271X,0.0
21014,059035342X,0.0
21014,0618002219,0.0
21014,0671001795,0.0
21014,0671003755,0.0
21014,0671004549,6.0
21014,0671014919,0.0
21014,0671027360,0.0
21014,0671038184,0.0
21014,0671041789,7.0
21014,0671510053,8.0
21014,0671727583,0.0
21014,0671776134,9.0
21014,0671880187,0.0
21014,0679439382,8.0
21014,0679721886,0.0
21014,0679745203,0.0
21014,0679746048,7.0
21014,067976397X,0.0
21014,067976402X,7.0
21014,0679781587,0.0
21014,068484477X,0.0
21014,0684848783,0.0
21014,0684872153,0.0
21014,0688170528,9.0
21014,0688177859,0.0
21014,0743224574,0.0
21014,0743225406,0.0
21014,0743418174,0.0
21014,0767900383,0.0
21014,0786868716,0.0
21014,0786881852,0.0
21014,0786889020,0.0
21014,0804106304,0.0
21014,080410753X,0.0
21014,0804108749,0.0
21014,080410946X,0.0
21014,0804111359,0.0
21014,080411918X,0.0
21014,0805019375,0.0
21014,0842329129,0.0
21014,0842329218,0.0
21014,0842329242,0.0
21014,0842329250,0.0
21014,0842329269,0.0
21014,0871136791,9.0
21014,0894805770,0.0
21014,089480829X,0.0
21014,1400031346,0.0
21014,1400031354,0.0
21014,1400031362,0.0
21014,155874262X,0.0
21014,1558745017,0.0
21014,1573225789,0.0
21031,0060928336,0.0
21031,0060930535,0.0
21031,0070212570,10.0
21031,0140067477,8.0
21031,0156006529,0.0
21031,0316969680,0.0
21031,0373484410,7.0
21031,0375726403,5.0
21031,0380726254,0.0
21031,0385511612,6.0
21031,0399146253,0.0
21031,042510107X,0.0
21031,0425116840,0.0
21031,0425143325,0.0
21031,0425178765,0.0
21031,042518630X,0.0
21031,0440226430,0.0
21031,0440235162,0.0
21031,0446359866,0.0
21031,0446364193,10.0
21031,0446364800,10.0
21031,044651652X,0.0
21031,0446516538,7.0
21031,0446607711,0.0
21031,0446612545,0.0
21031,0449227421,0.0
21031,0451188454,0.0
21031,0553268880,0.0
21031,0553572326,0.0
21031,0671027360,0.0
21031,0743211375,0.0
21031,0743418204,10.0
21031,0971880107,5.0
21155,0316769487,0.0
21229,0060175400,0.0
21229,0060502258,7.0
21229,0140067477,7.0
21229,0140293248,9.0
21229,0316769487,7.0
21229,039480001X,0.0
21229,0440212561,0.0
21229,0684874350,0.0
21252,0142001740,9.0
21252,0345369947,7.0
21252,0345433491,6.0
21252,0375700757,7.0
21252,0375703063,0.0
21252,0385486804,0.0
21252,0440940001,7.0
21252,0449223345,0.0
21252,0553250426,0.0
21252,0553250531,9.0
21252,0553280945,8.0
21252,0553572997,0.0
21252,059030271X,0.0
21252,0971880107,0.0
21252,155874262X,0.0
21252,1558744150,0.0
21356,006019491X,0.0
21356,0060930535,0.0
21356,0070212570,6.0
21356,0156005891,0.0
21356,031242227X,6.0
21356,0316782505,0.0
21356,0345342968,7.0
21356,0345350499,0.0
21356,0375700757,0.0
21356,0375727345,0.0
21356,038550120X,7.0
21356,042513525X,0.0
21356,0425152251,0.0
21356,0425158632,5.0
21356,0446611778,5.0
21356,0451183665,0.0
21356,0452281903,6.0
21356,0452282829,0.0
21356,0553582658,0.0
21356,0671021001,0.0
21356,0671027662,0.0
21356,0671038184,0.0
21356,0671042262,0.0
21356,068484477X,7.0
21356,0688177751,0.0
21356,0743412028,0.0
21356,0767902521,0.0
21356,0786866276,7.0
21356,080411109X,6.0
21364,006016848X,0.0
21364,0060928336,9.0
21364,0060976845,0.0
21364,0156007479,0.0
21364,0312291639,6.0
21364,0316777722,8.0
21364,0345313860,9.0
21364,034538475X,0.0
21364,0345443284,0.0
21364,0375703861,0.0
21364,0375706410,0.0
21364,0385335482,8.0
21364,0425162443,0.0
21364,043936213X,0.0
21364,0446611212,0.0
21364,0446673544,0.0
21364,0671021001,0.0
21364,0679731148,0.0
21364,0684874350,0.0
21364,0743227441,0.0
21364,0804108749,7.0
21364,080411868X,0.0
21364,089480829X,1.0
21364,0971880107,0.0
21368,0385512104,0.0
21368,0971880107,0.0
21404,0060175400,0.0
21404,0060928336,7.0
21404,0060977493,8.0
21404,0060987561,0.0
21404,0064407667,8.0
21404,0064407675,0.0
21404,0345361792,0.0
21404,0345424719,6.0
21404,0375707972,9.0
21404,0380730138,0.0
21404,0380789019,0.0
21404,0380789035,8.0
21404,0380977788,7.0
21404,0385492081,7.0
21404,0385720955,0.0
21404,0440225701,0.0
21404,0440236673,0.0
21404,044023722X,0.0
21404,044651652X,0.0
21404,0446605484,0.0
21404,0446672211,0.0
21404,0449219461,5.0
21404,0451166892,8.0
21404,0452282195,0.0
21404,0553273914,8.0
21404,0553280945,0.0
21404,0553572997,8.0
21404,0679745203,0.0
21404,0743412028,7.0
21404,0786817070,0.0
21404,0804114986,7.0
21404,0971880107,3.0
21484,002542730X,0.0
21484,0060930535,0.0
21484,0060987103,0.0
21484,0070212570,0.0
21484,0141000198,6.0
21484,0345342968,8.0
21484,0345348036,7.0
21484,0345370805,0.0
21484,0380002930,0.0
21484,0385335830,7.0
21484,0425083837,0.0
21484,0440206154,0.0
21484,0440219078,10.0
21484,0440226430,0.0
21484,0446363251,8.0
21484,0446365386,9.0
21484,044651652X,0.0
21484,0446606812,0.0
21484,0446608955,0.0
21484,0449134482,0.0
21484,059035342X,9.0
21484,0671004107,0.0
21484,0671021001,0.0
21484,067976397X,9.0
21484,0684801523,6.0
21484,0684872153,0.0
21484,080410753X,0.0
21484,0804114986,8.0
21484,0971880107,0.0
21576,0060502258,8.0
21576,0060916508,0.0
21576,0060928336,7.0
21576,0142001805,0.0
21576,0312291639,0.0
21576,0312979886,0.0
21576,0345342968,8.0
21576,0345424719,0.0
21576,0345443284,7.0
21576,0375727345,8.0
21576,0380710722,0.0
21576,0385484518,8.0
21576,0385502532,8.0
21576,0385512104,0.0
21576,0425172546,0.0
21576,0439136369,8.0
21576,0439139600,9.0
21576,043935806X,9.0
21576,044021145X,0.0
21576,0446310786,8.0
21576,0446527165,0.0
21576,0446610542,6.0
21576,0452282829,0.0
21576,051511992X,0.0
21576,0671003755,8.0
21576,0684833395,9.0
21576,0743436210,0.0
21576,0786868716,7.0
21576,0971880107,0.0
21576,1400031354,6.0
21576,1400031362,6.0
21576,1400034779,0.0
21576,1592400876,10.0
21618,0060916508,8.0
21618,0156007479,6.0
21618,0316776963,10.0
21618,0316779423,8.0
21618,0345370805,10.0
21618,0375707972,0.0
21618,042511774X,0.0
21618,0446604275,7.0
21618,0553268880,10.0
21618,0553277472,0.0
21618,0671027360,8.0
21618,0786885688,0.0
21618,0804111359,8.0
21618,1573225789,0.0
21659,0060391626,0.0
21659,0060502258,0.0
21659,0060928336,0.0
21659,0060930535,0.0
21659,006101351X,0.0
21659,0142000205,0.0
21659,0142001740,0.0
21659,0156027321,0.0
21659,0312291639,0.0
21659,0312971346,10.0
21659,0312980159,0.0
21659,0312983824,0.0
21659,0316666343,0.0
21659,0375500510,0.0
21659,0375700757,0.0
21659,0380730138,0.0
21659,038079487X,0.0
21659,038550120X,0.0
21659,0385502532,0.0
21659,0385720106,0.0
21659,0425167313,0.0
21659,0425169863,8.0
21659,0425182908,0.0
21659,044021145X,10.0
21659,0440211727,0.0
21659,0440214041,10.0
21659,044022103X,8.0
21659,0440224675,0.0
21659,0440225701,10.0
21659,0440226430,8.0
21659,0440241537,0.0
21659,044651652X,10.0
21659,0446516538,0.0
21659,0446606812,0.0
21659,0446672211,0.0
21659,0449003795,0.0
21659,0449005615,0.0
21659,0449221490,10.0
21659,0449223604,7.0
21659,0451186923,0.0
21659,0452282195,0.0
21659,0452282829,0.0
21659,0671021001,0.0
21659,0671038184,0.0
21659,067976402X,0.0
21659,0679772677,0.0
21659,0684801523,0.0
21659,068484477X,8.0
21659,0971880107,0.0
22074,0060502258,9.0
22074,0060930535,9.0
22074,0060932759,0.0
22074,0142001740,0.0
22074,0312195516,9.0
22074,034541389X,0.0
22074,0345413903,10.0
22074,0385424728,9.0
22074,0385502532,0.0
22074,042511774X,8.0
22074,0425143325,9.0
22074,0439064872,0.0
22074,0440214041,8.0
22074,0440221471,7.0
22074,0440235162,7.0
22074,0440236673,7.0
22074,044023722X,9.0
22074,0446672211,0.0
22074,0452283205,9.0
22074,0553279912,6.0
22074,0671001795,9.0
22074,0671042572,0.0
22074,0679781587,10.0
22074,068484477X,8.0
22074,0767902521,9.0
22074,1400034779,9.0
22365,0060921145,10.0
22365,0060928336,9.0
22365,0061000043,8.0
22365,034540288X,0.0
22365,0380710218,0.0
22365,0446310786,10.0
22365,0449005615,9.0
22365,0671617028,9.0
22409,0312983867,10.0
22495,037325024X,10.0
22495,0446606324,10.0
22495,0515128546,0.0
22495,051513287X,0.0
22495,0804111359,0.0
22495,1551666839,0.0
22521,0316769487,2.0
22521,0345342968,10.0
22521,0440998050,0.0
22521,0441003257,10.0
22521,0441172717,0.0
22521,0452282152,9.0
22625,0060502258,0.0
22625,0060930535,9.0
22625,0060932759,0.0
22625,0060977493,9.0
22625,0060987561,10.0
22625,0099771519,10.0
22625,0140119906,0.0
22625,0142000205,0.0
22625,0142001430,10.0
22625,0142001740,9.0
22625,0156628708,0.0
22625,0312195516,0.0
22625,0316284955,0.0
22625,0316601950,10.0
22625,0316666343,10.0
22625,0316678104,0.0
22625,0316769487,10.0
22625,0316780375,0.0
22625,0316781142,8.0
22625,0316899984,10.0
22625,0345339681,10.0
22625,0345350499,10.0
22625,0345387651,10.0
22625,0345424719,0.0
22625,0345439104,9.0
22625,0345443284,10.0
22625,0375501371,10.0
22625,0375702709,0.0
22625,0375703055,0.0
22625,0375706771,10.0
22625,0375727345,9.0
22625,0380730138,9.0
22625,0385484518,10.0
22625,038550120X,10.0
22625,0385504209,0.0
22625,0385720106,0.0
22625,0385721420,0.0
22625,0385722206,9.0
22625,0399146431,0.0
22625,0425154092,0.0
22625,0425162443,9.0
22625,0425167313,9.0
22625,0439064864,10.0
22625,043935806X,10.0
22625,0440206154,0.0
22625,0440213029,0.0
22625,044022103X,0.0
22625,0440226430,0.0
22625,044651862X,9.0
22625,0446672211,0.0
22625,0451166892,9.0
22625,0452264464,9.0
22625,0452282829,8.0
22625,0553250531,10.0
22625,0553279378,0.0
22625,0553289411,0.0
22625,059035342X,10.0
22625,0609804138,0.0
22625,0671038184,8.0
22625,0679745203,10.0
22625,0679751521,0.0
22625,067976402X,10.0
22625,0679781587,10.0
22625,0688177859,10.0
22625,0743225406,0.0
22625,0743237188,9.0
22625,0786817070,0.0
22625,0786868716,9.0
22625,0804106304,0.0
22625,0971880107,0.0
22818,0061009059,7.0
22818,0140119906,0.0
22818,0312195516,9.0
22818,0345339703,10.0
22818,0345465083,10.0
22818,0446606324,0.0
22818,0452282829,0.0
22818,059035342X,10.0
22818,0679429220,0.0
22818,0767902521,0.0
23288,0064400042,10.0
23288,0380001411,0.0
23288,0380718340,0.0
23288,0425174271,5.0
23288,0425178765,0.0
23288,0440214041,0.0
23288,0446601640,0.0
23288,0446612545,0.0
23288,0553279912,0.0
23288,0553280341,7.0
23288,0553582127,0.0
23288,0684867621,0.0
23511,0060928336,0.0
23511,0060987103,4.0
23511,006101351X,0.0
23511,0141000198,0.0
23511,0142000205,0.0
23511,0312966091,0.0
23511,0312966970,0.0
23511,0312971346,0.0
23511,0312980140,0.0
23511,0316666343,0.0
23511,0316693006,0.0
23511,0316780375,0.0
23511,0345380371,0.0
23511,0345422317,0.0
23511,0375500510,0.0
23511,0375702709,0.0
23511,0375703063,0.0
23511,0375706771,0.0
23511,0380718332,10.0
23511,0385265700,0.0
23511,0385484518,0.0
23511,0385492081,0.0
23511,0440213525,10.0
23511,0440220602,10.0
23511,0440221471,10.0
23511,0440234743,8.0
23511,0446525502,10.0
23511,0446525537,0.0
23511,0446603716,0.0
23511,0446604844,0.0
23511,0446607657,10.0
23511,0446607711,0.0
23511,0446608890,8.0
23511,044661064X,0.0
23511,0446612790,0.0
23511,0446672211,0.0
23511,0515121843,0.0
23511,0553285343,0.0
23511,0553574574,9.0
23511,0590353403,0.0
23511,0671001795,9.0
23511,0671701231,0.0
23511,0679429220,0.0
23571,0060392452,10.0
23571,0060987103,0.0
23571,0312195516,10.0
23571,0345370775,10.0
23571,0385484518,10.0
23571,0385504209,0.0
23571,0439064864,0.0
23571,0439136350,0.0
23571,0439139597,0.0
23571,043935806X,0.0
23571,044651652X,0.0
23571,044651862X,0.0
23571,0446532231,0.0
23571,0525947647,0.0
23571,0590353403,0.0
23571,0684833395,7.0
23571,0786889020,0.0
23571,080410526X,0.0
23571,0804105820,0.0
23571,0971880107,0.0
23571,1592400876,0.0
23680,0316284955,5.0
23680,034541389X,0.0
23680,0345465083,0.0
23680,0373218192,0.0
23680,0373484003,0.0
23680,0375700757,0.0
23680,0375725784,0.0
23680,0425163407,0.0
23680,042518286X,0.0
23680,0440241073,0.0
23680,0440241537,10.0
23680,0446605484,0.0
23680,0446611808,10.0
23680,0515126772,0.0
23680,0553250426,10.0
23680,0553250531,0.0
23680,0553280945,0.0
23680,055328942X,0.0
23680,0553579606,0.0
23680,0553582526,0.0
23680,0671568175,8.0
23680,0671617028,0.0
23680,0671741187,9.0
23680,0671776134,0.0
23680,0671867172,5.0
23680,068484267X,0.0
23680,0743203631,0.0
23680,0804115761,0.0
23680,080411868X,0.0
23680,0971880107,0.0
23768,006016848X,0.0
23768,006019491X,0.0
23768,0060391626,0.0
23768,0060392452,0.0
23768,0060915544,0.0
23768,0060916508,0.0
23768,0060921145,0.0
23768,0060928336,0.0
23768,0060934417,8.0
23768,0060938455,0.0
23768,0060958022,0.0
23768,0060976845,0.0
23768,0061009059,8.0
23768,0061091790,0.0
23768,0064400581,0.0
23768,014023313X,0.0
23768,0140257934,0.0
23768,0140270590,0.0
23768,014028009X,0.0
23768,014029628X,0.0
23768,0142002267,0.0
23768,0156027321,0.0
23768,0312144075,0.0
23768,0312195516,0.0
23768,0312265867,0.0
23768,0312278586,0.0
23768,0312305060,0.0
23768,0312958129,0.0
23768,0312961324,0.0
23768,0312966091,0.0
23768,0312966970,0.0
23768,0312971346,0.0
23768,0312976275,0.0
23768,0312980140,0.0
23768,0312983271,0.0
23768,0316182540,0.0
23768,0316569321,0.0
23768,0316601950,0.0
23768,0316602051,0.0
23768,0316666343,7.0
23768,0316693200,0.0
23768,0316769487,0.0
23768,0316776963,0.0
23768,0316779423,0.0
23768,0316781010,0.0
23768,0316781266,0.0
23768,0316969443,0.0
23768,0316969680,0.0
23768,0345337662,0.0
23768,0345342968,0.0
23768,0345351525,0.0
23768,0345361792,0.0
23768,0345384350,0.0
23768,0345386108,0.0
23768,0345387651,0.0
23768,0345413350,0.0
23768,0345436911,0.0
23768,0374199698,0.0
23768,0375412530,0.0
23768,0375412824,0.0
23768,0375500510,0.0
23768,0375501371,0.0
23768,0375504613,7.0
23768,0375506039,0.0
23768,0375702709,0.0
23768,0375703055,0.0
23768,0375703063,8.0
23768,0375703861,0.0
23768,037570504X,7.0
23768,0375705198,7.0
23768,0375706410,0.0
23768,0375706771,0.0
23768,0375707972,0.0
23768,0375726403,0.0
23768,0375727345,0.0
23768,0380717018,0.0
23768,0380718332,0.0
23768,0380718340,8.0
23768,0380730138,0.0
23768,038079487X,0.0
23768,0385265700,0.0
23768,0385335482,0.0
23768,0385335830,0.0
23768,0385474016,0.0
23768,0385482388,0.0
23768,0385484518,0.0
23768,038548951X,8.0
23768,0385492081,0.0
23768,0385497466,0.0
23768,038550120X,0.0
23768,0385502532,0.0
23768,0385505833,6.0
23768,0385508042,0.0
23768,0385511612,0.0
23768,0385720106,0.0
23768,0385720955,0.0
23768,0385721420,0.0
23768,038572179X,0.0
23768,0385722206,0.0
23768,0385722435,8.0
23768,039480001X,9.0
23768,0394820371,0.0
23768,0399146253,0.0
23768,0399149155,0.0
23768,0425115801,0.0
23768,042511774X,0.0
23768,042513699X,0.0
23768,0425142485,0.0
23768,0425147622,0.0
23768,0425153975,0.0
23768,0425154092,0.0
23768,0425158616,0.0
23768,0425162443,0.0
23768,042518109X,0.0
23768,042518630X,0.0
23768,0425192725,0.0
23768,043936213X,0.0
23768,0439404371,0.0
23768,0440122090,0.0
23768,0440200989,0.0
23768,0440202043,0.0
23768,0440211263,0.0
23768,044021145X,0.0
23768,0440213525,0.0
23768,0440213991,0.0
23768,0440220602,0.0
23768,044022103X,0.0
23768,0440221595,0.0
23768,044022165X,0.0
23768,0440224594,0.0
23768,0440224675,0.0
23768,0440226430,0.0
23768,0440234743,0.0
23768,0440235596,0.0
23768,0440236673,0.0
23768,0440236703,8.0
23768,0440236738,0.0
23768,044023722X,0.0
23768,0440241073,0.0
23768,0440498058,0.0
23768,0440940001,0.0
23768,0446310786,0.0
23768,0446359866,0.0
23768,0446364193,0.0
23768,0446364762,0.0
23768,0446394521,0.0
23768,044651652X,0.0
23768,0446516538,0.0
23768,0446520802,6.0
23768,0446525502,0.0
23768,0446527165,0.0
23768,0446531332,0.0
23768,0446601241,0.0
23768,0446603589,0.0
23768,0446603716,0.0
23768,0446604801,0.0
23768,0446605484,0.0
23768,0446605581,0.0
23768,0446606812,0.0
23768,0446607657,0.0
23768,0446608890,0.0
23768,0446609404,0.0
23768,0446610038,0.0
23768,0446610399,0.0
23768,0446610542,0.0
23768,0446611808,0.0
23768,0446611867,0.0
23768,0446612545,0.0
23768,0446670251,0.0
23768,0446672211,0.0
23768,0449003787,0.0
23768,0449003795,0.0
23768,0449005615,0.0
23768,0449219364,0.0
23768,0449219461,0.0
23768,0449221482,0.0
23768,0449221504,0.0
23768,0449221512,0.0
23768,0449223604,0.0
23768,0449223612,0.0
23768,0449907481,8.0
23768,0451181379,0.0
23768,0451202341,0.0
23768,0451524934,0.0
23768,0452260116,0.0
23768,0452264464,0.0
23768,0452268060,0.0
23768,0452282829,0.0
23768,051511992X,0.0
23768,0553234811,0.0
23768,0553250426,0.0
23768,0553263226,0.0
23768,0553271636,0.0
23768,0553279378,0.0
23768,0553279556,0.0
23768,0553279912,0.0
23768,0553280341,0.0
23768,0553280368,0.0
23768,0553280945,0.0
23768,0553282476,0.0
23768,0553284789,0.0
23768,055356451X,0.0
23768,0553569058,0.0
23768,055357230X,0.0
23768,0553572997,0.0
23768,0553573136,0.0
23768,0553574574,0.0
23768,0553578308,0.0
23768,0553579754,0.0
23768,0553801430,0.0
23768,059035342X,0.0
23768,0609804138,0.0
23768,0670869902,4.0
23768,0670880728,0.0
23768,067088300X,0.0
23768,0671001795,0.0
23768,0671004549,0.0
23768,0671004573,0.0
23768,0671014196,0.0
23768,0671021001,0.0
23768,0671024248,0.0
23768,0671027662,0.0
23768,0671028375,0.0
23768,0671042572,0.0
23768,0671510053,0.0
23768,0671673688,0.0
23768,0671683993,0.0
23768,0671701231,0.0
23768,0671708635,0.0
23768,0671727583,0.0
23768,0671741187,0.0
23768,0671758896,0.0
23768,0671867113,0.0
23768,0671867156,0.0
23768,0671880187,8.0
23768,0671888587,0.0
23768,0679433740,0.0
23768,0679439382,0.0
23768,0679721886,0.0
23768,0679745203,0.0
23768,067976397X,0.0
23768,068484267X,0.0
23768,068484477X,0.0
23768,0684867621,6.0
23768,0684874350,0.0
23768,0688170528,0.0
23768,0688177751,0.0
23768,0743237188,0.0
23768,0743412028,0.0
23768,0743418174,7.0
23768,0743418204,0.0
23768,0786866276,0.0
23768,0786866586,0.0
23768,0786868716,0.0
23768,0786881852,0.0
23768,0802139256,0.0
23768,0804106304,0.0
23768,080410753X,0.0
23768,0804108749,0.0
23768,080410946X,0.0
23768,080411109X,0.0
23768,0804111359,0.0
23768,0804115761,0.0
23768,080411918X,0.0
23768,0805019375,0.0
23768,0805059555,0.0
23768,0805063897,5.0
23768,0842329129,0.0
23768,0894805770,0.0
23768,0971880107,0.0
23768,140003065X,0.0
23768,1400031346,8.0
23768,1400031354,0.0
23768,1400031362,0.0
23768,155874262X,0.0
23768,1558743316,0.0
23768,1558744150,0.0
23768,1558745017,0.0
23768,1573229326,0.0
23768,1573229725,0.0
23871,0070212570,10.0
23871,0312958129,0.0
23871,0440122090,0.0
23871,0440213029,10.0
23871,0440224624,0.0
23871,0515128546,9.0
23871,0743411250,0.0
23871,0786868716,10.0
23872,0060916508,7.0
23872,0312924585,10.0
23872,0345313860,10.0
23872,0345337662,9.0
23872,0345339703,10.0
23872,0345342968,9.0
23872,0345361792,6.0
23872,034538475X,8.0
23872,0345391802,10.0
23872,0385490445,10.0
23872,0439064864,10.0
23872,0439136350,10.0
23872,0439139597,10.0
23872,0440200989,8.0
23872,0440211727,9.0
23872,0440219078,9.0
23872,0446606812,7.0
23872,0451180232,9.0
23872,0451524934,7.0
23872,0553279378,7.0
23872,0553561618,5.0
23872,0553569155,7.0
23872,059035342X,0.0
23872,0618002219,9.0
23872,0671568175,9.0
23872,0671867091,9.0
23872,068484477X,8.0
23872,0743235150,10.0
23872,1558743669,8.0
23872,1558745157,10.0
23902,0060964049,10.0
23902,0060977493,8.0
23902,0099771519,10.0
23902,0140177396,7.0
23902,014023313X,9.0
23902,014028009X,9.0
23902,0140298479,10.0
23902,0142001430,8.0
23902,0156005891,7.0
23902,0156006529,8.0
23902,0156628708,8.0
23902,0312924585,5.0
23902,0345361792,10.0
23902,034536676X,10.0
23902,0345370775,7.0
23902,0345387651,9.0
23902,0345404114,7.0
23902,0345424719,10.0
23902,0375703861,9.0
23902,0380018179,8.0
23902,0380820889,8.0
23902,0385420161,8.0
23902,038549081X,8.0
23902,039480001X,7.0
23902,044021145X,5.0
23902,0440215625,5.0
23902,0440217563,6.0
23902,0440220602,5.0
23902,044023722X,6.0
23902,0446310786,7.0
23902,0446604275,8.0
23902,0446673544,7.0
23902,0449134482,8.0
23902,0451183665,8.0
23902,0451203895,7.0
23902,0553273914,0.0
23902,0553279912,7.0
23902,0679745203,9.0
23902,0684801523,10.0
23902,068484267X,7.0
23902,0749397543,10.0
23902,0971880107,0.0
23902,1573229326,8.0
24186,0060392452,9.0
24186,0316666343,0.0
24186,0380012863,9.0
24186,043935806X,9.0
24186,0440206154,9.0
24186,0440225701,0.0
24186,0441569595,0.0
24186,0446605239,0.0
24186,0451153553,9.0
24186,0671695169,0.0
24194,002542730X,0.0
24194,0064400557,0.0
24194,014028009X,0.0
24194,0140298479,0.0
24194,0316601950,0.0
24194,0375703063,0.0
24194,0380012863,0.0
24194,038079487X,0.0
24194,0385490445,0.0
24194,038549081X,10.0
24194,0385720106,0.0
24194,0399501487,8.0
24194,0425169863,0.0
24194,0446310786,8.0
24194,044651652X,0.0
24194,0446525537,0.0
24194,0446604844,0.0
24194,0446605239,0.0
24194,0446608890,0.0
24194,0446611808,0.0
24194,0446672211,0.0
24194,0449212602,0.0
24194,0553272535,6.0
24194,0553279378,0.0
24194,0553282476,0.0
24194,0553569910,0.0
24194,0553579754,0.0
24194,0671867113,0.0
24194,0743224574,0.0
24194,0743412028,0.0
24194,0786889020,0.0
24194,0971880107,0.0
24194,1558743669,0.0
24433,0060199652,8.0
24433,0060391626,0.0
24433,0060915544,0.0
24433,0060921145,0.0
24433,0060930535,9.0
24433,0060977493,7.0
24433,0061097314,9.0
24433,0156027321,0.0
24433,0316666343,8.0
24433,0345361792,9.0
24433,0345424719,8.0
24433,0380789035,8.0
24433,0385484518,0.0
24433,0385512104,8.0
24433,0446532231,0.0
24433,0553279378,0.0
24433,0553569058,8.0
24433,0671510053,8.0
24433,0679429220,8.0
24433,0684872153,0.0
24433,0767902521,0.0
24462,0345391055,0.0
24539,0060928336,0.0
24539,034536676X,0.0
24539,0425121631,0.0
24539,0440178002,0.0
24539,0446365386,0.0
24539,044651652X,0.0
24539,0449227421,0.0
24539,0671670689,0.0
24539,0679745203,0.0
24539,067976402X,0.0
24539,0812550706,0.0
24539,0971880107,0.0
24544,0142001430,0.0
24544,0425158632,0.0
24544,0451183665,0.0
24544,055356451X,0.0
24544,0671026011,0.0
24544,067164257X,0.0
24544,0971880107,0.0
24641,0312195516,0.0
24641,0446363251,0.0
24641,0553268880,0.0
24641,0679745203,8.0
24641,0805019375,0.0
24733,0446363251,7.0
24733,044651652X,0.0
24733,0446525537,7.0
24921,0060922532,0.0
24921,0060928336,0.0
24921,0060987529,0.0
24921,014028009X,0.0
24921,031242227X,0.0
24921,0312924585,0.0
24921,0312986343,0.0
24921,0316776963,0.0
24921,0316789089,0.0
24921,0316969443,0.0
24921,0345313860,0.0
24921,0345337662,0.0
24921,0345361792,0.0
24921,0345424719,0.0
24921,0345465083,0.0
24921,0375500510,8.0
24921,0375502238,0.0
24921,0375703055,0.0
24921,0375706771,0.0
24921,0375727345,0.0
24921,0380731851,0.0
24921,038079487X,0.0
24921,0385335482,0.0
24921,0385504209,0.0
24921,0425083837,0.0
24921,042511774X,0.0
24921,0425121631,0.0
24921,0425174271,0.0
24921,0425178765,0.0
24921,0440200563,0.0
24921,0440206154,0.0
24921,0440211263,0.0
24921,0440213290,0.0
24921,0440224675,0.0
24921,0440225701,9.0
24921,0440226430,0.0
24921,0440235596,8.0
24921,0440236673,0.0
24921,0440236703,0.0
24921,0440940001,0.0
24921,0446527793,0.0
24921,0446604275,0.0
24921,0446608815,0.0
24921,0446610399,9.0
24921,0451167317,0.0
24921,0451203771,8.0
24921,0515121843,0.0
24921,0553268880,0.0
24921,0553579606,0.0
24921,059045367X,0.0
24921,0671014196,0.0
24921,0671021001,8.0
24921,0671537458,0.0
24921,0671741187,0.0
24921,0688170528,0.0
24921,0688177751,0.0
24921,0743224574,0.0
24921,0767905180,0.0
24921,080411868X,0.0
24921,0842329129,0.0
24921,0971880107,0.0
24921,155874262X,0.0
24921,1559029838,0.0
24933,0312278586,0.0
24933,0380012863,5.0
24933,0385505833,0.0
24933,0425180964,0.0
24933,0446364762,8.0
24933,0446609404,8.0
24933,0446610399,9.0
24933,0671004107,7.0
24934,0060930535,8.0
24934,0142000205,0.0
24934,0316089699,0.0
24934,0316969680,0.0
24934,0380710722,0.0
24934,0425130711,0.0
24934,0440226430,0.0
24934,0440235596,7.0
24934,0451188454,0.0
24934,0515087122,0.0
24934,0743418174,0.0
24941,0064400581,0.0
24945,0679457526,9.0
25131,0060173289,0.0
25131,006019491X,0.0
25131,0060392452,9.0
25131,0142000205,0.0
25131,0316284955,0.0
25131,0316666343,0.0
25131,0316899984,7.0
25131,0345387651,0.0
25131,0345443284,8.0
25131,0375700757,0.0
25131,0375703055,0.0
25131,0375703063,0.0
25131,0375707972,0.0
25131,0380730138,0.0
25131,0385504209,0.0
25131,0425147622,0.0
25131,0425162443,0.0
25131,044021145X,0.0
25131,044023722X,0.0
25131,0440241537,0.0
25131,0446532231,9.0
25131,0446603716,8.0
25131,0446612545,0.0
25131,0446672211,0.0
25131,0449907481,9.0
25131,0451186923,0.0
25131,0452282195,0.0
25131,0553560247,0.0
25131,0553569910,0.0
25131,0671002481,0.0
25131,0671003755,0.0
25131,0671708635,0.0
25131,0743237188,0.0
25131,1400034779,0.0
25311,0345348109,0.0
25311,042510107X,0.0
25311,0451170385,0.0
25311,0553277472,0.0
25409,0060085444,0.0
25409,0060096195,9.0
25409,0142002267,10.0
25409,0312291639,0.0
25409,0312980140,0.0
25409,031298328X,0.0
25409,0312983867,9.0
25409,0316777722,10.0
25409,0316779423,0.0
25409,034541389X,10.0
25409,0345413903,8.0
25409,0373250207,8.0
25409,037325024X,7.0
25409,0375760911,7.0
25409,0380730847,0.0
25409,0380820293,8.0
25409,0385323638,0.0
25409,0385335482,9.0
25409,0425192725,10.0
25409,0439139597,10.0
25409,043935806X,10.0
25409,0440236738,9.0
25409,0446611867,7.0
25409,0449003795,0.0
25409,0449212084,0.0
25409,0451202503,10.0
25409,0451203895,0.0
25409,0452277337,7.0
25409,0553572326,0.0
25409,0684801523,0.0
25409,0743418174,10.0
25409,0743418204,10.0
25409,0767907817,9.0
25409,0786885688,10.0
25409,0805063897,6.0
25409,1400031346,10.0
25436,0140177396,0.0
25436,0156027321,0.0
25436,0312986343,0.0
25436,0380002930,0.0
25436,0440236738,0.0
25436,0552137030,0.0
25436,059035342X,0.0
25436,0618002219,0.0
25436,0670030643,8.0
25436,067976397X,0.0
25436,1400031346,0.0
25436,1400031354,0.0
25436,1559029838,8.0
25466,055357230X,0.0
25533,0060930535,0.0
25533,0099771519,9.0
25533,0385335482,0.0
25533,0440220602,0.0
25533,0441569595,8.0
25533,0446603589,0.0
25533,0553279912,0.0
25533,0553289411,0.0
25533,055328942X,0.0
25533,0671617028,10.0
25533,0812550706,0.0
25533,0971880107,0.0
25533,1559029838,9.0
25601,0060938455,0.0
25601,0316602051,0.0
25601,0316693006,6.0
25601,0345413903,6.0
25601,0345465083,0.0
25601,0380731851,0.0
25601,0380813815,0.0
25601,044021145X,0.0
25601,0440214041,0.0
25601,0452262143,0.0
25601,0671027360,8.0
25601,0743211375,0.0
25630,0385424728,0.0
25630,042513525X,0.0
25630,0425180964,0.0
25630,0452262143,0.0
25630,0553801430,0.0
25630,059045367X,0.0
25630,0684867621,0.0
25695,0385504209,0.0
25695,0971880107,0.0
25804,0385512104,8.0
25981,002542730X,0.0
25981,0060502258,0.0
25981,0061009059,0.0
25981,0061097101,0.0
25981,0142001740,0.0
25981,0312265867,10.0
25981,0312278586,0.0
25981,0312291639,0.0
25981,0312306326,10.0
25981,0312966091,10.0
25981,0312966970,0.0
25981,0312971346,10.0
25981,0312980140,10.0
25981,0312983271,10.0
25981,031298328X,0.0
25981,0312983867,10.0
25981,0316602051,5.0
25981,0345339703,5.0
25981,0345354621,0.0
25981,0345380371,5.0
25981,0345384369,0.0
25981,0345422317,0.0
25981,0345465083,0.0
25981,0373218192,5.0
25981,0373825013,5.0
25981,0385508042,5.0
25981,0394820371,5.0
25981,039914613X,5.0
25981,0425115801,10.0
25981,042513525X,0.0
25981,042513699X,0.0
25981,0425142485,0.0
25981,0425184226,5.0
25981,0439064872,0.0
25981,0439136369,0.0
25981,043935806X,0.0
25981,0440200563,5.0
25981,0440206154,0.0
25981,0440236673,5.0
25981,0446363251,5.0
25981,0446527793,5.0
25981,0446606812,5.0
25981,0449005615,5.0
25981,0451170385,5.0
25981,0451172817,0.0
25981,0451183665,5.0
25981,0553569910,5.0
25981,0553572326,5.0
25981,0553580191,0.0
25981,0553582135,0.0
25981,059030271X,0.0
25981,059035342X,0.0
25981,0671001795,0.0
25981,0671670689,5.0
25981,0671695169,0.0
25981,0671758896,0.0
25981,0671888587,5.0
25981,0684867621,10.0
25981,0767907817,0.0
25981,080410526X,5.0
25981,0804105820,0.0
25981,0842329242,5.0
25981,0842329250,5.0
25981,0842329269,5.0
25981,1551666839,0.0
25981,1558744150,0.0
26084,0060928336,0.0
26084,0060938455,0.0
26084,0156628708,9.0
26084,0312305060,10.0
26084,0440222656,5.0
26084,0440224594,0.0
26084,0446310786,5.0
26084,059035342X,9.0
26084,0671021001,5.0
26084,067976397X,0.0
26084,0743224574,0.0
26240,0060930535,0.0
26240,0060976845,0.0
26240,0070212570,0.0
26240,0142001740,0.0
26240,0316693200,0.0
26240,0316782505,0.0
26240,0345337662,7.0
26240,0345370775,6.0
26240,0345439104,0.0
26240,0375760911,0.0
26240,0380714752,0.0
26240,0380730847,0.0
26240,0399501487,0.0
26240,0440234743,5.0
26240,0441003257,0.0
26240,0446605484,0.0
26240,0446611212,0.0
26240,0515133876,0.0
26240,0553569910,7.0
26240,0553578022,0.0
26240,0671021001,0.0
26240,0671028375,0.0
26240,0671776134,9.0
26240,1400031354,0.0
26240,1400034779,0.0
26443,0971880107,0.0
26516,0060085444,8.0
26516,0141000198,0.0
26516,0312974256,0.0
26516,0312980159,0.0
26516,0316182540,0.0
26516,0373243286,10.0
26516,0440235596,0.0
26516,0446603589,0.0
26516,0446607711,0.0
26516,0449003787,0.0
26516,0515121843,0.0
26516,0515130389,9.0
26516,0515133973,0.0
26516,055356451X,9.0
26516,0671525743,0.0
26516,0786868716,0.0
26516,1400031354,0.0
26516,1400031362,0.0
26516,1400034779,0.0
26516,1592400876,0.0
26517,0060915544,0.0
26517,0140254544,9.0
26517,0140257934,9.0
26517,0316601950,5.0
26517,0316782505,0.0
26517,0375727345,7.0
26517,042510687X,0.0
26517,0425119653,0.0
26517,0425158616,0.0
26517,0425163407,0.0
26517,0425169863,8.0
26517,0439136369,0.0
26517,0446525537,0.0
26517,0446527165,0.0
26517,0449003787,0.0
26517,0449219461,7.0
26517,0449221490,0.0
26517,0515131229,0.0
26517,0515133973,7.0
26517,0553271636,0.0
26517,0553279556,0.0
26517,0553279912,0.0
26517,0553284789,5.0
26517,0671026011,0.0
26517,0671027662,0.0
26517,0671617028,0.0
26517,067976402X,0.0
26535,002542730X,0.0
26535,015100692X,0.0
26535,0316601950,0.0
26535,0316693200,0.0
26535,0345436911,0.0
26535,0375700757,5.0
26535,0385504209,0.0
26535,0446525502,0.0
26535,0446531332,0.0
26535,0446605239,0.0
26535,0446610542,0.0
26535,0515095826,5.0
26535,051511992X,0.0
26535,0553582658,0.0
26535,0671014919,0.0
26535,0671027581,0.0
26535,0684872153,0.0
26535,0786881852,0.0
26544,0060502258,0.0
26544,0060915544,0.0
26544,0060987103,0.0
26544,0061009059,0.0
26544,0061091790,0.0
26544,014100018X,0.0
26544,0141000198,0.0
26544,0312195516,9.0
26544,0312971346,0.0
26544,0312980140,0.0
26544,0316284955,0.0
26544,0316678104,0.0
26544,0316899984,0.0
26544,0316969443,9.0
26544,0345313860,0.0
26544,0345337662,0.0
26544,0345339681,0.0
26544,0345339703,0.0
26544,0345339711,0.0
26544,0345339738,0.0
26544,0345348109,0.0
26544,0345351525,0.0
26544,0345354621,0.0
26544,0345369947,0.0
26544,0345384350,0.0
26544,0345387651,0.0
26544,0345402871,0.0
26544,034540288X,0.0
26544,0345423402,0.0
26544,0345436911,0.0
26544,0345443284,5.0
26544,0345445848,0.0
26544,0373243286,0.0
26544,0373484003,8.0
26544,0375703063,0.0
26544,0380002930,0.0
26544,0380717018,0.0
26544,0380730138,0.0
26544,0380820293,0.0
26544,0385335482,0.0
26544,0385497466,0.0
26544,0385508042,0.0
26544,0385720106,0.0
26544,0425083837,0.0
26544,0425116840,0.0
26544,0425124347,0.0
26544,0425143325,0.0
26544,0425147584,0.0
26544,0425158632,0.0
26544,0425162443,0.0
26544,0425167313,9.0
26544,0425180638,0.0
26544,043936213X,0.0
26544,0440211263,0.0
26544,044021145X,0.0
26544,0440211727,0.0
26544,0440213525,0.0
26544,0440214041,0.0
26544,0440218535,0.0
26544,0440220602,0.0
26544,0440221471,0.0
26544,044022165X,0.0
26544,0440224624,0.0
26544,0440224675,0.0
26544,0440224764,0.0
26544,0440225701,0.0
26544,0440226104,0.0
26544,0440234743,0.0
26544,0440235162,0.0
26544,0440235596,0.0
26544,044023722X,0.0
26544,0440241073,0.0
26544,0446310786,0.0
26544,0446360589,0.0
26544,0446364193,0.0
26544,0446364800,0.0
26544,0446394521,0.0
26544,0446603589,0.0
26544,0446603716,8.0
26544,0446604801,0.0
26544,0446605239,0.0
26544,0446607193,7.0
26544,0446607657,0.0
26544,0446610038,0.0
26544,0446611212,0.0
26544,0446672211,5.0
26544,0449003795,0.0
26544,0449219461,0.0
26544,0449221482,0.0
26544,0449221490,0.0
26544,0449221504,0.0
26544,0449221512,0.0
26544,0449223604,0.0
26544,0449911004,0.0
26544,0451160525,0.0
26544,0451167317,0.0
26544,0451169530,0.0
26544,0451172817,0.0
26544,0451180232,0.0
26544,0451184963,0.0
26544,0451188462,0.0
26544,0451203895,7.0
26544,0452260116,0.0
26544,0452282152,10.0
26544,0515113328,0.0
26544,0515127833,0.0
26544,0515128546,0.0
26544,0515131083,0.0
26544,0515131229,0.0
26544,0515132020,0.0
26544,051513287X,0.0
26544,0553271636,0.0
26544,0553272535,0.0
26544,0553279556,0.0
26544,0553279912,0.0
26544,0553280341,0.0
26544,0553280368,0.0
26544,0553282476,0.0
26544,0553285343,0.0
26544,055356160X,0.0
26544,0553564528,0.0
26544,0553569910,0.0
26544,0553572997,0.0
26544,0553578022,0.0
26544,0553578308,0.0
26544,0553582658,0.0
26544,0553582755,0.0
26544,059035342X,0.0
26544,0671004107,0.0
26544,0671014196,8.0
26544,0671014919,0.0
26544,0671027360,0.0
26544,0671027387,0.0
26544,0671041789,0.0
26544,0671525743,0.0
26544,0671568175,0.0
26544,0671617028,0.0
26544,0671683993,0.0
26544,0671693816,9.0
26544,0671888587,0.0
26544,0679457526,0.0
26544,0679731148,0.0
26544,0679736042,0.0
26544,0679745203,0.0
26544,0679746048,0.0
26544,067976397X,0.0
26544,067976402X,0.0
26544,068484267X,0.0
26544,0743224574,0.0
26544,0743225406,0.0
26544,0743237188,0.0
26544,0743436210,0.0
26544,074343627X,0.0
26544,0842329129,0.0
26544,0842329218,0.0
26544,0842329242,0.0
26544,089480829X,0.0
26544,1558745017,0.0
26544,1559029838,0.0
26583,0060502258,0.0
26583,039480001X,0.0
26583,0425178765,0.0
26583,0440213991,0.0
26583,0671683993,9.0
26583,0671880314,10.0
26583,068484267X,10.0
26583,0684848783,10.0
26583,0767905385,0.0
26583,0971880107,0.0
26583,1592400876,10.0
26593,0060928336,0.0
26593,014034294X,0.0
26593,0316666343,0.0
26593,0345378490,0.0
26593,0385335482,8.0
26593,0385335881,8.0
26593,038572179X,0.0
26593,0425119653,0.0
26593,0425192725,0.0
26593,044021145X,0.0
26593,0440211727,0.0
26593,0440214041,0.0
26593,0440220602,0.0
26593,0440225701,0.0
26593,0440234743,0.0
26593,0440241073,0.0
26593,0446364800,0.0
26593,0446601241,0.0
26593,0446603716,0.0
26593,0446604275,0.0
26593,044661064X,0.0
26593,0446611212,10.0
26593,0449003795,0.0
26593,0449219364,10.0
26593,0449219461,0.0
26593,0449221482,0.0
26593,0449221490,0.0
26593,0449221512,0.0
26593,0553271636,10.0
26593,0553279556,0.0
26593,0553284789,10.0
26593,055329170X,0.0
26593,0553571818,0.0
26593,059045367X,0.0
26593,0671867172,10.0
26593,080410753X,0.0
26593,0805059555,0.0
26621,0060096195,0.0
26621,0060928336,7.0
26621,0156007479,9.0
26621,0316602051,0.0
26621,0345313860,7.0
26621,0345378490,0.0
26621,0380789019,9.0
26621,0385335482,9.0
26621,0440213290,0.0
26621,0449212602,0.0
26621,0452284449,8.0
26621,0515130389,0.0
26621,0553280945,0.0
26621,0553571656,7.0
26621,0553582755,0.0
26621,0609804138,0.0
26621,0670892963,0.0
26621,0671027360,9.0
26621,0743237188,0.0
26621,0743418174,7.0
26621,1573229725,8.0
26730,0140177396,0.0
26730,043935806X,0.0
26730,0440219078,0.0
26730,0671042858,0.0
26813,0060976845,10.0
26813,014028009X,0.0
26813,0316666343,0.0
26813,0971880107,0.0
26883,0060096195,0.0
26883,0060392452,7.0
26883,0064400042,0.0
26883,0099771519,0.0
26883,0156027321,7.0
26883,0345380371,0.0
26883,0345443284,0.0
26883,037325024X,7.0
26883,0380789035,8.0
26883,0385504209,0.0
26883,038572179X,0.0
26883,0439064872,0.0
26883,0439139600,8.0
26883,0446670251,10.0
26883,0451203895,7.0
26883,0452283205,0.0
26883,055321313X,0.0
26883,0671027360,0.0
26883,067976402X,0.0
26883,0743225406,0.0
26883,0786885688,0.0
26883,1573229725,0.0
27140,006101351X,0.0
27140,0316776963,0.0
27140,0385265700,0.0
27140,0385504209,0.0
27140,0399146431,10.0
27140,043935806X,0.0
27140,044651862X,0.0
27140,0446525537,0.0
27140,0446531332,0.0
27140,0553277472,0.0
27140,0553564528,0.0
27140,0670892963,10.0
27140,0671024248,0.0
27140,0679781587,10.0
27140,0804105820,9.0
27140,0971880107,0.0
27169,0316789089,0.0
27169,0373825013,8.0
27169,0440213029,8.0
27169,0446606812,0.0
27462,0316666343,0.0
27462,0373243286,0.0
27462,0373825013,0.0
27462,0440226430,0.0
27462,0446363251,0.0
27462,0446525502,0.0
27462,0446605239,8.0
27462,0446611778,0.0
27462,0449219364,0.0
27462,051512219X,0.0
27462,0553279912,0.0
27462,0553569910,0.0
27462,0553571818,0.0
27462,0553578022,0.0
27462,0553581554,0.0
27462,0671027662,0.0
27462,0671888587,0.0
27462,0679751521,0.0
27462,0842329285,0.0
27462,0971880107,0.0
27472,0060928336,10.0
27472,0316284955,7.0
27472,0316666343,10.0
27472,0316769487,0.0
27472,0345384369,8.0
27472,0345384466,10.0
27472,0380977788,8.0
27472,0425154092,0.0
27472,044021145X,8.0
27472,0440219078,10.0
27472,0440226104,9.0
27472,0440498058,10.0
27472,0441569595,0.0
27472,0446310786,10.0
27472,0446605239,7.0
27472,0446610038,8.0
27472,0446611808,9.0
27472,0449227421,0.0
27472,0451153553,0.0
27472,0553268880,9.0
27472,0553279912,5.0
27472,0553580221,8.0
27472,0671028375,8.0
27472,0671525743,0.0
27472,0671617028,10.0
27472,067164257X,0.0
27472,0671743058,0.0
27472,0671867091,5.0
27472,0679457526,10.0
27472,067976402X,8.0
27472,0684801523,0.0
27472,0684867621,0.0
27472,0743211375,6.0
27472,074343627X,8.0
27472,0842329242,9.0
27472,1559029838,0.0
27551,0446525537,0.0
27551,0446610038,0.0
27551,074343627X,0.0
27551,0842329129,0.0
27551,0842329218,0.0
27551,0842329242,0.0
27551,0842329250,0.0
27551,0842329269,0.0
27551,0842329285,0.0
27617,0060987561,0.0
27617,006101351X,0.0
27617,0316693200,5.0
27617,0345337662,0.0
27617,0345339711,0.0
27617,0345354621,0.0
27617,0345378490,0.0
27617,0345384369,6.0
27617,034541389X,0.0
27617,0380710722,10.0
27617,0440178002,8.0
27617,0446310786,0.0
27617,0446365386,0.0
27617,0446520802,9.0
27617,0449134482,0.0
27617,0451160525,10.0
27617,0452262143,10.0
27617,0553296981,10.0
27617,0553564528,7.0
27617,0553573136,0.0
27617,067102423X,0.0
27617,0679429220,0.0
27617,0679721886,0.0
27617,0684867621,0.0
27617,0743211375,10.0
27617,0743235150,10.0
27617,0749397543,0.0
27617,0767907817,8.0
27647,0060085444,0.0
27647,0060987529,0.0
27647,006101351X,0.0
27647,0064407667,0.0
27647,0064472795,0.0
27647,0312282990,6.0
27647,0312961324,0.0
27647,0345348036,10.0
27647,0345369947,9.0
27647,037325024X,7.0
27647,0375504613,9.0
27647,0380813815,0.0
27647,0385504209,3.0
27647,0385722206,0.0
27647,0440215625,8.0
27647,0553268880,8.0
27647,0553561618,0.0
27647,0553571656,0.0
27647,0684801523,0.0
27647,1400034779,8.0
27647,1573229326,0.0
27647,1573229725,8.0
27740,0312966970,0.0
27740,0312971346,0.0
27740,0312976275,7.0
27740,0316168688,0.0
27740,0385508042,0.0
27740,0399149155,0.0
27740,043936213X,8.0
27740,044023722X,0.0
27740,0553582127,7.0
27740,0671880314,10.0
27740,0688170528,0.0
27740,0743224574,9.0
27740,0971880107,0.0
27788,0064400581,0.0
27788,0064472795,0.0
27788,0312243022,0.0
27788,0312278586,0.0
27788,0345391802,0.0
27788,0373250207,0.0
27788,0375504613,0.0
27788,0375700757,0.0
27788,038079487X,8.0
27788,0385335482,0.0
27788,0385730586,8.0
27788,0446364193,0.0
27788,0553573136,0.0
27788,0609804138,0.0
27788,0671021001,0.0
27788,0671042572,0.0
27788,0671537458,0.0
27788,080410526X,7.0
27788,080411918X,0.0
27788,140003065X,0.0
27788,1573225789,8.0
27812,0060934417,0.0
27812,0060938455,10.0
27812,0142001805,9.0
27812,0156628708,0.0
27812,0312291639,0.0
27812,031242227X,0.0
27812,0316096199,0.0
27812,034541389X,7.0
27812,0375706771,0.0
27812,0385720955,7.0
27812,0385721420,0.0
27812,0425180638,0.0
27812,0425192725,0.0
27812,0440224624,0.0
27812,0440241537,0.0
27812,0449005615,0.0
27812,0515131083,0.0
27812,059035342X,8.0
27812,0671014196,0.0
27812,0671880187,9.0
27812,0743418174,0.0
27812,0743418204,8.0
27812,0804115613,0.0
27812,0971880107,0.0
27812,1573225789,0.0
27813,0373484410,9.0
27813,051512608X,0.0
27813,0515126772,0.0
27813,0515128546,8.0
27813,0515130389,0.0
27813,0515132020,0.0
27813,0671741187,8.0
27813,0971880107,0.0
27875,0061009059,7.0
27875,0345413350,8.0
27875,0380001411,7.0
27875,0380714752,8.0
27875,0446672211,8.0
27875,0671001795,6.0
27875,0688177751,8.0
27875,0802139256,8.0
27947,006016848X,6.0
27947,0060987529,0.0
27947,0312924585,0.0
27947,0312961324,0.0
27947,0345384350,0.0
27947,0375412530,0.0
27947,0380018179,7.0
27947,042511774X,0.0
27947,0425155404,0.0
27947,0425161242,0.0
27947,0440226430,0.0
27947,0449003795,0.0
27947,0449212602,8.0
27947,0449227421,0.0
27947,0451203895,0.0
27947,0452282829,0.0
27947,0553275976,0.0
27947,0553580221,0.0
27947,0671617028,0.0
27947,0679746048,0.0
27947,0842329129,6.0
27947,0842329218,0.0
27947,0842329242,0.0
27947,1558744150,0.0
28076,0142001805,5.0
28076,0804115761,0.0
28177,0060199652,6.0
28177,0060930535,10.0
28177,0060976845,5.0
28177,0060977493,5.0
28177,0060987103,8.0
28177,006101351X,9.0
28177,0061097101,8.0
28177,014023313X,0.0
28177,0156027321,9.0
28177,0312291639,8.0
28177,0316678104,0.0
28177,034540761X,0.0
28177,0375700757,7.0
28177,0375702709,9.0
28177,0375703055,10.0
28177,037570504X,4.0
28177,0375706410,6.0
28177,0375707972,6.0
28177,0375727345,10.0
28177,0385484518,9.0
28177,0385720955,0.0
28177,0385722435,8.0
28177,0446364193,7.0
28177,0446606812,0.0
28177,0446608815,6.0
28177,0446613266,8.0
28177,0451202341,0.0
28177,0452283205,10.0
28177,0553260111,0.0
28177,0671024248,8.0
28177,0671041789,6.0
28177,0679746048,7.0
28177,067976397X,6.0
28177,067976402X,0.0
28177,0812550706,10.0
28177,1558743669,9.0
28204,002542730X,0.0
28204,0060096195,8.0
28204,0060175400,0.0
28204,0060958022,0.0
28204,006101351X,0.0
28204,0070212570,0.0
28204,014025448X,0.0
28204,014028009X,0.0
28204,0142000205,0.0
28204,0156005891,6.0
28204,0156006529,0.0
28204,0312971346,0.0
28204,0312974256,0.0
28204,0312983271,0.0
28204,0312983867,0.0
28204,0316096199,0.0
28204,0316601950,0.0
28204,0316666343,9.0
28204,0316782505,8.0
28204,0316789089,0.0
28204,0345342968,0.0
28204,0345348109,0.0
28204,0345354621,0.0
28204,0345361792,0.0
28204,0345386108,0.0
28204,034539657X,0.0
28204,0345413350,0.0
28204,0345438329,0.0
28204,0385420161,0.0
28204,038542471X,9.0
28204,0385424728,7.0
28204,0385497466,0.0
28204,0425107469,0.0
28204,0425115801,0.0
28204,0425119653,0.0
28204,042513525X,0.0
28204,0425172546,0.0
28204,0425192725,0.0
28204,0440183057,0.0
28204,0440200563,0.0
28204,0440202043,0.0
28204,0440211727,0.0
28204,0440213290,0.0
28204,0440213991,0.0
28204,0440221471,0.0
28204,0440222656,0.0
28204,0440236703,0.0
28204,0440498058,0.0
28204,0446310786,0.0
28204,0446394521,0.0
28204,0446520802,0.0
28204,0446610399,0.0
28204,0446672211,0.0
28204,0449219364,0.0
28204,0449219461,8.0
28204,0449221482,0.0
28204,0449221504,0.0
28204,0449223604,0.0
28204,0449223612,0.0
28204,0451166892,10.0
28204,0515087122,0.0
28204,0515095826,8.0
28204,055321313X,0.0
28204,0553271636,0.0
28204,0553279556,0.0
28204,0553280341,0.0
28204,0553280368,8.0
28204,0553282476,0.0
28204,0553284789,0.0
28204,0553285343,8.0
28204,055328942X,0.0
28204,0553571885,0.0
28204,0553572997,0.0
28204,0553574574,0.0
28204,0553581554,0.0
28204,0671014196,0.0
28204,0671021001,0.0
28204,0671027360,10.0
28204,0671027387,0.0
28204,0671510053,0.0
28204,0671673688,7.0
28204,0671701231,0.0
28204,0679721886,0.0
28204,0679736042,10.0
28204,0679781587,0.0
28204,0684810387,0.0
28204,0767902521,0.0
28204,0804106304,9.0
28204,0804115761,0.0
28204,0805059555,0.0
28204,0971880107,0.0
28204,140003065X,0.0
28204,1573229326,0.0
28204,1592400876,0.0
28255,0060938455,0.0
28255,0064400557,7.0
28255,044021145X,8.0
28255,0671003755,4.0
28360,0316569321,0.0
28360,0345353145,0.0
28360,0375706771,0.0
28360,0399501487,0.0
28360,0440211727,0.0
28360,0440224764,0.0
28360,0440225701,0.0
28360,0446611778,0.0
28360,0515087947,0.0
28360,0671004530,0.0
28360,0671004549,0.0
28360,0767905180,5.0
28360,0842329242,0.0
28360,084233226X,0.0
28360,0971880107,0.0
28492,0345384466,0.0
28492,0380977788,0.0
28492,0671743058,0.0
28492,0971880107,0.0
28523,0060928336,10.0
28523,0060976845,0.0
28523,0060987103,0.0
28523,0060987529,0.0
28523,006101351X,0.0
28523,0064400557,0.0
28523,0312278586,10.0
28523,0312305060,0.0
28523,0316666343,0.0
28523,0345339681,0.0
28523,0345348036,0.0
28523,0345370775,0.0
28523,034539657X,0.0
28523,0345404785,0.0
28523,0345413350,0.0
28523,0345417623,0.0
28523,037570504X,0.0
28523,0380718340,0.0
28523,0385335881,0.0
28523,0385420161,0.0
28523,0425169863,0.0
28523,0439064864,0.0
28523,0439064872,10.0
28523,0439404371,10.0
28523,0440222656,0.0
28523,0446605484,0.0
28523,0446608890,0.0
28523,0446610542,0.0
28523,0451203895,0.0
28523,0515131229,0.0
28523,0553250426,0.0
28523,0553272535,0.0
28523,0553280341,0.0
28523,0590353403,10.0
28523,059035342X,0.0
28523,0670869902,0.0
28523,0671026011,0.0
28523,0671042262,0.0
28523,0671867156,0.0
28523,0671894455,0.0
28523,0743227441,0.0
28523,0786889020,8.0
28523,080410526X,0.0
28523,0842329129,0.0
28523,0842329218,0.0
28591,0064472795,0.0
28591,0316769487,10.0
28591,0375727345,0.0
28591,0515132187,0.0
28591,0553561618,0.0
28591,0670880728,10.0
28591,0671027581,0.0
28591,0679772677,0.0
28591,0767905180,0.0
28591,0767907817,8.0
28591,0971880107,6.0
28594,0345348036,0.0
28594,0380789035,0.0
28594,059035342X,9.0
28619,0142001740,0.0
28619,0156005891,10.0
28619,0156006529,0.0
28619,0316089699,10.0
28619,0316666343,0.0
28619,0316781142,10.0
28619,0345424719,0.0
28619,0345443284,0.0
28619,037570504X,0.0
28619,0375706410,0.0
28619,0375725784,0.0
28619,038079487X,0.0
28619,0385323638,0.0
28619,0385484518,5.0
28619,0439404371,0.0
28619,0440234743,0.0
28619,044023722X,0.0
28619,044651652X,10.0
28619,0446525502,0.0
28619,0446601640,0.0
28619,0446670251,0.0
28619,0446672211,0.0
28619,0452282152,0.0
28619,0553573136,5.0
28619,0671038184,0.0
28619,0679721886,0.0
28619,0679781587,3.0
28619,155874262X,0.0
28619,1558744150,10.0
28634,014028009X,7.0
28634,0312924585,10.0
28634,0316666343,10.0
28634,0345354621,7.0
28634,0345370775,9.0
28634,0345370805,0.0
28634,0345384350,8.0
28634,0345386108,7.0
28634,0345391055,7.0
28634,0345422317,0.0
28634,0380710218,9.0
28634,0385511612,9.0
28634,042510687X,8.0
28634,0425144429,8.0
28634,0425147622,10.0
28634,0425153975,10.0
28634,0425161242,8.0
28634,0425172546,9.0
28634,0425174271,7.0
28634,0425178765,9.0
28634,0425180638,10.0
28634,0425180964,0.0
28634,0425182908,10.0
28634,0440206154,10.0
28634,044021145X,10.0
28634,0440211727,10.0
28634,0440214041,10.0
28634,0440220602,10.0
28634,0440221471,10.0
28634,0440222656,0.0
28634,0440224675,10.0
28634,0440226104,9.0
28634,044023722X,9.0
28634,0440241537,10.0
28634,0446364800,0.0
28634,044651652X,10.0
28634,0446525502,10.0
28634,0446603716,10.0
28634,0446608955,10.0
28634,0446609404,10.0
28634,0446613266,10.0
28634,0553581554,10.0
28634,0553582135,10.0
28634,0671024248,10.0
28634,0671041789,10.0
28634,0671443283,6.0
28634,0671537458,8.0
28634,0671727583,7.0
28634,068484267X,10.0
28634,0684872153,10.0
28634,0743439740,10.0
28663,0684848783,0.0
28663,0971880107,0.0
28666,0345423402,0.0
28666,0373218192,0.0
28666,037325024X,0.0
28666,0440212561,0.0
28666,0440215625,0.0
28666,0440217563,0.0
28666,0515127833,0.0
28666,0553801430,0.0
28666,0786868716,0.0
28735,0385486804,9.0
28735,0671041789,0.0
28735,0679457526,0.0
28735,0971880107,6.0
28938,0060987529,0.0
28938,0345391802,10.0
28938,0375707972,0.0
28938,0449005615,0.0
28938,059035342X,0.0
28938,0971880107,6.0
29070,0316779423,0.0
29070,0446670251,0.0
29070,0449005615,0.0
29101,0345339681,0.0
29101,0345339711,0.0
29101,0345386108,0.0
29101,0385497466,0.0
29101,0425107469,0.0
29101,0440241073,8.0
29101,0449212084,0.0
29101,0553569910,0.0
29209,0060915544,0.0
29209,0060922532,0.0
29209,014025448X,6.0
29209,0140254544,0.0
29209,0140257934,6.0
29209,0142001430,8.0
29209,015100692X,0.0
29209,0156006529,0.0
29209,0312976275,0.0
29209,0316089699,0.0
29209,0316096199,0.0
29209,0345342968,9.0
29209,0345433491,0.0
29209,0345436911,0.0
29209,0345438329,0.0
29209,0345445848,0.0
29209,0345465083,0.0
29209,0374129983,0.0
29209,0375412824,0.0
29209,0385504209,0.0
29209,0385508042,0.0
29209,0385720955,0.0
29209,042518109X,0.0
29209,0440235162,5.0
29209,0440236738,0.0
29209,0446604844,0.0
29209,0446610038,5.0
29209,0446610100,7.0
29209,0446611778,0.0
29209,0446612790,0.0
29209,0452282152,10.0
29209,0452284449,5.0
29209,0553580191,0.0
29209,0671021001,0.0
29209,0671027360,7.0
29209,0671776134,0.0
29209,0679439382,0.0
29209,0767902521,0.0
29209,0802139256,10.0
29259,0060502258,7.0
29259,0060932759,0.0
29259,0060934417,0.0
29259,0060987103,0.0
29259,0061097101,0.0
29259,0064472795,0.0
29259,014025448X,0.0
29259,0140270590,0.0
29259,0140293248,0.0
29259,0142000205,0.0
29259,0142001740,10.0
29259,015100692X,0.0
29259,0312150601,0.0
29259,0312195516,0.0
29259,0312278586,0.0
29259,0316168688,0.0
29259,0316284955,0.0
29259,0316666343,0.0
29259,0316781266,0.0
29259,0345313860,10.0
29259,0345337662,10.0
29259,0345339681,0.0
29259,0345370775,5.0
29259,0345391055,0.0
29259,0345427637,0.0
29259,0345438329,0.0
29259,0345465083,0.0
29259,0375727345,0.0
29259,0380012863,0.0
29259,0380718332,10.0
29259,0380718340,10.0
29259,0385474016,0.0
29259,0385479565,0.0
29259,0385504209,0.0
29259,0425083837,0.0
29259,0425119653,0.0
29259,0425147622,10.0
29259,0425154092,10.0
29259,042516098X,0.0
29259,0425169863,0.0
29259,0425172546,0.0
29259,0425175405,0.0
29259,0425180638,0.0
29259,0425184226,0.0
29259,0440178002,0.0
29259,0440183057,9.0
29259,044021145X,9.0
29259,0440214041,0.0
29259,0440226104,0.0
29259,044048474X,0.0
29259,0440514428,0.0
29259,0440998050,0.0
29259,0446363251,0.0
29259,0446364193,0.0
29259,0446516538,0.0
29259,0446605239,0.0
29259,0446673544,0.0
29259,0449134482,0.0
29259,0449221512,0.0
29259,0449223345,8.0
29259,0449227421,9.0
29259,0451166892,0.0
29259,0451203895,0.0
29259,0451206525,0.0
29259,0452282152,9.0
29259,051511992X,0.0
29259,051512219X,0.0
29259,0515128546,0.0
29259,0515130389,0.0
29259,0553268880,0.0
29259,0553271636,0.0
29259,0553279556,0.0
29259,0553284789,0.0
29259,0553295977,0.0
29259,0553560247,8.0
29259,055356160X,0.0
29259,0553561618,0.0
29259,0553569155,0.0
29259,0553571885,0.0
29259,055357230X,0.0
29259,0553578308,0.0
29259,0553582526,0.0
29259,0553583441,0.0
29259,059035342X,0.0
29259,0609804138,0.0
29259,067100042X,0.0
29259,0671003755,0.0
29259,0671021001,0.0
29259,0671027360,0.0
29259,0671568175,0.0
29259,0671617028,0.0
29259,0671673688,0.0
29259,0671701231,0.0
29259,0671758896,0.0
29259,0671793489,0.0
29259,0671867164,9.0
29259,0671880314,0.0
29259,0671888587,9.0
29259,0671894455,0.0
29259,067976402X,0.0
29259,0679781587,0.0
29259,0743225406,0.0
29259,0743237188,0.0
29259,0767902521,0.0
29259,0786817070,0.0
29259,0804105820,0.0
29259,0842329250,8.0
29259,0842329269,9.0
29259,0842329277,9.0
29259,084233226X,7.0
29259,0871136791,0.0
29259,0894805770,10.0
29259,089480829X,10.0
29259,0971880107,0.0
29259,1558531025,10.0
29259,155874262X,10.0
29259,1558743316,0.0
29259,1558744150,10.0
29259,1558745017,0.0
29259,1559029838,0.0
29526,0060173289,10.0
29526,0060199652,10.0
29526,0061091790,0.0
29526,0312195516,10.0
29526,0312983271,0.0
29526,0316569321,10.0
29526,0316666343,0.0
29526,0345416260,10.0
29526,0345435168,9.0
29526,0380789035,9.0
29526,0385323638,9.0
29526,0385497466,10.0
29526,0385505833,10.0
29526,0399146431,10.0
29526,0439064864,10.0
29526,0439136350,10.0
29526,0439139597,10.0
29526,0590353403,10.0
29526,0670880728,10.0
29526,0670892963,10.0
29806,0345384350,0.0
29806,0345404114,0.0
29806,0425124347,0.0
29806,0425143325,0.0
29806,044021145X,0.0
29806,0440214041,0.0
29806,0440221471,0.0
29806,044022165X,0.0
29806,0440224764,0.0
29806,0451156609,0.0
29806,0553250531,0.0
29806,0553564528,0.0
29806,0553578022,0.0
29855,0060391626,0.0
29855,0061000043,0.0
29855,0061098361,0.0
29855,0312980140,0.0
29855,0312983867,0.0
29855,0316569321,0.0
29855,0316601950,8.0
29855,0316666343,9.0
29855,0316780375,7.0
29855,0316781010,7.0
29855,0345439104,6.0
29855,0373825013,0.0
29855,0380718332,0.0
29855,038079487X,8.0
29855,0385265700,6.0
29855,0385420161,9.0
29855,0385484518,0.0
29855,042513525X,0.0
29855,0425147622,10.0
29855,0425153975,0.0
29855,0425175405,0.0
29855,0425180638,0.0
29855,044021145X,0.0
29855,0440214041,0.0
29855,044651652X,9.0
29855,0446516538,0.0
29855,0446520802,0.0
29855,0446604801,0.0
29855,0446604844,0.0
29855,0446605581,0.0
29855,0446608815,0.0
29855,0451177096,0.0
29855,0451181379,0.0
29855,0452262143,0.0
29855,0452268060,0.0
29855,051511992X,6.0
29855,0553289411,0.0
29855,055356160X,0.0
29855,0553571885,0.0
29855,0553576801,0.0
29855,0553578022,0.0
29855,0553581554,0.0
29855,0553582135,0.0
29855,0553582658,0.0
29855,0553583441,0.0
29855,067100042X,0.0
29855,0671004530,0.0
29855,0671021001,0.0
29855,0671510053,0.0
29855,0671743058,10.0
29855,0671867091,0.0
29855,0671888587,0.0
29855,0671894455,5.0
29855,0679433740,0.0
29855,0679731148,0.0
29855,0804108749,0.0
29855,0971880107,0.0
29915,0140119906,0.0
29915,0316781266,6.0
29915,034539657X,0.0
29915,0373218192,0.0
29915,0375703055,0.0
29915,0375707972,0.0
29915,0380820889,0.0
29915,0439136369,0.0
29915,0452284449,8.0
29915,0515121843,0.0
29915,0515130389,0.0
29915,0515131229,0.0
29915,051513287X,0.0
29915,0553295977,0.0
29915,0671024248,0.0
29915,067976397X,0.0
29915,0743225406,0.0
29915,0804111359,0.0
29915,0842329129,0.0
29974,0441000916,8.0
29974,0515133876,8.0
30035,0061009059,5.0
30035,0312966091,5.0
30035,0312966970,0.0
30035,0312971346,0.0
30035,0312976275,8.0
30035,0312980140,0.0
30035,0312983271,0.0
30035,031298328X,0.0
30035,0312983867,5.0
30035,0312986343,5.0
30035,0345354621,0.0
30035,0345402871,5.0
30035,0425147622,0.0
30035,0425158616,5.0
30035,0425163407,0.0
30035,0425180638,0.0
30035,0425180964,0.0
30035,0425182908,5.0
30035,0440214041,7.0
30035,0440226430,0.0
30035,0440241537,0.0
30035,0446607711,0.0
30035,055356160X,7.0
30035,0671001795,0.0
30035,0671028375,0.0
30035,0671867172,0.0
30072,0064400581,0.0
30072,0380600129,0.0
30081,0060938455,0.0
30081,0140293248,8.0
30081,0316769487,0.0
30081,0375727345,6.0
30081,0380012863,0.0
30081,0380730138,5.0
30081,0385335482,5.0
30081,0385721420,0.0
30081,0446670251,10.0
30081,0449907481,10.0
30081,0451524934,10.0
30081,0452284449,0.0
30081,0553272535,8.0
30081,0553571885,0.0
30081,0684801523,10.0
30081,0767907817,8.0
30081,0802139256,0.0
30261,0060938455,0.0
30261,0142000205,0.0
30261,0142001740,0.0
30261,0312305060,0.0
30261,0312980159,0.0
30261,0316096199,0.0
30261,0316666343,0.0
30261,0316781010,0.0
30261,0316969443,0.0
30261,0345443284,0.0
30261,0345447840,0.0
30261,0375706771,0.0
30261,0375760911,0.0
30261,0380820293,0.0
30261,0385323638,0.0
30261,0385504209,0.0
30261,0425152251,0.0
30261,044021145X,0.0
30261,044022103X,0.0
30261,0440226430,0.0
30261,0446516538,0.0
30261,0446520802,10.0
30261,0446525537,0.0
30261,0446610399,0.0
30261,0553573136,0.0
30261,0553574574,0.0
30261,0671693816,0.0
30261,0688177859,0.0
30261,0743224574,9.0
30261,0743418174,0.0
30261,0743418204,0.0
30261,0767905180,0.0
30261,0786868716,0.0
30261,0971880107,0.0
30261,1558743316,0.0
30273,0060085444,0.0
30273,0060934417,0.0
30273,0064407667,7.0
30273,0142001805,0.0
30273,015100692X,8.0
30273,0312983824,0.0
30273,0316602051,0.0
30273,0316693006,0.0
30273,0316969680,7.0
30273,0373218400,0.0
30273,037325024X,8.0
30273,0375760911,0.0
30273,0385482388,0.0
30273,0385508042,0.0
30273,0385730586,0.0
30273,0399146431,7.0
30273,0440212561,0.0
30273,0440215625,0.0
30273,0440236738,0.0
30273,0446603589,0.0
30273,0446610542,7.0
30273,0446673544,0.0
30273,0451203895,6.0
30273,0515087122,0.0
30273,0553250426,0.0
30273,0553279912,0.0
30273,0553801430,0.0
30273,0743227441,8.0
30273,0767905385,0.0
30273,0971880107,0.0
30276,0060502258,0.0
30276,0060928336,0.0
30276,0061009059,7.0
30276,006101351X,0.0
30276,0140293248,0.0
30276,0312980159,7.0
30276,0316601950,6.0
30276,0316776963,0.0
30276,0345443284,0.0
30276,0385504209,8.0
30276,0425167313,0.0
30276,0425173631,0.0
30276,042518630X,9.0
30276,044021145X,0.0
30276,0440212561,7.0
30276,0440217563,7.0
30276,0440219078,0.0
30276,0446605239,0.0
30276,0446605484,0.0
30276,0446605581,0.0
30276,0446610038,8.0
30276,0446610542,5.0
30276,0451206525,0.0
30276,0515126772,6.0
30276,0515127833,7.0
30276,0515128546,0.0
30276,0515133876,0.0
30276,0553279378,6.0
30276,055357230X,0.0
30276,0553578022,7.0
30276,0553583441,7.0
30276,0671525743,9.0
30276,0671793489,8.0
30276,0679734775,0.0
30276,0679781587,0.0
30276,0684801523,6.0
30276,068484267X,7.0
30276,0786868716,0.0
30276,0804106304,6.0
30276,1400034779,0.0
30276,155874262X,0.0
30445,0064407667,0.0
30445,0064407675,10.0
30445,014034294X,10.0
30445,0345443284,0.0
30445,043935806X,10.0
30445,0446605239,8.0
30445,0971880107,0.0
30487,0060173289,0.0
30487,0060391626,0.0
30487,0060916508,0.0
30487,0060938455,7.0
30487,0060964049,0.0
30487,0070212570,0.0
30487,014023313X,7.0
30487,014100018X,0.0
30487,0142002267,0.0
30487,0156628708,0.0
30487,0312195516,8.0
30487,0312278586,0.0
30487,0312976275,0.0
30487,0312980140,0.0
30487,0316569321,7.0
30487,0316776963,0.0
30487,0345339681,0.0
30487,0345348036,0.0
30487,0345350499,0.0
30487,0345391802,0.0
30487,0345436911,0.0
30487,0375412530,6.0
30487,0375412824,0.0
30487,0375501371,7.0
30487,0385265700,6.0
30487,0425167313,0.0
30487,0439139600,0.0
30487,043935806X,0.0
30487,0440213525,0.0
30487,0440220602,7.0
30487,0440221471,0.0
30487,044022165X,0.0
30487,0440224764,0.0
30487,0440225701,6.0
30487,0440234743,0.0
30487,044023722X,8.0
30487,0440241073,0.0
30487,0449005615,9.0
30487,0449907481,0.0
30487,0451202341,0.0
30487,0452268060,0.0
30487,0452277337,0.0
30487,0452282152,0.0
30487,0670030643,0.0
30487,067088300X,7.0
30487,0671003755,0.0
30487,0671510053,6.0
30487,0671776134,8.0
30487,0671867156,0.0
30487,0671880187,0.0
30487,0679429220,0.0
30487,0679457313,0.0
30487,0679457526,0.0
30487,0679745203,0.0
30487,0679746048,0.0
30487,0743224574,0.0
30487,0743418174,8.0
30487,0786885688,0.0
30487,080411868X,0.0
30487,0805063897,8.0
30509,0971880107,0.0
30511,0060915544,0.0
30511,0060987103,6.0
30511,014023313X,7.0
30511,0156027321,9.0
30511,0312144075,0.0
30511,0312282990,0.0
30511,0312995423,0.0
30511,0345350499,6.0
30511,0345361792,0.0
30511,0345391802,7.0
30511,0374199698,0.0
30511,0375700757,0.0
30511,038549081X,0.0
30511,0385512104,0.0
30511,0385720955,0.0
30511,042511774X,0.0
30511,0452282152,7.0
30511,0553268880,5.0
30511,0553277472,7.0
30511,0671027387,0.0
30511,0671510053,0.0
30511,067976402X,0.0
30511,0804108749,0.0
30511,0804111359,0.0
30511,1573229725,0.0
30533,002542730X,0.0
30533,0060928336,0.0
30533,0060930535,8.0
30533,0064400581,0.0
30533,014023313X,0.0
30533,014025448X,9.0
30533,0151008116,0.0
30533,0312150601,0.0
30533,0312274920,0.0
30533,0312305060,0.0
30533,031242227X,0.0
30533,0312979886,0.0
30533,0316776963,0.0
30533,0316782505,8.0
30533,0345339703,0.0
30533,0345342968,10.0
30533,0345348036,0.0
30533,0345370775,0.0
30533,0345413903,0.0
30533,0345416260,0.0
30533,0345445848,0.0
30533,0345465083,0.0
30533,0375506039,0.0
30533,0375703063,0.0
30533,0375705198,0.0
30533,0375706771,0.0
30533,0375726403,9.0
30533,0375727345,0.0
30533,0380710722,0.0
30533,0380717018,8.0
30533,0385486804,0.0
30533,0385490445,0.0
30533,0385492081,8.0
30533,0399501487,0.0
30533,0425152251,0.0
30533,0440202043,8.0
30533,0440212561,0.0
30533,0440220602,0.0
30533,0440221471,0.0
30533,0440226430,7.0
30533,0440234743,6.0
30533,044023722X,0.0
30533,0440241537,7.0
30533,0441003257,9.0
30533,0446310786,0.0
30533,0446608815,0.0
30533,0449221490,0.0
30533,0449223604,0.0
30533,0449907481,0.0
30533,0451186923,0.0
30533,0451203771,6.0
30533,0452268060,7.0
30533,0452283205,0.0
30533,0515095826,0.0
30533,0515127833,0.0
30533,0515131083,0.0
30533,0553268880,0.0
30533,0553272535,9.0
30533,0553282476,0.0
30533,0553569058,0.0
30533,059035342X,9.0
30533,067088300X,0.0
30533,0671003755,7.0
30533,0671027360,0.0
30533,0671027662,0.0
30533,0671038184,8.0
30533,0671867156,0.0
30533,0671894455,0.0
30533,0679751602,10.0
30533,067976402X,0.0
30533,0679781587,0.0
30533,068484477X,8.0
30533,0743203631,7.0
30533,0743225406,0.0
30533,0743237188,0.0
30533,0743418174,0.0
30533,0767902521,8.0
30533,0786868716,0.0
30533,080410526X,0.0
30533,0804106304,8.0
30533,080410753X,0.0
30533,0804114986,8.0
30533,0804115613,8.0
30533,0971880107,0.0
30533,1400031354,0.0
30533,1573225789,0.0
30533,1573229725,0.0
30533,1592400876,0.0
30711,0060392452,0.0
30711,0060502258,8.0
30711,0060977493,0.0
30711,0060987103,0.0
30711,0064472795,0.0
30711,0099771519,8.0
30711,0140119906,0.0
30711,0156005891,0.0
30711,0156027321,0.0
30711,0312144075,0.0
30711,0312195516,0.0
30711,0312278586,0.0
30711,0312924801,0.0
30711,0345339738,0.0
30711,0345370775,0.0
30711,0345391802,7.0
30711,034540288X,0.0
30711,0345404114,5.0
30711,0345427637,0.0
30711,0380002930,0.0
30711,0380977788,8.0
30711,0385335482,0.0
30711,0385335881,8.0
30711,0385484518,0.0
30711,0385722206,0.0
30711,0439064864,7.0
30711,043935806X,8.0
30711,044023722X,0.0
30711,0440498058,9.0
30711,0446364193,0.0
30711,0446520802,6.0
30711,0446672211,8.0
30711,0449221482,8.0
30711,0452281903,0.0
30711,0452282152,0.0
30711,0452283205,8.0
30711,0553280341,8.0
30711,0786817070,0.0
30711,0804114986,0.0
30711,1400031354,0.0
30711,1400031362,0.0
30711,1400034779,0.0
30711,1558743669,8.0
30711,1558745157,0.0
30712,0312306326,7.0
30712,0316096199,0.0
30712,0345361792,0.0
30712,0671003755,0.0
30712,0679731148,0.0
30712,0688177751,0.0
30712,0971880107,0.0
30716,002542730X,0.0
30716,0060930535,0.0
30716,0060938455,0.0
30716,0061097314,9.0
30716,014028009X,8.0
30716,0140298479,0.0
30716,0312983271,0.0
30716,0316666343,0.0
30716,0345342968,0.0
30716,0373250207,7.0
30716,0380731851,0.0
30716,038079487X,0.0
30716,0385492081,0.0
30716,0439136369,0.0
30716,0446673544,4.0
30716,0515130389,0.0
30716,0515131229,0.0
30716,059035342X,0.0
30716,0671027360,0.0
30716,0671027387,0.0
30716,0743418174,0.0
30716,0767905180,3.0
30716,0786881852,0.0
30716,0842329129,0.0
30716,0842329218,0.0
30716,0842329242,0.0
30735,0060502258,8.0
30735,0064407667,0.0
30735,0070212570,9.0
30735,0141000198,4.0
30735,0312195516,10.0
30735,0312306326,0.0
30735,0312966970,10.0
30735,0312971346,10.0
30735,0312976275,0.0
30735,0312980140,0.0
30735,0316666343,0.0
30735,0345350499,9.0
30735,0345370805,8.0
30735,0345387651,5.0
30735,0380002930,9.0
30735,0380018179,0.0
30735,0385484518,10.0
30735,0399146431,9.0
30735,0399149155,10.0
30735,0439064864,9.0
30735,0439064872,9.0
30735,0439136350,9.0
30735,0439139597,10.0
30735,043935806X,10.0
30735,0439404371,9.0
30735,0440213991,0.0
30735,0446394521,9.0
30735,0449212084,0.0
30735,0449219364,10.0
30735,0449219461,10.0
30735,0449221512,10.0
30735,0452282152,0.0
30735,0553234811,9.0
30735,0553250426,9.0
30735,0553271636,10.0
30735,0553279556,10.0
30735,0553279912,10.0
30735,0553280341,10.0
30735,0553280368,10.0
30735,0553284789,10.0
30735,0553289411,0.0
30735,0553578308,8.0
30735,0590353403,10.0
30735,059035342X,10.0
30735,0671004573,0.0
30735,0671021001,8.0
30735,067976402X,0.0
30735,0743206045,0.0
30735,0786817070,7.0
30735,080411109X,9.0
30735,0805019375,10.0
30735,0805059555,10.0
30735,1400031354,0.0
30735,1400034779,0.0
30744,0312980159,0.0
30744,0425173631,0.0
30744,0446605581,0.0
30744,0515124214,0.0
30744,0515128546,0.0
30744,0515131229,0.0
30744,051513287X,0.0
30744,0553561618,0.0
30744,0553579606,0.0
30744,0553582135,0.0
30744,0553583441,0.0
30770,0060987103,0.0
30770,0156027321,8.0
30770,0312305060,7.0
30770,0316666343,7.0
30770,0345361792,0.0
30770,0385484518,0.0
30770,0452282152,0.0
30770,0552137030,0.0
30770,0804115761,5.0
30806,0061000043,0.0
30806,0316782505,5.0
30806,0316789089,0.0
30806,0345350499,0.0
30806,0385504209,0.0
30806,0385722206,0.0
30806,042516098X,0.0
30806,0439139597,8.0
30806,044021145X,0.0
30806,0440213029,6.0
30806,0440214041,0.0
30806,0440226430,0.0
30806,0446360589,0.0
30806,044651862X,0.0
30806,0449212084,7.0
30806,0449221512,0.0
30806,0553260111,0.0
30806,0553571656,0.0
30806,0671027581,5.0
30806,0804106304,8.0
30806,0971880107,0.0
30810,0345378490,0.0
30810,0425083837,0.0
30810,0446607711,0.0
30810,0671004549,7.0
30810,0671014919,4.0
30810,0671867156,7.0
30824,0060916508,9.0
30824,0064400042,10.0
30824,0064400557,10.0
30824,0345350499,0.0
30824,0380018179,0.0
30824,0380717018,0.0
30824,0425116840,0.0
30824,0439139597,0.0
30824,0440220602,0.0
30824,0446611808,0.0
30824,0451137965,0.0
30824,0451180232,0.0
30824,0451186362,0.0
30824,0515133876,0.0
30824,055321313X,0.0
30824,0553289411,0.0
30824,0553569910,0.0
30824,0553571885,0.0
30824,0671024248,0.0
30824,0671443283,0.0
30824,0679429220,0.0
30824,0804111359,0.0
30898,0060928336,0.0
30898,0312282990,0.0
30898,0316601950,0.0
30898,0345342968,0.0
30898,0345348109,4.0
30898,0380730138,0.0
30898,0385512104,0.0
30898,0440218535,7.0
30898,0446605239,4.0
30898,0446672211,0.0
30898,0684801523,0.0
30898,080410526X,8.0
30898,0971880107,0.0
30972,0060928336,10.0
30972,014100018X,7.0
30972,0312966091,0.0
30972,0316601950,9.0
30972,034539657X,0.0
30972,0345417623,0.0
30972,0345435168,0.0
30972,0345447840,0.0
30972,0373218192,0.0
30972,0373218400,0.0
30972,0375700757,0.0
30972,0375707972,8.0
30972,0380710218,8.0
30972,0380718340,0.0
30972,042513525X,8.0
30972,0425155404,0.0
30972,0425158616,8.0
30972,0425163407,9.0
30972,0425175405,5.0
30972,0425180638,0.0
30972,042518630X,0.0
30972,0440211263,0.0
30972,044021145X,8.0
30972,0440211727,0.0
30972,0440212561,0.0
30972,0440213525,0.0
30972,0440214041,0.0
30972,0440218535,0.0
30972,0440220602,0.0
30972,0440221471,0.0
30972,044022165X,0.0
30972,0440222656,8.0
30972,0440224594,0.0
30972,0440224675,0.0
30972,0440235162,0.0
30972,0440236673,0.0
30972,044023722X,9.0
30972,0440241073,0.0
30972,0446364193,0.0
30972,0446364800,0.0
30972,0446601241,7.0
30972,0446603422,0.0
30972,0446604275,0.0
30972,0446605484,9.0
30972,0446605581,0.0
30972,0446606324,0.0
30972,0446606812,6.0
30972,0446607193,0.0
30972,0446607657,0.0
30972,0446607711,5.0
30972,0446610038,0.0
30972,0446610100,9.0
30972,044661064X,5.0
30972,0446611212,0.0
30972,0446611808,0.0
30972,0446612790,0.0
30972,0446672211,0.0
30972,0449003795,8.0
30972,0449907481,0.0
30972,0452282829,9.0
30972,0515121843,0.0
30972,051512219X,0.0
30972,0515127833,0.0
30972,0515128546,0.0
30972,0515131083,7.0
30972,0515132187,0.0
30972,051513287X,0.0
30972,0553268880,8.0
30972,0553280945,0.0
30972,0553561618,0.0
30972,055356451X,8.0
30972,0553576801,0.0
30972,0553582127,0.0
30972,0671003755,0.0
30972,0671004530,0.0
30972,0671004573,7.0
30972,0671014919,7.0
30972,0671026011,8.0
30972,0671038184,9.0
30972,0671867156,8.0
30972,067976402X,0.0
30972,0743411250,0.0
30972,074343627X,0.0
30972,0842329129,0.0
30972,0971880107,1.0
30985,0316601950,0.0
30985,0316899984,2.0
30985,0380714752,8.0
30985,0385502532,8.0
30985,0425083837,9.0
30985,0425122123,0.0
30985,0425184226,10.0
30985,044021145X,0.0
30985,0440214041,8.0
30985,0446613266,8.0
30985,0553574574,1.0
30985,1559029838,4.0
30994,0060199652,0.0
30994,0060915544,10.0
30994,0060922532,10.0
30994,0060930535,10.0
30994,0060987561,10.0
30994,0312986343,5.0
30994,0345417623,10.0
30994,0373484003,5.0
30994,0375703055,8.0
30994,0375707972,9.0
30994,044021145X,10.0
30994,0440212561,0.0
30994,0440213525,0.0
30994,0440215625,10.0
30994,0440217563,9.0
30994,0440218535,0.0
30994,0440224764,0.0
30994,044023722X,9.0
30994,0440241073,0.0
30994,0446667900,0.0
30994,0449907481,6.0
30994,0451166892,0.0
30994,0452282195,9.0
30994,0553574574,8.0
30994,0671038184,9.0
30994,0671743058,10.0
30994,067976402X,10.0
30994,0679781587,0.0
31008,0060938455,8.0
31008,0345339738,0.0
31008,0345350499,0.0
31040,0061097101,0.0
31040,0140293248,0.0
31040,0151008116,0.0
31040,0345353145,0.0
31040,0345387651,5.0
31040,0345404769,8.0
31040,0373218400,0.0
31040,0425154092,0.0
31040,0425155404,0.0
31040,0440183057,0.0
31040,0440206154,0.0
31040,0440213029,0.0
31040,044023722X,0.0
31040,0446605239,0.0
31040,0446606812,0.0
31040,0446610399,0.0
31040,0446672211,0.0
31040,0449223604,0.0
31040,0451183665,0.0
31040,0451203771,0.0
31040,051512219X,0.0
31040,0553560247,7.0
31040,0553582658,0.0
31040,0671003755,0.0
31040,0671042572,0.0
31040,0743237188,0.0
31040,0786881852,0.0
31040,0804108749,7.0
31040,0842329129,8.0
31040,0842329218,10.0
31040,1558744150,10.0
31040,1558745017,8.0
31050,0373243286,0.0
31050,0373484003,0.0
31050,0446601241,0.0
31094,0385479565,8.0
31094,0440226104,8.0
31094,0449219364,7.0
31094,0449221482,0.0
31094,0449221504,7.0
31094,0449221512,0.0
31094,0553282476,7.0
31094,0671683993,8.0
31226,0070212570,0.0
31226,0099771519,0.0
31226,0312278586,0.0
31226,034536676X,0.0
31226,0375706771,0.0
31226,0385490445,7.0
31226,0385492081,0.0
31226,042511774X,0.0
31226,0439064872,0.0
31226,0439136369,0.0
31226,0446672211,0.0
31226,0452282152,0.0
31226,0452284449,0.0
31226,0553296981,10.0
31226,0671003755,0.0
31226,0679433740,0.0
31226,0679439382,0.0
31226,068484477X,0.0
31226,0804106304,0.0
31226,080410753X,0.0
31308,014025448X,0.0
31308,0140254544,0.0
31308,0140257934,0.0
31308,0140270590,0.0
31308,0345370805,0.0
31308,0345435168,0.0
31308,0373243286,0.0
31308,0373484003,0.0
31308,0375412530,0.0
31308,0375703063,7.0
31308,0440226430,0.0
31308,0446611867,9.0
31308,0515121843,0.0
31308,0515126772,0.0
31308,0515132020,0.0
31308,067100042X,0.0
31315,0060096195,0.0
31315,0060928336,0.0
31315,0060930535,0.0
31315,0060987561,0.0
31315,0140244824,0.0
31315,014028009X,0.0
31315,0140293248,0.0
31315,0142000205,9.0
31315,0142001740,0.0
31315,015100692X,0.0
31315,0312265867,0.0
31315,0312291639,0.0
31315,0312924801,8.0
31315,0312966091,0.0
31315,0312966970,0.0
31315,0312974256,0.0
31315,0312979886,0.0
31315,0312980159,0.0
31315,031298328X,0.0
31315,0312983824,0.0
31315,0312986343,0.0
31315,0316168688,9.0
31315,0316569321,0.0
31315,0316601950,0.0
31315,0316602051,0.0
31315,0316693006,10.0
31315,0316693200,10.0
31315,0316769487,0.0
31315,0316776963,0.0
31315,0316780375,8.0
31315,0316789089,0.0
31315,0316899984,0.0
31315,0345313860,10.0
31315,0345337662,0.0
31315,0345378490,0.0
31315,0345384350,0.0
31315,0345384466,0.0
31315,0345402871,0.0
31315,0345404114,0.0
31315,0345417623,0.0
31315,0345435168,0.0
31315,0345436911,0.0
31315,0345465083,0.0
31315,0373250207,0.0
31315,0375706410,0.0
31315,0375727345,9.0
31315,0375760911,0.0
31315,0380018179,0.0
31315,0380600129,0.0
31315,0385306024,8.0
31315,0385335482,0.0
31315,0385335830,0.0
31315,0385335881,0.0
31315,0385474016,0.0
31315,0385479565,0.0
31315,0385484518,0.0
31315,0385497466,4.0
31315,038550120X,6.0
31315,0385502532,0.0
31315,0385503857,0.0
31315,0385504209,0.0
31315,0385722206,0.0
31315,039914613X,10.0
31315,0399146253,7.0
31315,042510687X,8.0
31315,0425118703,0.0
31315,0425121631,0.0
31315,042513699X,0.0
31315,0425144429,0.0
31315,0425163385,0.0
31315,0425169863,9.0
31315,0425172546,0.0
31315,0425174271,0.0
31315,0425182908,0.0
31315,0425184226,0.0
31315,0440122090,0.0
31315,0440206154,0.0
31315,0440213290,0.0
31315,0440214041,6.0
31315,044022165X,0.0
31315,0440224624,0.0
31315,0440224675,0.0
31315,0440226104,0.0
31315,0440234743,10.0
31315,0441000916,0.0
31315,0441304834,10.0
31315,0446363251,0.0
31315,044651652X,0.0
31315,044651862X,0.0
31315,0446603589,0.0
31315,0446605239,0.0
31315,0446605581,7.0
31315,0446607193,0.0
31315,0446607657,0.0
31315,0446610038,0.0
31315,0451160525,0.0
31315,0451186923,0.0
31315,0451188454,10.0
31315,0451188462,0.0
31315,0451202341,0.0
31315,0451203895,0.0
31315,0452262143,10.0
31315,0452282152,0.0
31315,0452282829,0.0
31315,051511992X,0.0
31315,0515124214,0.0
31315,0515126772,0.0
31315,0515128546,0.0
31315,0515131083,0.0
31315,0515132187,0.0
31315,0515133876,10.0
31315,0553234811,10.0
31315,0553250531,10.0
31315,0553282476,0.0
31315,0553295977,5.0
31315,0553561618,9.0
31315,0553564528,9.0
31315,0553572326,9.0
31315,0553572997,0.0
31315,0553574574,0.0
31315,0553581554,0.0
31315,0553582755,0.0
31315,0609804138,0.0
31315,0670030643,0.0
31315,0670880728,0.0
31315,067088300X,0.0
31315,0670892963,0.0
31315,0671001795,0.0
31315,0671003755,0.0
31315,0671004530,0.0
31315,0671014196,0.0
31315,0671027387,0.0
31315,0671038184,0.0
31315,0671525743,0.0
31315,0671670689,0.0
31315,0671683993,0.0
31315,0671693816,9.0
31315,0671695169,0.0
31315,0671743058,0.0
31315,0671867113,0.0
31315,0671867172,0.0
31315,0679433740,0.0
31315,0679731148,0.0
31315,0679751602,0.0
31315,067976402X,0.0
31315,0679781587,0.0
31315,0684810387,0.0
31315,0684867621,9.0
31315,0743206045,10.0
31315,0743411250,0.0
31315,0743418204,0.0
31315,0767905180,0.0
31315,0767907817,9.0
31315,0786868716,0.0
31315,0786881852,7.0
31315,0786885688,0.0
31315,0802139256,0.0
31315,0804106304,0.0
31315,0804114986,0.0
31315,0804115613,0.0
31315,080411868X,0.0
31315,080411918X,0.0
31315,0971880107,0.0
31315,1558531025,0.0
31315,1558743669,0.0
31391,0060987103,0.0
31391,0060987561,10.0
31391,0345351525,0.0
31391,0345413903,4.0
31391,037570504X,0.0
31391,0375726403,10.0
31391,0375727345,0.0
31391,0380731851,0.0
31391,038079487X,0.0
31391,0425178765,0.0
31391,0425182878,0.0
31391,0440178002,0.0
31391,0441000916,10.0
31391,0441304834,10.0
31391,0452282829,0.0
31391,0553569910,0.0
31391,055357230X,0.0
31391,0553579754,0.0
31391,0671003755,10.0
31391,0743237188,0.0
31391,0743418174,10.0
31391,1400031346,10.0
31393,0060391626,9.0
31393,0060930535,8.0
31393,0060932759,8.0
31393,006101351X,8.0
31393,0140293248,6.0
31393,0142001740,8.0
31393,0316899984,0.0
31393,0345339681,5.0
31393,0345361792,10.0
31393,034536676X,8.0
31393,034540761X,0.0
31393,0345445848,7.0
31393,0375706771,8.0
31393,0385474016,7.0
31393,0385720106,5.0
31393,039914613X,0.0
31393,0425174271,0.0
31393,0439064872,10.0
31393,0439136369,5.0
31393,0440235596,8.0
31393,0452282829,8.0
31393,0515124214,5.0
31393,0515132020,5.0
31393,0553282476,5.0
31393,059035342X,10.0
31393,0670869902,0.0
31393,0671038184,0.0
31393,0679781587,0.0
31393,0684872153,5.0
31393,0767902521,8.0
31393,0804114986,8.0
31393,0805059555,7.0
31466,0060928336,0.0
31466,034540761X,0.0
31466,038542471X,0.0
31466,0446611212,0.0
31466,0446672211,0.0
31466,0451186923,0.0
31466,0671027387,0.0
31466,080410946X,0.0
31466,0971880107,0.0
31466,1400031346,0.0
31466,1551666839,0.0
31556,006016848X,5.0
31556,0060173289,0.0
31556,0060392452,0.0
31556,0060928336,0.0
31556,0061000043,8.0
31556,006101351X,0.0
31556,0061097314,8.0
31556,0064400581,0.0
31556,0064407667,7.0
31556,0140177396,0.0
31556,0140293248,0.0
31556,0142001740,0.0
31556,0312195516,0.0
31556,0316769487,5.0
31556,0345337662,0.0
31556,0345339681,9.0
31556,0345339738,9.0
31556,0345351525,0.0
31556,0345353145,0.0
31556,0345391055,0.0
31556,034539657X,0.0
31556,0374129983,0.0
31556,0375760911,0.0
31556,0380002930,0.0
31556,0380600129,8.0
31556,0380710722,0.0
31556,0380717018,0.0
31556,0380718332,0.0
31556,0380718340,0.0
31556,038542471X,0.0
31556,0385492081,0.0
31556,0385720106,0.0
31556,039480001X,10.0
31556,0425109720,0.0
31556,0425142485,0.0
31556,0425143325,0.0
31556,0425147622,0.0
31556,0425154092,0.0
31556,0425158616,0.0
31556,0425169863,0.0
31556,0425175405,0.0
31556,0425180638,0.0
31556,0425192725,0.0
31556,0439139600,0.0
31556,0440178002,0.0
31556,0440211263,0.0
31556,0440212561,8.0
31556,0440214041,0.0
31556,0440217563,0.0
31556,0440219078,0.0
31556,0440221471,0.0
31556,044022165X,0.0
31556,0440222656,0.0
31556,0440224764,0.0
31556,0440234743,0.0
31556,0440236673,0.0
31556,044023722X,0.0
31556,0440998050,10.0
31556,0446310786,10.0
31556,0446394521,0.0
31556,044651652X,0.0
31556,0446603422,0.0
31556,0446603589,0.0
31556,0446605581,0.0
31556,044661064X,0.0
31556,0449003787,0.0
31556,0449212084,0.0
31556,0449219364,0.0
31556,0449219461,0.0
31556,0449221482,0.0
31556,0449221490,0.0
31556,0449223345,0.0
31556,0449223604,0.0
31556,0451169530,0.0
31556,0452268060,0.0
31556,0452282152,8.0
31556,0515087947,7.0
31556,0515102652,0.0
31556,0515121843,0.0
31556,0515124214,0.0
31556,051512608X,0.0
31556,051513287X,0.0
31556,0515133973,0.0
31556,055321313X,8.0
31556,0553271636,0.0
31556,0553279912,0.0
31556,0553280341,0.0
31556,0553280368,7.0
31556,0553284789,0.0
31556,055329170X,0.0
31556,0553296981,0.0
31556,0553560247,0.0
31556,0553569058,0.0
31556,0590353403,0.0
31556,059035342X,8.0
31556,059045367X,0.0
31556,0670869902,0.0
31556,0671021001,0.0
31556,0671027662,0.0
31556,0671042858,0.0
31556,0671568175,0.0
31556,0671673688,0.0
31556,0671741187,10.0
31556,0671888587,0.0
31556,0679745203,0.0
31556,0684810387,0.0
31556,0684874350,0.0
31556,074343627X,0.0
31556,0786889020,0.0
31556,080410526X,8.0
31556,0871136791,0.0
31556,1400034779,0.0
31556,1558743669,8.0
31652,0316781010,0.0
31652,038572179X,0.0
31652,0440221471,0.0
31652,0440221595,0.0
31652,0440224675,0.0
31652,0451203771,0.0
31652,051512608X,5.0
31652,0671027360,9.0
31652,0971880107,0.0
31826,002542730X,0.0
31826,0064407667,0.0
31826,0064407675,0.0
31826,0345384350,10.0
31826,0345384369,10.0
31826,0345386108,10.0
31826,034539657X,10.0
31826,0345413903,0.0
31826,0373825013,0.0
31826,0380018179,10.0
31826,0385504209,10.0
31826,0425107469,10.0
31826,0425115801,10.0
31826,0425118703,10.0
31826,0425121259,10.0
31826,0425124347,10.0
31826,0425130711,10.0
31826,042513525X,10.0
31826,0425142485,10.0
31826,0425153975,10.0
31826,0439064864,0.0
31826,0439136350,0.0
31826,0439139597,0.0
31826,043935806X,0.0
31826,0440178002,0.0
31826,0440183057,10.0
31826,0440200989,10.0
31826,0451137965,10.0
31826,0451153553,10.0
31826,0451156609,10.0
31826,0451167317,10.0
31826,0451170385,10.0
31826,0451172817,10.0
31826,0451177096,10.0
31826,0451180232,10.0
31826,0451181379,10.0
31826,0451184963,9.0
31826,0451186362,10.0
31826,0451188462,9.0
31826,0452262143,0.0
31826,0553263226,0.0
31826,0553579754,10.0
31826,0553580191,10.0
31826,0553580221,10.0
31826,0553582755,10.0
31826,0590353403,0.0
31826,0671004530,10.0
31826,0671004549,10.0
31826,0671004573,10.0
31826,0671014919,10.0
31826,067102423X,10.0
31826,0671024248,10.0
31826,0671042858,7.0
31826,0671568175,10.0
31826,0671673688,10.0
31826,0671701231,10.0
31826,0671758896,10.0
31826,0671793489,10.0
31826,0671867113,10.0
31826,0671867156,10.0
31826,0671867172,10.0
31826,0671888587,10.0
31826,0743211375,10.0
31826,0743235150,10.0
31826,074343627X,10.0
31826,0971880107,1.0
31846,0156006529,0.0
31846,0316569321,8.0
31846,0316780375,0.0
31846,0345417623,0.0
31846,0345424719,0.0
31846,0374129983,0.0
31846,0375506039,0.0
31846,0375703861,0.0
31846,0375705856,0.0
31846,0375725784,0.0
31846,0380600129,0.0
31846,0380730138,7.0
31846,0380731851,0.0
31846,0385511612,0.0
31846,0394820371,0.0
31846,0399146431,0.0
31846,0425167313,0.0
31846,0425182908,0.0
31846,0440222656,0.0
31846,044048474X,0.0
31846,0446603589,0.0
31846,0446605239,0.0
31846,0446610100,0.0
31846,0446612790,0.0
31846,0449003795,0.0
31846,0451203771,8.0
31846,0452282152,0.0
31846,0553578308,0.0
31846,0671027360,0.0
31846,0671776134,0.0
31846,067976402X,10.0
31846,068484477X,0.0
31846,0743203631,0.0
31846,1400031354,0.0
31846,1400031362,0.0
31846,1400034779,9.0
31900,0399501487,0.0
31919,0060392452,7.0
31919,0060976845,0.0
31919,0142000205,7.0
31919,0156006529,0.0
31919,031242227X,0.0
31919,0312924585,0.0
31919,0312983271,0.0
31919,0316284955,0.0
31919,0345313860,0.0
31919,0345351525,0.0
31919,0345384466,0.0
31919,0345433491,0.0
31919,0375501371,0.0
31919,0375707972,0.0
31919,0375726403,0.0
31919,0385720106,0.0
31919,0425109720,0.0
31919,042513699X,0.0
31919,0440206154,0.0
31919,0440219078,0.0
31919,044022103X,5.0
31919,0440226430,0.0
31919,0446365386,0.0
31919,0446532231,7.0
31919,0446604666,0.0
31919,0446675059,0.0
31919,0449907481,0.0
31919,0451153553,0.0
31919,0451203771,0.0
31919,0452281903,0.0
31919,0515113328,0.0
31919,0553275976,0.0
31919,0553289411,0.0
31919,0553572997,0.0
31919,0671028375,0.0
31919,0671727583,0.0
31919,0679731148,0.0
31919,0679734775,0.0
31919,068484477X,0.0
31919,080410526X,0.0
31919,0804106304,9.0
31919,080410753X,0.0
31919,0804108749,0.0
31919,0804115613,0.0
31987,0316096199,0.0
31987,0316666343,0.0
31987,0345378490,0.0
31987,0345465083,0.0
31987,0380710722,0.0
31987,0385508042,8.0
31987,0440206154,0.0
31987,044021145X,0.0
31987,0440213525,0.0
31987,0446364193,0.0
31987,0446601241,0.0
31987,0446603589,0.0
31987,0446604275,0.0
31987,0553250426,0.0
31987,067100042X,0.0
31987,0671042858,0.0
31987,0671670689,0.0
31987,0671673688,0.0
32110,0439136350,10.0
32122,006101351X,0.0
32122,0064407675,0.0
32122,0064472795,0.0
32122,0345465083,0.0
32122,0385335482,0.0
32122,0385335881,0.0
32122,0399149155,0.0
32122,0425109720,0.0
32122,0425119653,0.0
32122,043935806X,10.0
32122,0440200563,0.0
32122,0446672211,9.0
32122,0451202341,0.0
32122,0553280368,0.0
32122,0553569155,0.0
32122,067164257X,0.0
32122,0671695169,8.0
32122,0671701231,0.0
32122,0842329129,10.0
32122,0842329218,10.0
32122,0842329242,10.0
32122,1558743669,0.0
32122,1558745017,0.0
32195,0061091790,0.0
32195,0061098361,0.0
32195,0312924801,0.0
32195,0312980159,0.0
32195,0316089699,0.0
32195,0316666343,7.0
32195,0316781142,0.0
32195,0316969443,0.0
32195,0345369947,0.0
32195,0345370775,7.0
32195,0345384369,0.0
32195,0345404114,0.0
32195,0345404769,0.0
32195,0345447840,0.0
32195,0380710722,0.0
32195,0380718332,0.0
32195,0380730847,0.0
32195,0385265700,0.0
32195,0385306024,0.0
32195,0385479565,0.0
32195,0399149155,0.0
32195,042510107X,0.0
32195,0425121259,0.0
32195,0425124347,0.0
32195,0425154092,6.0
32195,0425158616,5.0
32195,042516098X,0.0
32195,0425162443,0.0
32195,0425163407,0.0
32195,0440200989,0.0
32195,0440211727,0.0
32195,0440224675,5.0
32195,0440224764,0.0
32195,0440226104,0.0
32195,044023722X,0.0
32195,0446364193,8.0
32195,0446527165,0.0
32195,0446606324,0.0
32195,0446667900,0.0
32195,0449221490,0.0
32195,0515127833,0.0
32195,051513287X,0.0
32195,0553279378,0.0
32195,0553280945,0.0
32195,0553561618,0.0
32195,055356451X,0.0
32195,0553564528,0.0
32195,0553571885,0.0
32195,055357230X,0.0
32195,0553572997,0.0
32195,0553576801,0.0
32195,0553579606,0.0
32195,067100042X,0.0
32195,0671004530,0.0
32195,0671004549,0.0
32195,0671027662,0.0
32195,0671042262,0.0
32195,067164257X,0.0
32195,0671673688,0.0
32195,0671701231,0.0
32195,0671758896,0.0
32195,0671867091,0.0
32195,0671867113,0.0
32195,0671867156,0.0
32195,0671867164,8.0
32195,0671894455,0.0
32195,0743206045,0.0
32195,0743411250,0.0
32195,0743412028,0.0
32195,0743436210,0.0
32195,0804105820,0.0
32195,0805059555,0.0
32250,0060928336,8.0
32250,0060976845,0.0
32250,014025448X,0.0
32250,0312195516,9.0
32250,0316782505,0.0
32250,0345387651,0.0
32250,034540761X,0.0
32250,0375705198,0.0
32250,0375707972,0.0
32250,0380001411,8.0
32250,0380710218,10.0
32250,0380718340,9.0
32250,0385335881,0.0
32250,0425147622,9.0
32250,0425158616,9.0
32250,0440226104,4.0
32250,0449221512,0.0
32250,0553250531,0.0
32250,0553271636,0.0
32250,0553569058,0.0
32250,0553573136,0.0
32250,0671001795,8.0
32250,0671708635,0.0
32250,0749397543,0.0
32250,080411109X,0.0
32250,0842329129,0.0
32440,0060502258,0.0
32440,0060976845,0.0
32440,0142001430,0.0
32440,0142001740,9.0
32440,0156027321,9.0
32440,0312976275,5.0
32440,0345334019,0.0
32440,034536676X,0.0
32440,0345370775,0.0
32440,0345404114,0.0
32440,0345404769,9.0
32440,0373250207,0.0
32440,0374199698,8.0
32440,0375727345,8.0
32440,0380018179,8.0
32440,0380718332,7.0
32440,0380789035,0.0
32440,0380813815,7.0
32440,038542017X,0.0
32440,038542471X,0.0
32440,0385482388,7.0
32440,038549081X,9.0
32440,0394820371,9.0
32440,042510687X,0.0
32440,042511774X,0.0
32440,0425130711,0.0
32440,042513525X,0.0
32440,042516098X,0.0
32440,0440122090,7.0
32440,044021145X,0.0
32440,0440213525,0.0
32440,0440222656,0.0
32440,0440236673,0.0
32440,0446520802,0.0
32440,0446532231,0.0
32440,0446601640,0.0
32440,0446603716,0.0
32440,0446604801,7.0
32440,0446606812,6.0
32440,0446611212,0.0
32440,0446613266,0.0
32440,0449219364,0.0
32440,0449221504,0.0
32440,0452282152,9.0
32440,0452282829,0.0
32440,0515132020,0.0
32440,0552137030,8.0
32440,0553275976,0.0
32440,0553573136,0.0
32440,067088300X,0.0
32440,0671042572,0.0
32440,0671695169,0.0
32440,0679429220,0.0
32440,0679731148,9.0
32440,0684874350,9.0
32440,0749397543,7.0
32440,0767902521,7.0
32440,0786817070,9.0
32440,0786881852,0.0
32440,0802139256,7.0
32440,0971880107,0.0
32575,0440213525,0.0
32627,006101351X,8.0
32627,031242227X,0.0
32627,0385497466,0.0
32627,042518286X,0.0
32627,0440213290,0.0
32627,0440235596,0.0
32627,0441003257,8.0
32627,0449223345,4.0
32627,0684872153,0.0
32627,0743211375,9.0
32627,0786817070,9.0
32627,0971880107,0.0
32721,0060976845,0.0
32721,0312274920,9.0
32721,0312983271,0.0
32721,031298328X,0.0
32721,0312986343,0.0
32721,0312995423,0.0
32721,034541389X,0.0
32721,0380813815,0.0
32721,0380977788,8.0
32721,038572179X,0.0
32721,0425169863,6.0
32721,0440236738,0.0
32721,0446603422,0.0
32721,0446605484,0.0
32721,0449223612,8.0
32721,0552137030,0.0
32721,055329170X,7.0
32721,0553574574,6.0
32721,0670030643,8.0
32721,0671027360,0.0
32721,0671525743,0.0
32721,0743237188,0.0
32721,0786817070,0.0
32721,0971880107,0.0
32721,1400031346,0.0
32721,1400031354,8.0
32773,0060928336,0.0
32773,0060964049,0.0
32773,0060987103,0.0
32773,0061000043,0.0
32773,0064407667,7.0
32773,0064407675,0.0
32773,0070212570,0.0
32773,0140067477,8.0
32773,014025448X,8.0
32773,0140254544,0.0
32773,0140257934,0.0
32773,0140270590,0.0
32773,014028009X,0.0
32773,0140298479,0.0
32773,0312924585,0.0
32773,0312966091,0.0
32773,0312966970,0.0
32773,0312971346,0.0
32773,0312976275,0.0
32773,0312980140,0.0
32773,0316569321,0.0
32773,0345337662,8.0
32773,0345339738,0.0
32773,0345342968,9.0
32773,0345350499,0.0
32773,0345351525,0.0
32773,0345353145,0.0
32773,0345369947,0.0
32773,0345370775,0.0
32773,0345370805,0.0
32773,0345387651,0.0
32773,0345391055,0.0
32773,034540288X,0.0
32773,0345465083,0.0
32773,0375705198,0.0
32773,0380002930,0.0
32773,0380600129,0.0
32773,0380710722,0.0
32773,0380731851,0.0
32773,0385420161,0.0
32773,0385474016,0.0
32773,0399501487,4.0
32773,0425083837,0.0
32773,0425109720,0.0
32773,0425118703,0.0
32773,0425184226,0.0
32773,0440202043,0.0
32773,0440211263,0.0
32773,044021145X,0.0
32773,0440211727,0.0
32773,0440212561,9.0
32773,0440213525,0.0
32773,0440215625,9.0
32773,0440217563,9.0
32773,044022103X,0.0
32773,044022165X,0.0
32773,0440222656,0.0
32773,0440224675,0.0
32773,0440514428,0.0
32773,0441304834,9.0
32773,0446365386,0.0
32773,0446604275,0.0
32773,0446610038,0.0
32773,0449134482,0.0
32773,0451153553,0.0
32773,0451160525,0.0
32773,0451170385,0.0
32773,0451172817,0.0
32773,0451203895,0.0
32773,0525947647,0.0
32773,0553273914,0.0
32773,0553275976,0.0
32773,0553277472,0.0
32773,0553279378,0.0
32773,0553279912,0.0
32773,0553285343,0.0
32773,0553296981,0.0
32773,0553572997,0.0
32773,059035342X,9.0
32773,0671001795,0.0
32773,0671041789,0.0
32773,0671617028,9.0
32773,0671894455,0.0
32773,0679429220,0.0
32773,0679746048,0.0
32773,0684848783,0.0
32773,0743227441,0.0
32773,0743412028,0.0
32773,0786817070,0.0
32773,080410526X,0.0
32773,0804105820,0.0
32773,0804106304,0.0
32773,089480829X,9.0
32773,0971880107,0.0
32773,1400031362,0.0
32773,1559029838,0.0
32802,006016848X,6.0
32802,0345384369,5.0
32802,0345404785,6.0
32802,0380718332,0.0
32802,0380718340,8.0
32802,0425144429,0.0
32802,0425153975,0.0
32802,0425178765,0.0
32802,042518286X,5.0
32802,0440212561,0.0
32802,0440213991,6.0
32802,0446605484,7.0
32802,0446608815,0.0
32802,0446610038,5.0
32802,0446611212,9.0
32802,0446613266,9.0
32802,0446667900,0.0
32802,0449003795,0.0
32802,0449219461,0.0
32802,0451188454,0.0
32802,0553263226,0.0
32802,0553581554,0.0
32802,0553582135,6.0
32802,0671028375,0.0
32802,0671867091,7.0
33124,0061009059,7.0
33124,0345386108,6.0
33124,0345404785,8.0
33124,0380710218,8.0
33124,0425121631,8.0
33124,0425163385,8.0
33124,0425182878,8.0
33124,0446608815,8.0
33124,0446610038,8.0
33124,0446610100,8.0
33124,044661064X,8.0
33124,0446667900,9.0
33124,0553569155,8.0
33124,074343627X,8.0
33124,0786889020,9.0
33179,034536676X,10.0
33179,0449227421,10.0
33179,0451166892,10.0
33179,0553277472,10.0
33179,0842329218,7.0
33179,0842329242,7.0
33179,0842329250,7.0
33179,0842329277,7.0
33319,0060502258,0.0
33319,0060930535,0.0
33319,0060976845,9.0
33319,0060987103,10.0
33319,006101351X,0.0
33319,0140293248,0.0
33319,0316569321,0.0
33319,0316666343,0.0
33319,0316781010,0.0
33319,0316782505,0.0
33319,0345354621,8.0
33319,0375706771,0.0
33319,0385486804,8.0
33319,0439064872,0.0
33319,0439136369,0.0
33319,0440215625,0.0
33319,044023722X,0.0
33319,0446605239,0.0
33319,0446670251,7.0
33319,0451172817,0.0
33319,0451186362,8.0
33319,0553296981,0.0
33319,055357230X,0.0
33319,0553579606,0.0
33319,0553582526,0.0
33319,0743225406,0.0
33319,0786889020,0.0
33319,0804106304,0.0
33474,044023722X,10.0
33474,0515087122,0.0
33580,0312995423,9.0
33580,038550120X,0.0
33580,0399146431,0.0
33580,0446672211,9.0
33580,0446675059,8.0
33580,0590353403,10.0
33580,0671027360,10.0
33580,0671027387,0.0
33580,0684867621,3.0
33580,0842329218,7.0
33580,0971880107,0.0
33816,0060938455,9.0
33816,0312195516,0.0
33816,0316666343,9.0
33816,0345339703,9.0
33816,0345380371,0.0
33816,0345387651,0.0
33816,0385265700,0.0
33816,0385490445,0.0
33816,038549081X,0.0
33816,0425122123,0.0
33816,0425147584,0.0
33816,0425158632,10.0
33816,0440206154,0.0
33816,044022165X,0.0
33816,044023722X,7.0
33816,0553280368,0.0
33816,0684848783,8.0
33816,0786868716,0.0
33816,080410753X,7.0
33816,0971880107,0.0
33818,0060502258,8.0
33818,0312144075,0.0
33818,0312305060,0.0
33818,031242227X,0.0
33818,0316601950,10.0
33818,0316899984,0.0
33818,0345361792,0.0
33818,0345378490,0.0
33818,034539657X,0.0
33818,0345424719,0.0
33818,0385508042,7.0
33818,0385721420,0.0
33818,0440211727,8.0
33818,0440220602,0.0
33818,0446364193,9.0
33818,0446532231,0.0
33818,0446611212,0.0
33818,0451156609,7.0
33818,0451160525,9.0
33818,0451169522,9.0
33818,0451180232,7.0
33818,0451184963,8.0
33818,0451186362,6.0
33818,0553571818,6.0
33818,055357230X,0.0
33818,0553582127,9.0
33818,0671003755,0.0
33818,0671021001,8.0
33818,0671042858,7.0
33818,0679746048,9.0
33818,0743225406,0.0
33818,0743436210,8.0
33818,0767905385,0.0
33826,0060391626,9.0
33826,0060922532,0.0
33888,0971880107,7.0
33943,0316666343,0.0
33943,0380977788,0.0
33943,0971880107,0.0
33958,014029628X,8.0
33958,0312305060,8.0
33958,0375705856,8.0
33974,006019491X,0.0
33974,0061009059,0.0
33974,0142001740,0.0
33974,0156005891,0.0
33974,0312195516,0.0
33974,0312966970,8.0
33974,0312971346,0.0
33974,0312976275,0.0
33974,0312980140,0.0
33974,0312983867,0.0
33974,0316096199,0.0
33974,0316601950,9.0
33974,0316678104,0.0
33974,0345313860,0.0
33974,0345337662,0.0
33974,0345351525,0.0
33974,0345384466,0.0
33974,0345447840,0.0
33974,0375706771,0.0
33974,0375726403,0.0
33974,0375727345,0.0
33974,0380002930,0.0
33974,0385335830,0.0
33974,0385484518,0.0
33974,038549081X,0.0
33974,038550120X,8.0
33974,0385504209,0.0
33974,0385720106,0.0
33974,0385722206,0.0
33974,042511774X,0.0
33974,0425147622,0.0
33974,0425162443,0.0
33974,0425180638,0.0
33974,0440235596,0.0
33974,044651862X,0.0
33974,0446520802,0.0
33974,0446610038,0.0
33974,0446670251,8.0
33974,0446672211,0.0
33974,0449219364,0.0
33974,0449221512,0.0
33974,0451156609,0.0
33974,0451169522,8.0
33974,0451177096,0.0
33974,0452281903,0.0
33974,0452284449,7.0
33974,0515087122,0.0
33974,0515087947,0.0
33974,0553271636,6.0
33974,0553273914,0.0
33974,0553279912,0.0
33974,0553280341,7.0
33974,0553280368,0.0
33974,0553284789,0.0
33974,0553571656,0.0
33974,0553573136,8.0
33974,0553581554,0.0
33974,0553583441,0.0
33974,0671028375,0.0
33974,0671042858,0.0
33974,0671537458,0.0
33974,067976402X,0.0
33974,0684810387,0.0
33974,0688177751,0.0
33974,074343627X,0.0
33974,0767905180,0.0
33974,0786881852,0.0
33974,0802139256,0.0
33974,080410526X,0.0
33974,0804108749,0.0
33974,0805019375,0.0
33974,0805063897,0.0
33974,1558531025,0.0
33974,1558743669,0.0
34300,0060175400,0.0
34300,0060502258,4.0
34300,0316096199,8.0
34300,0316168688,0.0
34300,0316182540,0.0
34300,0345313860,0.0
34300,0345337662,0.0
34300,0345353145,0.0
34300,034539657X,0.0
34300,034540288X,5.0
34300,0375502238,0.0
34300,0375706771,0.0
34300,0375707972,0.0
34300,0375726403,5.0
34300,0375727345,7.0
34300,0380730138,8.0
34300,0380731851,4.0
34300,0425154092,0.0
34300,0449227421,5.0
34300,0451177096,7.0
34300,0451180232,0.0
34300,0451188462,6.0
34300,0553272535,0.0
34300,0671003755,8.0
34300,0679439382,0.0
34300,0743436210,5.0
34300,0786868716,0.0
34300,0786889020,0.0
34300,0871136791,0.0
34300,0971880107,0.0
34523,0312195516,0.0
34523,0312265867,0.0
34523,031298328X,0.0
34523,0316969680,0.0
34523,0380717018,0.0
34523,0385497466,0.0
34523,038550120X,0.0
34523,0399146253,0.0
34523,0425158616,0.0
34523,0425163407,0.0
34523,0425175405,0.0
34523,0670880728,0.0
34588,0060392452,9.0
34588,014025448X,10.0
34588,0140254544,10.0
34588,0140257934,10.0
34588,0140270590,0.0
34588,014028009X,0.0
34588,0140293248,0.0
34588,0312195516,0.0
34588,0312278586,0.0
34588,0316096199,0.0
34588,0316601950,9.0
34588,0345351525,0.0
34588,0345361792,10.0
34588,0345369947,0.0
34588,034538475X,8.0
34588,034540288X,7.0
34588,0345417623,5.0
34588,0345465083,0.0
34588,0380001411,0.0
34588,0385484518,10.0
34588,038550120X,5.0
34588,038572179X,0.0
34588,0439404371,0.0
34588,044022103X,9.0
34588,0446611212,7.0
34588,0446672211,0.0
34588,0452264464,0.0
34588,0452284449,0.0
34588,0515133973,0.0
34588,0553569058,0.0
34588,0670892963,8.0
34588,0671743058,0.0
34588,0679433740,0.0
34588,0743203631,0.0
34588,0743224574,0.0
34588,0743412028,5.0
34588,0805059555,6.0
34588,0842329129,2.0
34588,0871136791,10.0
34801,0425152251,0.0
34801,044651652X,0.0
34864,0380789035,0.0
34864,0380977788,0.0
34864,0385503857,0.0
34864,0446604275,0.0
34864,0452264464,0.0
34864,0552137030,9.0
34864,0786817070,0.0
34864,0971880107,0.0
34864,1400031354,0.0
34864,1400031362,0.0
34864,1400034779,0.0
35030,0375502238,0.0
35030,0385730586,7.0
35030,0743418204,7.0
35050,0060928336,0.0
35050,0060930535,0.0
35050,0060987529,0.0
35050,0060987561,0.0
35050,0061000043,0.0
35050,006101351X,0.0
35050,0064407667,0.0
35050,014034294X,0.0
35050,0151008116,0.0
35050,0312924801,0.0
35050,0312986343,0.0
35050,0345337662,0.0
35050,0345339681,0.0
35050,0345342968,0.0
35050,0345361792,0.0
35050,0345370775,0.0
35050,0345380371,0.0
35050,0345391055,0.0
35050,0345402871,0.0
35050,034540288X,0.0
35050,0345404114,0.0
35050,0345413350,9.0
35050,0345413903,0.0
35050,0345465083,0.0
35050,0373825013,0.0
35050,0380002930,0.0
35050,0380012863,0.0
35050,0380018179,0.0
35050,0380600129,0.0
35050,0380717018,0.0
35050,0380718340,0.0
35050,0385424728,0.0
35050,0399501487,0.0
35050,0425083837,0.0
35050,042510107X,0.0
35050,0425109720,0.0
35050,0425118703,0.0
35050,0425147622,0.0
35050,0425154092,0.0
35050,0425163407,0.0
35050,0425182908,0.0
35050,0440183057,0.0
35050,0440206154,0.0
35050,0440211727,0.0
35050,0440213525,0.0
35050,0440214041,0.0
35050,0440215625,0.0
35050,0440220602,0.0
35050,0440225701,0.0
35050,044023722X,0.0
35050,0440241073,0.0
35050,044048474X,0.0
35050,0441000916,0.0
35050,0441003257,0.0
35050,0446310786,0.0
35050,0446359866,0.0
35050,0446516538,0.0
35050,0446601640,0.0
35050,0446605484,0.0
35050,0446607193,0.0
35050,0446607711,0.0
35050,0446608815,0.0
35050,0446609404,0.0
35050,0446610038,0.0
35050,0449003795,0.0
35050,0449212602,0.0
35050,0449223612,0.0
35050,0449227421,0.0
35050,0451160525,0.0
35050,0451169522,0.0
35050,0451203895,0.0
35050,051512219X,0.0
35050,0515124214,0.0
35050,051512608X,0.0
35050,0515130389,0.0
35050,0553250531,0.0
35050,0553263226,0.0
35050,0553268880,0.0
35050,0553279912,0.0
35050,0553280368,0.0
35050,0553282476,0.0
35050,0553289411,0.0
35050,055328942X,0.0
35050,055356160X,0.0
35050,055356451X,0.0
35050,0553569155,0.0
35050,0553571656,0.0
35050,0553571885,0.0
35050,0553578022,0.0
35050,0553579606,0.0
35050,059035342X,0.0
35050,0609804138,0.0
35050,0671003755,0.0
35050,0671004530,0.0
35050,0671026011,0.0
35050,0671027387,0.0
35050,0671741187,0.0
35050,0671758896,0.0
35050,0671888587,0.0
35050,0743412028,0.0
35050,0743418174,0.0
35050,0804106304,0.0
35050,0842329129,0.0
35050,0842329218,0.0
35050,0842329242,0.0
35050,0842329250,0.0
35050,0842329269,0.0
35050,0842329277,0.0
35050,0894805770,0.0
35050,089480829X,0.0
35050,1558531025,0.0
35050,155874262X,0.0
35050,1559029838,0.0
35185,1558743669,0.0
35185,1558745157,0.0
35433,0385511612,0.0
35445,0060928336,8.0
35445,0345342968,9.0
35445,0345361792,0.0
35445,0399501487,7.0
35445,042518286X,4.0
35445,0440241073,0.0
35445,0515130389,5.0
35445,0553268880,0.0
35445,0679745203,9.0
35445,0679746048,7.0
35704,0060392452,10.0
35704,0316779423,10.0
35704,0385504209,9.0
35704,0441569595,0.0
35704,0446604666,0.0
35704,0786866586,5.0
35704,0805063897,10.0
35718,0345413903,0.0
35718,0385479565,0.0
35718,0446310786,10.0
35718,0553268880,0.0
35718,080410753X,0.0
35836,0060987103,0.0
35836,0316969680,2.0
35836,0345337662,9.0
35836,0345339681,0.0
35836,0345369947,0.0
35836,0345370775,0.0
35836,034539657X,5.0
35836,0345447840,5.0
35836,0380731851,3.0
35836,0425118703,4.0
35836,0425144429,4.0
35836,0440211727,0.0
35836,0440213525,0.0
35836,044022165X,0.0
35836,0446612545,3.0
35836,0515131229,1.0
35836,0553260111,2.0
35836,0553279912,1.0
35836,0553579606,2.0
35836,0671041789,10.0
35836,0671042262,10.0
35836,067976402X,0.0
35836,0812550706,5.0
35836,1551666839,4.0
35857,006016848X,0.0
35857,0060175400,0.0
35857,0060915544,0.0
35857,0060928336,0.0
35857,0060964049,0.0
35857,0060977493,0.0
35857,006101351X,0.0
35857,0061091790,0.0
35857,014023313X,0.0
35857,0140244824,0.0
35857,014025448X,0.0
35857,014028009X,0.0
35857,0142000205,0.0
35857,0156006529,0.0
35857,0156027321,0.0
35857,0312278586,5.0
35857,0312305060,0.0
35857,0312958129,0.0
35857,0312961324,0.0
35857,0316601950,9.0
35857,0316678104,0.0
35857,0316776963,0.0
35857,0316780375,0.0
35857,0316781266,0.0
35857,0316789089,0.0
35857,0345361792,0.0
35857,0345370775,9.0
35857,0345378490,7.0
35857,0345391055,0.0
35857,034539657X,0.0
35857,0345424719,0.0
35857,0345435168,0.0
35857,0345438329,0.0
35857,0345443284,8.0
35857,0373218192,0.0
35857,0373484410,0.0
35857,0373825013,0.0
35857,0375412530,0.0
35857,0375502238,0.0
35857,0375504613,9.0
35857,0375506039,0.0
35857,0375702709,0.0
35857,0375703055,8.0
35857,0375703063,5.0
35857,037570504X,0.0
35857,0375705198,0.0
35857,0375705856,0.0
35857,0375706771,8.0
35857,0375727345,5.0
35857,0380018179,0.0
35857,0380710722,10.0
35857,0380730138,0.0
35857,038079487X,0.0
35857,0385265700,0.0
35857,038542017X,0.0
35857,0385474016,0.0
35857,0385479565,0.0
35857,038548951X,0.0
35857,038549081X,0.0
35857,0385502532,0.0
35857,0385503857,8.0
35857,0385720106,0.0
35857,0385721420,0.0
35857,0399501487,9.0
35857,042510107X,0.0
35857,0425122123,0.0
35857,042513699X,0.0
35857,0425162443,0.0
35857,0425167313,0.0
35857,042518286X,0.0
35857,042518630X,0.0
35857,0440211263,0.0
35857,0440211727,0.0
35857,0440213525,0.0
35857,0440220602,0.0
35857,044022103X,0.0
35857,0440221471,0.0
35857,044022165X,5.0
35857,0440226104,0.0
35857,0440226430,3.0
35857,0440234743,0.0
35857,0440235596,0.0
35857,0446364193,0.0
35857,0446394521,0.0
35857,044651652X,0.0
35857,0446525502,0.0
35857,0446525537,0.0
35857,0446527165,0.0
35857,0446527793,0.0
35857,0446531332,0.0
35857,0446604844,0.0
35857,0446605239,0.0
35857,0446606324,0.0
35857,0446606812,0.0
35857,0446607193,0.0
35857,0446608890,0.0
35857,0446610100,0.0
35857,0446611867,6.0
35857,0446672211,0.0
35857,0449907481,0.0
35857,0449911004,0.0
35857,0451186923,0.0
35857,0451202503,0.0
35857,0452281903,0.0
35857,0452282829,0.0
35857,0452284449,0.0
35857,051511992X,0.0
35857,0515121843,0.0
35857,0515124214,0.0
35857,051512608X,0.0
35857,0515127833,0.0
35857,0515131229,0.0
35857,0515132020,0.0
35857,051513287X,0.0
35857,0553268880,0.0
35857,0553279378,0.0
35857,0553285343,0.0
35857,0553296981,0.0
35857,0553578308,0.0
35857,0553581554,0.0
35857,0670030643,0.0
35857,0670880728,0.0
35857,067100042X,0.0
35857,0671002481,0.0
35857,0671004549,0.0
35857,0671004573,5.0
35857,0671014919,0.0
35857,0671027581,0.0
35857,0671027662,0.0
35857,0671038184,0.0
35857,0671042572,0.0
35857,0671673688,0.0
35857,0671708635,0.0
35857,0671741187,9.0
35857,0671758896,0.0
35857,0671867091,0.0
35857,0671867113,0.0
35857,0671867156,0.0
35857,0671880187,0.0
35857,0671888587,0.0
35857,0679734775,0.0
35857,0679745203,0.0
35857,0679746048,0.0
35857,067976402X,0.0
35857,0679781587,0.0
35857,0688177751,0.0
35857,0743203631,0.0
35857,0743206045,7.0
35857,0743237188,0.0
35857,0743411250,0.0
35857,0743412028,0.0
35857,0743418174,6.0
35857,0786866276,0.0
35857,0786867647,8.0
35857,0804114986,0.0
35857,0804115761,0.0
35857,080411868X,0.0
35857,089480829X,10.0
35857,140003065X,0.0
35857,1551666839,0.0
35857,155874262X,0.0
35857,1558743316,0.0
35857,1558743669,0.0
35857,1558744150,8.0
35857,1558745157,0.0
35859,0060175400,0.0
35859,006019491X,0.0
35859,0060199652,0.0
35859,0060391626,0.0
35859,0060502258,7.0
35859,0060928336,0.0
35859,0060930535,0.0
35859,0060932759,0.0
35859,0060934417,9.0
35859,0060938455,0.0
35859,0060958022,0.0
35859,0060976845,0.0
35859,0060987529,0.0
35859,0060987561,0.0
35859,0061000043,0.0
35859,0061009059,10.0
35859,006101351X,0.0
35859,0061097314,0.0
35859,0061098361,0.0
35859,0064400042,10.0
35859,0064400557,0.0
35859,0064407667,0.0
35859,0070212570,10.0
35859,0140119906,0.0
35859,014023313X,0.0
35859,0140244824,0.0
35859,014025448X,0.0
35859,0140254544,0.0
35859,0140257934,0.0
35859,0141000198,0.0
35859,0142000205,0.0
35859,0142001740,9.0
35859,0142001805,0.0
35859,0142002267,0.0
35859,015100692X,0.0
35859,0156027321,0.0
35859,0312144075,0.0
35859,0312150601,0.0
35859,0312195516,10.0
35859,0312243022,0.0
35859,0312274920,0.0
35859,0312278586,8.0
35859,0312282990,0.0
35859,0312306326,0.0
35859,031242227X,0.0
35859,0312924801,0.0
35859,0312966091,9.0
35859,0312971346,9.0
35859,0312980140,8.0
35859,0312980159,0.0
35859,0312983271,0.0
35859,031298328X,0.0
35859,0312983867,0.0
35859,0312995423,0.0
35859,0316096199,0.0
35859,0316182540,0.0
35859,0316601950,0.0
35859,0316602051,0.0
35859,0316666343,6.0
35859,0316693006,0.0
35859,0316693200,7.0
35859,0316780375,0.0
35859,0316781010,0.0
35859,0316781266,0.0
35859,0316899984,0.0
35859,0316969443,0.0
35859,0316969680,0.0
35859,0345313860,0.0
35859,0345342968,10.0
35859,0345353145,0.0
35859,0345369947,9.0
35859,0345370805,0.0
35859,0345378490,0.0
35859,0345384466,0.0
35859,0345386108,0.0
35859,0345391055,0.0
35859,034539657X,0.0
35859,034540288X,0.0
35859,0345404114,0.0
35859,0345404785,0.0
35859,0345417623,0.0
35859,0345427637,0.0
35859,0345433491,0.0
35859,0345436911,0.0
35859,0345439104,0.0
35859,0345443284,0.0
35859,0373250207,0.0
35859,037325024X,0.0
35859,0373825013,0.0
35859,0374199698,0.0
35859,0375500510,0.0
35859,0375506039,0.0
35859,0375700757,7.0
35859,0375703055,9.0
35859,0375703861,0.0
35859,037570504X,0.0
35859,0375706771,0.0
35859,0375707972,6.0
35859,0375726403,0.0
35859,0375727345,0.0
35859,0375760911,0.0
35859,0380710218,0.0
35859,0380714752,0.0
35859,0380717018,9.0
35859,0380718332,9.0
35859,0380718340,8.0
35859,0380730847,0.0
35859,0380731851,0.0
35859,0380789019,0.0
35859,0380789035,0.0
35859,038079487X,8.0
35859,0380820293,0.0
35859,0380820889,0.0
35859,0385306024,0.0
35859,0385335482,0.0
35859,0385335830,0.0
35859,0385335881,0.0
35859,038542471X,0.0
35859,0385479565,0.0
35859,0385486804,0.0
35859,038548951X,0.0
35859,0385497466,0.0
35859,0385504209,0.0
35859,0385505833,0.0
35859,0385721420,0.0
35859,038572179X,0.0
35859,0385722206,8.0
35859,0385730586,0.0
35859,039480001X,10.0
35859,039914613X,0.0
35859,0399149155,0.0
35859,042510107X,0.0
35859,0425107469,7.0
35859,0425115801,0.0
35859,0425116840,0.0
35859,042511774X,0.0
35859,0425121631,0.0
35859,0425124347,0.0
35859,042513699X,0.0
35859,0425142485,0.0
35859,0425144429,0.0
35859,0425147363,0.0
35859,0425147584,0.0
35859,0425147622,0.0
35859,0425154092,0.0
35859,0425158616,0.0
35859,0425158632,0.0
35859,0425161242,0.0
35859,0425162443,9.0
35859,0425163385,0.0
35859,0425167313,0.0
35859,0425169863,0.0
35859,0425173631,0.0
35859,0425174271,8.0
35859,0425175405,0.0
35859,0425178765,0.0
35859,0425180638,0.0
35859,042518286X,0.0
35859,0425182908,4.0
35859,042518630X,0.0
35859,0439064872,0.0
35859,0439139600,0.0
35859,043935806X,0.0
35859,043936213X,0.0
35859,0440183057,7.0
35859,0440200563,0.0
35859,0440202043,0.0
35859,0440211263,0.0
35859,044021145X,10.0
35859,0440211727,0.0
35859,0440212561,0.0
35859,0440213991,7.0
35859,0440214041,0.0
35859,0440220602,0.0
35859,044022103X,0.0
35859,0440221471,0.0
35859,0440221595,0.0
35859,044022165X,0.0
35859,0440224594,0.0
35859,0440224675,0.0
35859,0440224764,0.0
35859,0440225701,0.0
35859,0440226104,0.0
35859,0440234743,0.0
35859,0440235162,0.0
35859,0440236673,0.0
35859,0440236703,0.0
35859,0440236738,0.0
35859,044023722X,0.0
35859,0440241073,0.0
35859,0440241537,0.0
35859,0440514428,0.0
35859,0440940001,0.0
35859,0441000916,7.0
35859,0441172717,0.0
35859,0441304834,0.0
35859,0441569595,0.0
35859,0446310786,0.0
35859,0446360589,7.0
35859,0446363251,0.0
35859,0446364193,0.0
35859,0446364762,0.0
35859,0446394521,3.0
35859,044651652X,0.0
35859,0446516538,0.0
35859,044651862X,0.0
35859,0446525537,0.0
35859,0446527793,0.0
35859,0446532231,0.0
35859,0446603422,0.0
35859,0446604275,0.0
35859,0446604666,0.0
35859,0446604801,0.0
35859,0446605239,0.0
35859,0446605484,0.0
35859,0446605581,0.0
35859,0446606324,0.0
35859,0446606812,0.0
35859,0446609404,0.0
35859,0446610038,7.0
35859,0446610100,0.0
35859,0446610399,0.0
35859,044661064X,0.0
35859,0446611778,0.0
35859,0446612790,8.0
35859,0446613266,8.0
35859,0446667900,0.0
35859,0446670251,0.0
35859,0446672211,0.0
35859,0446675059,0.0
35859,0449003795,0.0
35859,0449212602,0.0
35859,0449219461,8.0
35859,0449221490,0.0
35859,0449221504,0.0
35859,0449221512,7.0
35859,0449223345,0.0
35859,0449223604,0.0
35859,0449223612,7.0
35859,0449911004,9.0
35859,0451137965,7.0
35859,0451153553,0.0
35859,0451156609,7.0
35859,0451160525,0.0
35859,0451166892,0.0
35859,0451167317,8.0
35859,0451169522,8.0
35859,0451170385,0.0
35859,0451172817,0.0
35859,0451177096,0.0
35859,0451180232,0.0
35859,0451181379,0.0
35859,0451183665,3.0
35859,0451184963,0.0
35859,0451186362,0.0
35859,0451202341,0.0
35859,0451202503,0.0
35859,0451203771,0.0
35859,0451206525,0.0
35859,0452262143,0.0
35859,0452268060,0.0
35859,0452282152,0.0
35859,0452282829,0.0
35859,0515087947,0.0
35859,0515095826,1.0
35859,0515102652,0.0
35859,051512219X,0.0
35859,0515133876,0.0
35859,0525947647,0.0
35859,0553234811,0.0
35859,0553250426,0.0
35859,0553273914,0.0
35859,0553275976,0.0
35859,0553277472,0.0
35859,0553279556,8.0
35859,0553279912,0.0
35859,0553280945,0.0
35859,055329170X,0.0
35859,0553560247,0.0
35859,055356160X,0.0
35859,0553561618,0.0
35859,0553564528,0.0
35859,0553569910,0.0
35859,0553571656,0.0
35859,0553571818,0.0
35859,0553571885,0.0
35859,055357230X,8.0
35859,0553572326,0.0
35859,0553572997,0.0
35859,0553573136,0.0
35859,0553578022,0.0
35859,0553578308,0.0
35859,0553579606,0.0
35859,0553579754,0.0
35859,0553580191,0.0
35859,0553580221,0.0
35859,0553581554,0.0
35859,0553582127,0.0
35859,0553582135,0.0
35859,0553582526,0.0
35859,0553583441,0.0
35859,059030271X,10.0
35859,059035342X,10.0
35859,059045367X,0.0
35859,0609804138,0.0
35859,067088300X,0.0
35859,067100042X,7.0
35859,0671001795,8.0
35859,0671003755,0.0
35859,0671004107,0.0
35859,0671004530,7.0
35859,0671004549,8.0
35859,0671004573,0.0
35859,0671014196,0.0
35859,0671021001,0.0
35859,067102423X,0.0
35859,0671024248,0.0
35859,0671027360,0.0
35859,0671027581,0.0
35859,0671042572,0.0
35859,0671042858,0.0
35859,0671443283,0.0
35859,0671510053,0.0
35859,067164257X,0.0
35859,0671670689,0.0
35859,0671741187,7.0
35859,0671743058,0.0
35859,0671776134,8.0
35859,0671867156,0.0
35859,0671867164,0.0
35859,0671880314,0.0
35859,0679429220,0.0
35859,0679745203,0.0
35859,067976397X,0.0
35859,0679781587,0.0
35859,0684810387,0.0
35859,0684833395,0.0
35859,068484477X,10.0
35859,0684867621,6.0
35859,0688170528,0.0
35859,0688177751,7.0
35859,0688177859,0.0
35859,0743206045,0.0
35859,0743211375,0.0
35859,0743224574,0.0
35859,0743235150,0.0
35859,0743418174,7.0
35859,0743418204,0.0
35859,074343627X,0.0
35859,0743439740,0.0
35859,0767902521,0.0
35859,0767905180,0.0
35859,0786866586,8.0
35859,0786867647,0.0
35859,0786881852,0.0
35859,0804106304,8.0
35859,0804108749,0.0
35859,080411109X,0.0
35859,0804114986,0.0
35859,0804115613,9.0
35859,080411918X,0.0
35859,0805063897,0.0
35859,0812550706,0.0
35859,0842329129,9.0
35859,0842329218,0.0
35859,0842329242,9.0
35859,0842329250,0.0
35859,0842329269,0.0
35859,0842329277,0.0
35859,0842329285,0.0
35859,0871136791,7.0
35859,0971880107,0.0
35859,1400034779,0.0
35859,1551666839,0.0
35859,1558531025,8.0
35859,1558743669,0.0
35859,1558744150,0.0
35859,1558745017,9.0
35859,1558745157,8.0
35859,1559029838,0.0
35859,1573225789,0.0
35859,1573229326,0.0
35859,1592400876,0.0
35918,0060938455,9.0
35918,014100018X,8.0
35918,0151008116,10.0
35918,0375700757,8.0
35918,038079487X,8.0
35918,0440226430,0.0
35918,0446310786,0.0
35918,0553273914,0.0
35918,0671003755,7.0
35918,0679734775,7.0
36003,0060928336,0.0
36003,0060958022,0.0
36003,0060987561,0.0
36003,0140119906,0.0
36003,014023313X,0.0
36003,0140293248,5.0
36003,0140298479,10.0
36003,014100018X,0.0
36003,0141000198,10.0
36003,0142000205,0.0
36003,0312144075,0.0
36003,0316569321,0.0
36003,0316666343,0.0
36003,0316769487,10.0
36003,0316781142,0.0
36003,0375700757,0.0
36003,0375703861,0.0
36003,0375727345,0.0
36003,0385420161,9.0
36003,0385722206,0.0
36003,0425152251,10.0
36003,0439064864,10.0
36003,0439136350,10.0
36003,0439139597,10.0
36003,043935806X,10.0
36003,0440226430,7.0
36003,0446310786,10.0
36003,0452268060,0.0
36003,0452277337,0.0
36003,0452283205,0.0
36003,0553273914,0.0
36003,0590353403,10.0
36003,0671003755,0.0
36003,0671568175,0.0
36003,0679745203,0.0
36003,0679751521,0.0
36003,067976402X,8.0
36003,0743227441,0.0
36003,0743237188,0.0
36003,0767900383,0.0
36003,0971880107,0.0
36003,1400034779,7.0
36135,014025448X,8.0
36135,0151008116,0.0
36135,0312150601,7.0
36135,0312305060,9.0
36135,0312980159,0.0
36135,0316089699,8.0
36135,0440221471,9.0
36135,0452283205,8.0
36135,0515131083,8.0
36135,067088300X,10.0
36135,0671027662,0.0
36135,0671867156,8.0
36135,0743412028,8.0
36256,0060928336,8.0
36256,0345339703,0.0
36256,0345339711,8.0
36256,0345354621,0.0
36256,0385504209,9.0
36256,0439064872,0.0
36256,0439136369,0.0
36256,0439139600,0.0
36256,0440206154,0.0
36256,0440211727,8.0
36256,0446611867,0.0
36256,0590353403,10.0
36256,0671693816,0.0
36256,0743235150,0.0
36256,0842329129,9.0
36256,0842329285,9.0
36256,084233226X,9.0
36256,0894805770,8.0
36256,1558743669,0.0
36299,0060938455,0.0
36299,0345413350,0.0
36299,0380730847,7.0
36299,0385512104,0.0
36299,0425182878,0.0
36299,0441000916,10.0
36299,0441304834,10.0
36299,0446532231,0.0
36299,0446667900,5.0
36299,0451202503,8.0
36299,0525947647,9.0
36327,006016848X,0.0
36327,0060928336,0.0
36327,0060976845,0.0
36327,0061091790,0.0
36327,0064400581,7.0
36327,0142001805,0.0
36327,0142002267,0.0
36327,0312195516,5.0
36327,0316601950,0.0
36327,0345438329,8.0
36327,0345445848,8.0
36327,0375706771,10.0
36327,0385722435,0.0
36327,0394820371,10.0
36327,0425143325,0.0
36327,0425154092,0.0
36327,0440222656,9.0
36327,0440998050,0.0
36327,0446604844,9.0
36327,0446605239,0.0
36327,0449212084,0.0
36327,0449219364,0.0
36327,0449223604,0.0
36327,0671708635,0.0
36327,0671888587,0.0
36327,0679772677,0.0
36327,0684833395,0.0
36327,080410526X,0.0
36327,0804105820,0.0
36327,080410753X,0.0
36327,0805019375,7.0
36327,1400034779,0.0
36327,155874262X,10.0
36554,0060199652,10.0
36554,0060915544,10.0
36554,0060921145,10.0
36554,0679745203,0.0
36606,0060391626,0.0
36606,0060392452,0.0
36606,0060915544,0.0
36606,0060921145,0.0
36606,0060922532,5.0
36606,0060928336,9.0
36606,0060930535,0.0
36606,0060932759,0.0
36606,0060934417,0.0
36606,0060976845,0.0
36606,0060987103,0.0
36606,0060987529,0.0
36606,0064472795,0.0
36606,0140257934,0.0
36606,014029628X,8.0
36606,0142001740,10.0
36606,0142002267,0.0
36606,015100692X,0.0
36606,0156005891,0.0
36606,0156006529,0.0
36606,0156027321,0.0
36606,0312291639,10.0
36606,0312305060,5.0
36606,0312924801,0.0
36606,0312976275,0.0
36606,0316168688,0.0
36606,0316569321,0.0
36606,0316678104,0.0
36606,0316776963,0.0
36606,0316780375,0.0
36606,0316781010,0.0
36606,0316969443,0.0
36606,0345351525,0.0
36606,0345361792,0.0
36606,0345370805,0.0
36606,0345413350,0.0
36606,0345433491,0.0
36606,0345438329,0.0
36606,0345439104,0.0
36606,0345447840,5.0
36606,0373218400,0.0
36606,0373243286,0.0
36606,0373825013,0.0
36606,0374199698,0.0
36606,0375412824,0.0
36606,0375502238,0.0
36606,0375504613,0.0
36606,0375506039,0.0
36606,0375702709,0.0
36606,0375703055,0.0
36606,0375703063,0.0
36606,0375705856,0.0
36606,0375706410,0.0
36606,0375706771,0.0
36606,0375707972,0.0
36606,0375727345,0.0
36606,0375760911,0.0
36606,0380018179,0.0
36606,0380718340,0.0
36606,0380730138,0.0
36606,0380730847,0.0
36606,0385335482,0.0
36606,0385424728,10.0
36606,0385479565,0.0
36606,0385484518,0.0
36606,0385492081,0.0
36606,0385511612,5.0
36606,0385512104,0.0
36606,0385730586,0.0
36606,0399149155,0.0
36606,0425152251,5.0
36606,0425161242,0.0
36606,0425173631,0.0
36606,0425192725,5.0
36606,0439136350,0.0
36606,0440202043,0.0
36606,0440211263,5.0
36606,0440213290,0.0
36606,0440213991,0.0
36606,0440215625,0.0
36606,0440217563,0.0
36606,0440219078,10.0
36606,0440220602,10.0
36606,0440221595,0.0
36606,0440222656,0.0
36606,0440224624,0.0
36606,0440226430,0.0
36606,0440234743,0.0
36606,0440235162,0.0
36606,0440236703,0.0
36606,044048474X,0.0
36606,0440998050,0.0
36606,0441569595,0.0
36606,0446360589,0.0
36606,044651862X,8.0
36606,0446527165,5.0
36606,0446527793,7.0
36606,0446531332,0.0
36606,0446601640,0.0
36606,0446604666,0.0
36606,0446605239,10.0
36606,0446606324,0.0
36606,0446606812,0.0
36606,0446607711,0.0
36606,0446610100,0.0
36606,0446610399,8.0
36606,0446610542,0.0
36606,044661064X,0.0
36606,0446611778,0.0
36606,0446611867,0.0
36606,0446670251,0.0
36606,0446672211,0.0
36606,0449003787,0.0
36606,0449003795,0.0
36606,0449212602,9.0
36606,0449219364,0.0
36606,0449219461,0.0
36606,0449221482,0.0
36606,0449221504,0.0
36606,0449223604,0.0
36606,0449223612,0.0
36606,0449227421,5.0
36606,0449907481,5.0
36606,0451137965,0.0
36606,0451167317,0.0
36606,0451202341,0.0
36606,0452281903,10.0
36606,0452282152,0.0
36606,0515133973,0.0
36606,0525947647,0.0
36606,0553263226,0.0
36606,0553279378,5.0
36606,0553279556,0.0
36606,0553279912,0.0
36606,0553280341,0.0
36606,0553282476,0.0
36606,0553284789,0.0
36606,055328942X,0.0
36606,0553569058,5.0
36606,0553569155,0.0
36606,0553582127,0.0
36606,0553582755,0.0
36606,059030271X,0.0
36606,0590353403,10.0
36606,0609804138,0.0
36606,0670030643,0.0
36606,0670892963,0.0
36606,0671004573,0.0
36606,0671027360,0.0
36606,0671038184,0.0
36606,0671042858,0.0
36606,0671443283,0.0
36606,0671510053,0.0
36606,0671617028,0.0
36606,0671683993,0.0
36606,0671695169,0.0
36606,0671727583,0.0
36606,0671867164,0.0
36606,0671867172,0.0
36606,0679429220,0.0
36606,0679433740,0.0
36606,0679457313,0.0
36606,0679457526,0.0
36606,0679731148,5.0
36606,0679736042,0.0
36606,0679772677,0.0
36606,0679781587,5.0
36606,068484477X,0.0
36606,0684848783,0.0
